Workbook

Sheet Sheet1
O3: q0 | P3: 5000 | Q3: STB/d | S3: qw | T3: 0 | U3: STB water/STB
O4: WOR | P4: 0 | Q4: STB Water/STB | S4: s oil | T4: 30 | U4: dyne/cm
O5: GLR | P5: 250 | Q5: scf/STB | S5: g w | T5: 1.074
O6: g g | P6: 0.71 | S6: r w | T6: =T5*62.4 -> 67.0176 | U6: lbm/ft3
O7: Psep | P7: 100 | Q7: psig | S7: m w | T7: 1 | U7: cp
O8: g sep | P8: 0.71 | S8: sw | T8: 72 | U8: dyne/cm
O9: g l | P9: 32 | Q9: 0API | S9: D | T9: =4/12 -> 0.33333333 | U9: ft
O10: GOR | P10: 250 | Q10: scf/STB | S10: Area | T10: =(3.1416/4)*(T9)^2 -> 0.087266667 | U10: ft2
O11: ql | P11: =P3+T3 -> 5000 | Q11: STB/d
O12: qg | P12: =P5*P11 -> 1250000 | Q12: scf/d | W12: Rs | X12: g gd | Y12: slope | CT12: A1 | CU12: 0.3265 | CV12: A2 | CW12: -1.07 | CX12: A3 | CY12: =-0.5339 -> -0.5339 | CZ12: A4 | DA12: =0.01569 -> 0.01569 | DB12: A5 | DC12: =-0.05165 -> -0.05165 | DD12: A6 | DE12: 0.5475 | DF12: A7 | DG12: -0.7361
W13: 1400 | X13: 0.73 | Y13: =SLOPE(X13:X14,W13:W14) -> -0.00011428571 | CT13: A8 | CU13: =0.1844 -> 0.1844 | CV13: A9 | CW13: =0.1056 -> 0.1056 | CX13: A10 | CY13: =0.6134 -> 0.6134 | CZ13: A11 | DA13: 0.721
W14: 0 | X14: 0.89 | AQ14: From DAK | CH14: DL | CI14: 200 | CJ14: ft | CN14: DAK Correlation | EI14: LGE Correlation
CA15: e | CB15: 0.0006 | CC15: (assumed) | EZ15: From Graph
N16: Const. T | P16: Const. T | V16: from fig:3.4 | BS16: For qg=0 or <1 | BT16: For yl >1 | BU16: For GLR=0 | EZ16: GLR=400 | FC16: GLR=0
C17: P (psia) | D17: P (assumed) | E17: P (output) | F17: Err | G17: p(avg) | I17: P (OUTPUT) | K17: P (avg) | L17: T0F (const.) | M17: T0 R (const.) | N17: A | O17: Rs (scf/STB) | P17: F | Q17: B0 (res bbl/STB) | R17: Bg (res ft3/SCF) | S17: ql (res bbl/d) | T17: ql (res ft3/d) | U17: qg (res ft3/d) | V17: γgd | W17: ρ0 (part1) | X17: ρ0 (part 2) | Y17: ρ0 (lb / ft3) | Z17: ρl (part 1) | AA17: ρl (part 2) | AB17: ρl (lbm/ft3) | AC17: C | AD17: B | AE17: A | AF17: m od | AG17: a | AH17: b | AI17: m o (cp) | AJ17: Weight 1 | AK17: Weight 2 | AL17: ml (cp) | AM17: weight 1 | AN17: weight 2 | AO17: s l (dyne/cm) | AQ17: Ppr | AR17: Tpr | AS17: Z | AU17: usl (ft/s) | AV17: usg (ft/s) | AW17: um (ft/s) | AX17: l l | AY17: l g | AZ17: LB | BA17: LB(final) | BB17: Nvl | BC17: Nvg | BD17: ND | BE17: NL | BF17: CNL(1) | BG17: CNL(2) | BH17: CNL | BI17: H(1) | BJ17: H(2) | BK17: H | BL17: y1/(1) | BM17: y1/(2) | BN17: y1/ | BO17: B | BP17: (1) | BQ17: (2) | BR17:  | BS17: yl | BT17: yl | BU17: yl | BV17: m(1) | BW17: m(2) | BX17: m (lbm/d) | BY17: m m | BZ17: Nre | CA17: f(1) | CB17: f(2) | CC17: f(3) | CD17: 1/sqrt(f) | CE17: f | CF17: r(avg) | CG17: fm2/D5rho | CH17: dp/dl | CI17: DP | CJ17: L | CK17: P (psi) | CN17: T (0F) | CO17: T (0R) | CP17: Tc (0R) | CQ17: Pc | CR17: Tpr | CS17: Ppr | CT17: Z | CU17: ρpr | CV17: Part 1 | CW17: Part 2 | CX17: Part 3 | CY17: Part 4 | CZ17: Part 5 | DA17: Z(1) | DB17: Err(1) | DC17: Z | DD17: ρpr | DE17: Part 1 | DF17: Part 2 | DG17: Part 3 | DH17: Part 4 | DI17: Part 5 | DJ17: Z(2) | DK17: Err(2) | DL17: Slope | DM17: Z | DN17: Z | DO17: ρpr | DP17: Part 1 | DQ17: Part 2 | DR17: Part 3 | DS17: Part 4 | DT17: Part 5 | DU17: Z(1) | DV17: Err(1) | DW17: Z | DX17: ρpr | DY17: Part 1 | DZ17: Part 2 | EA17: Part 3 | EB17: Part 4 | EC17: Part 5 | ED17: Z(2) | EE17: Err(2) | EF17: Slope | EG17: Z | EI17: T (0F) | EJ17: T (0R) | EK17: P (psi) | EL17: Tc (0R) | EM17: Pc (psi) | EN17: γg | EO17: MW | EP17: A1 | EQ17: A2 | ER17: A | ES17: B | ET17: C | EU17: ρg (lbm/ft3) | EV17: ρg (g/cm3) | EW17: EXP(Bρgc) | EX17: µg (cp) | EZ17: Pressure | FA17: Depth | FC17: Pressure | FD17: Depth
C18: 314.7 | D18: 314.8 | E18: =CK18 -> 342.91335 | F18: =D18-E18 -> -28.113346 | G18: =AVERAGE(C18,D18) -> 314.75 | I18: =Sheet10!K18 -> 328.59637 | K18: =G18 -> 314.75 | L18: 220 | M18: =460+L18 -> 680 | N18: =$P$9/($L$18+460) -> 0.047058824 | O18: =(($P$8*K18^1.187)/56.06)*10^(10.393*$N$18) -> 36.039017 | P18: =($L$18-60)*($P$9/$P$8) -> 7211.2676 | Q18: =1+(4.67*10^-4*O18)+(0.11*10^-4*$P$18)+(0.1337*10^-8*O18*$P$18) -> 1.0965016 | R18: =0.0283*AS18*($M$18)/K18 -> 0.059690383 | S18: =$P$3*($P$4+Q18) -> 5482.5082 | T18: =S18*5.615 -> 30784.283 | U18: =IF($P$5>0,R18*($P$10-O18)*$P$3,0) -> 63857.065 | V18: =$X$14+$Y$13*(O18-$W$14) -> 0.88588126 | W18: =(8830/(131.5+$P$9)) -> 54.006116 | X18: =0.01361*V18*O18 -> 0.43451681 | Y18: =(W18+X18)/Q18 -> 49.649386 | Z18: =($T$6*$P$4)+(Q18*Y18) -> 54.440633 | AA18: =$P$4+Q18 -> 1.0965016 | AB18: =Z18/AA18 -> 49.649386 | AC18: =3.0324-0.02023*$P$9 -> 2.38504 | AD18: =10^$AC$18 -> 242.68336 | AE18: =$AD$18*$L$18^-1.163 -> 0.45793351 | AF18: =10^$AE$18-1 -> 1.8703411 | AG18: =10.715*(O18+100)^-0.515 -> 0.85340558 | AH18: =5.44*(O18+150)^-0.338 -> 0.92997813 | AI18: =AG18*$AF$18^AH18 -> 1.5276923 | AJ18: =(($P$4*$T$6)/($P$4*$T$6+Q18*Y18))*$T$7 -> 0 | AK18: =((Q18*Y18)/($P$4*$T$6+Q18*Y18))*AI18 -> 1.5276923 | AL18: =AJ18+AK18 -> 1.5276923 | AM18: =(($P$4*$T$6)/($P$4*$T$6+Q18*Y18))*$T$8 -> 0 | AN18: =((Q18*Y18)/($P$4*$T$6+Q18*Y18))*$T$4 -> 30 | AO18: =AM18+AN18 -> 30 | AQ18: =CS18 -> 0.47188906 | AR18: =CR18 -> 1.8181818 | AS18: =EG18 -> 0.97628081 | AU18: =(T18)*(1/86400)/$T$10 -> 4.0828828 | AV18: =(U18)*(1/86400)/$T$10 -> 8.4692864 | AW18: =AU18+AV18 -> 12.552169 | AX18: =AU18/AW18 -> 0.32527309 | AY18: =1-AX18 -> 0.67472691 | AZ18: =1.071-(0.2218*((AW18^2)/($T$9))) -> -103.7674 | BA18: =IF(AZ18<0.13,0.13,AZ18) -> 0.13 | BB18: =1.938*AU18*(AB18/AO18)^(1/4) -> 8.9746774 | BC18: =1.938*AV18*(AB18/AO18)^(1/4) -> 18.616531 | BD18: =120.872*$T$9*SQRT(AB18/AO18) -> 51.832334 | BE18: =0.15726*AL18*(1/(AB18*AO18^3))^(1/4) -> 0.0070604885 | BF18: =0.0019+0.0322*BE18-0.6642*BE18^2+4.9951*BE18^3 -> 0.0020959951 | BG18: =1-10.0147*BE18+33.8696*BE18^2+277.2817*BE18^3 -> 0.93107734 | BH18: =BF18/BG18 -> 0.0022511504 | BI18: =BB18*($K$18^0.1)*BH18 -> 0.035910375 | BJ18: =(BC18^0.575)*(14.7^0.1)*BD18 -> 364.35462 | BK18: =BI18/BJ18 -> 9.8558856e-05 | BL18: =(0.0047+1123.32*BK18+729489.64*BK18^2) -> 0.12249929 | BM18: =(1+1097.1566*BK18+722153.97*BK18^2) -> 1.1151494 | BN18: =SQRT(BL18/BM18) -> 0.33143644 | BO18: =(BC18*BE18^0.38)/BD18^2.14 -> 0.00060703022 | BP18: =1.0886-69.9473*BO18+2334.3497*BO18^2-12896.683*BO18^3 -> 1.0469972 | BQ18: =1-53.4401*BO18+1517.9369*BO18^2-8419.8115*BO18^3 -> 0.9681177 | BR18: =BP18/BQ18 -> 1.0814771 | BS18: =IF(U18<=0,1,(BN18*BR18)) -> 0.35844093 | BT18: =IF(U18>1,BN18*BR18,1) -> 0.35844093 | BU18: =IF($P$5=0,1,BT18) -> 0.35844093 | BV18: =AB18*AU18 -> 202.71263 | BW18: =EU18*AV18 -> 7.0418839 | BX18: =$T$10*(BV18+BW18)*86400 -> 1581515.4 | BY18: =(AL18^BS18)*EX18^(1-BS18) -> 0.075031752 | BZ18: =2.2*10^-2*BX18/BY18/$T$9 -> 1391144.6 | CA18: =$CB$15/3.7065 -> 0.00016187778 | CB18: =5.0452/BZ18 -> 3.6266538e-06 | CC18: =LOG(($CB$15^1.1098/2.8257)+(7.149/BZ18)^0.8981) -> -3.9515349 | CD18: =-4*LOG(CA18-(CB18*CC18)) -> 15.015891 | CE18: =1/CD18^2 -> 0.0044350423 | CF18: =BS18*AB18+(1-BS18)*EU18 -> 18.329804 | CG18: =CE18*BX18^2/($T$9)^5/CF18 -> 1.4705951e+11 | CH18: =(1/144)*(CF18+(CG18/74130000000)) -> 0.14106673 | CI18: =CH18*$CI$14 -> 28.213346 | CJ18: 200 | CK18: =C18+CI18 -> 342.91335 | CN18: =L18 -> 220 | CO18: =CN18+460 -> 680 | CP18: 374 | CQ18: 667 | CR18: =CO18/CP18 -> 1.8181818 | CS18: =K18/$CQ$18 -> 0.47188906 | CT18: 0.8 | CU18: =0.27*CS18/CT18/$CR$18 -> 0.087594406 | CV18: =($CU$12+$CW$12/$CR$18+$CY$12/$CR$18^3+$DA$12/$CR$18^4+$DC$12/$CR$18^5)*CU18 -> -0.030832473 | CW18: =($DE$12+$DG$12/$CR$18+$CU$13/$CR$18^2)*CU18^2 -> 0.001522479 | CX18: =$CW$13*($DG$12/$CR$18+$CU$13/$CR$18^2)*CU18^5 -> -1.9009175e-07 | CY18: =$CY$13*(1+$DA$13*CU18^2)*(CU18^2/$CR$18^3) -> 0.00078737299 | CZ18: =EXP(-$DA$13*CU18^2) -> 0.9944832 | DA18: =1+CV18+CW18-CX18+CY18*CZ18 -> 0.97147323 | DB18: =DA18-CT18 -> 0.17147323 | DC18: 0.85 | DD18: =0.27*CS18/DC18/$CR$18 -> 0.082441794 | DE18: =($CU$12+$CW$12/$CR$18+$CY$12/$CR$18^3+$DA$12/$CR$18^4+$DC$12/$CR$18^5)*DD18 -> -0.029018798 | DF18: =($DE$12+$DG$12/$CR$18+$CU$13/$CR$18^2)*DD18^2 -> 0.0013486319 | DG18: =$CW$13*($DG$12/$CR$18+$CU$13/$CR$18^2)*DD18^5 -> -1.4038431e-07 | DH18: =$CY$13*(1+$DA$13*DD18^2)*DD18^2/$CR$18^3 -> 0.00069702719 | DI18: =EXP(-$DA$13*DD18^2) -> 0.9951116 | DJ18: =1+DE18+DF18-DG18+DH18*DI18 -> 0.97302359 | DK18: =DJ18-DC18 -> 0.12302359 | DL18: =(DK18-DB18)/(DC18-CT18) -> -0.96899263 | DM18: =CT18-DB18/DL18 -> 0.9769603 | DN18: =DC18 -> 0.85 | DO18: =0.27*CS18/DN18/$CR$18 -> 0.082441794 | DP18: =($CU$12+$CW$12/$CR$18+$CY$12/$CR$18^3+$DA$12/$CR$18^4+$DC$12/$CR$18^5)*DO18 -> -0.029018798 | DQ18: =($DE$12+$DG$12/$CR$18+$CU$13/$CR$18^2)*DO18^2 -> 0.0013486319 | DR18: =$CW$13*($DG$12/$CR$18+$CU$13/$CR$18^2)*DO18^5 -> -1.4038431e-07 | DS18: =$CY$13*(1+$DA$13*DO18^2)*(DO18^2/$CR$18^3) -> 0.00069702719 | DT18: =EXP(-$DA$13*DO18^2) -> 0.9951116 | DU18: =1+DP18+DQ18-DR18+DS18*DT18 -> 0.97302359 | DV18: =DU18-DN18 -> 0.12302359 | DW18: =DM18 -> 0.9769603 | DX18: =0.27*CS18/DW18/$CR$18 -> 0.071728119 | DY18: =($CU$12+$CW$12/$CR$18+$CY$12/$CR$18^3+$DA$12/$CR$18^4+$DC$12/$CR$18^5)*DX18 -> -0.025247677 | DZ18: =($DE$12+$DG$12/$CR$18+$CU$13/$CR$18^2)*DX18^2 -> 0.0010208865 | EA18: =$CW$13*($DG$12/$CR$18+$CU$13/$CR$18^2)*DX18^5 -> -6.9988814e-08 | EB18: =$CY$13*(1+$DA$13*DX18^2)*DX18^2/$CR$18^3 -> 0.00052700988 | EC18: =EXP(-$DA$13*DX18^2) -> 0.99629738 | ED18: =1+DY18+DZ18-EA18+EB18*EC18 -> 0.97629834 | EE18: =ED18-DW18 -> -0.00066196186 | EF18: =(EE18-DV18)/(DW18-DN18) -> -0.97420655 | EG18: =DN18-DV18/EF18 -> 0.97628081 | EI18: =L18 -> 220 | EJ18: =460+EI18 -> 680 | EK18: =K18 -> 314.75 | EL18: =CP18 -> 374 | EM18: =CQ18 -> 667 | EN18: 0.65 | EO18: =28.97*$EN$18 -> 18.8305 | EP18: =((9.379+0.01607*$EO$18)*$EJ$18^1.5) -> 171676.47 | EQ18: =209.2+19.26*EO18+EJ18 -> 1251.8754 | ER18: =EP18/EQ18 -> 137.13543 | ES18: =3.448+(986.4/EJ18)+0.01009*EO18 -> 5.088588 | ET18: =2.447-0.2224*ES18 -> 1.315298 | EU18: =(EK18*$EO$18)/(DM18*10.73*$EJ$18) -> 0.8314613 | EV18: =EU18/67.0176 -> 0.012406611 | EW18: =EXP($ES$18*EV18^$ET$18) -> 1.0159449 | EX18: =$ER$18*10^-4*EW18 -> 0.013932204 | EZ18: 84.5 | FA18: 38.9 | FC18: 108.5 | FD18: 20.1
C19: =E18 -> 342.91335 | D19: 314.9 | E19: =CK19 -> 371.46297 | F19: =D19-E19 -> -56.562967 | G19: =AVERAGE(C19,D19) -> 328.90667 | I19: =Sheet10!K19 -> 357.86415 | K19: =G19 -> 328.90667 | O19: =(($P$8*K19^1.187)/56.06)*10^(10.393*$N$18) -> 37.971074 | Q19: =1+(4.67*10^-4*O19)+(0.11*10^-4*$P$18)+(0.1337*10^-8*O19*$P$18) -> 1.0974225 | R19: =0.0283*AS19*($M$18)/K19 -> 0.057061645 | S19: =$P$3*($P$4+Q19) -> 5487.1127 | T19: =S19*5.615 -> 30810.138 | U19: =IF($P$5>0,R19*($P$10-O19)*$P$3,0) -> 60493.596 | V19: =$X$14+$Y$13*(O19-$W$14) -> 0.88566045 | W19: =(8830/(131.5+$P$9)) -> 54.006116 | X19: =0.01361*V19*O19 -> 0.45769721 | Y19: =(W19+X19)/Q19 -> 49.628846 | Z19: =($P$4*$T$6)+(Q19*Y19) -> 54.463813 | AA19: =$P$4+Q19 -> 1.0974225 | AB19: =Z19/AA19 -> 49.628846 | AG19: =10.715*(O19+100)^-0.515 -> 0.84723001 | AH19: =5.44*(O19+150)^-0.338 -> 0.92673621 | AI19: =AG19*$AF$18^AH19 -> 1.5135619 | AJ19: =(($P$4*$T$6)/($P$4*$T$6+Q19*Y19))*$T$7 -> 0 | AK19: =((Q19*Y19)/($P$4*$T$6+Q19*Y19))*AI19 -> 1.5135619 | AL19: =AJ19+AK19 -> 1.5135619 | AM19: =(($P$4*$T$6)/($P$4*$T$6+Q19*Y19))*$T$8 -> 0 | AN19: =((Q19*Y19)/($P$4*$T$6+Q19*Y19))*$T$4 -> 30 | AO19: =AM19+AN19 -> 30 | AQ19: =CS19 -> 0.49311345 | AS19: =EG19 -> 0.97526272 | AU19: =(T19)*(1/86400)/$T$10 -> 4.0863119 | AV19: =(U19)*(1/86400)/$T$10 -> 8.0231936 | AW19: =AU19+AV19 -> 12.109505 | AX19: =AU19/AW19 -> 0.33744663 | AY19: =1-AX19 -> 0.66255337 | AZ19: =1.071-(0.2218*((AW19^2)/($T$9))) -> -96.503338 | BA19: =IF(AZ19<0.13,0.13,AZ19) -> 0.13 | BB19: =1.938*AU19*(AB19/AO19)^(1/4) -> 8.9812857 | BC19: =1.938*AV19*(AB19/AO19)^(1/4) -> 17.63414 | BD19: =120.872*$T$9*SQRT(AB19/AO19) -> 51.821611 | BE19: =0.15726*AL19*(1/(AB19*AO19^3))^(1/4) -> 0.0069959063 | BF19: =0.0019+0.0322*BE19-0.6642*BE19^2+4.9951*BE19^3 -> 0.0020944708 | BG19: =1-10.0147*BE19+33.8696*BE19^2+277.2817*BE19^3 -> 0.93169071 | BH19: =BF19/BG19 -> 0.0022480322 | BI19: =BB19*($K$18^0.1)*BH19 -> 0.035887038 | BJ19: =(BC19^0.575)*(14.7^0.1)*BD19 -> 353.09889 | BK19: =BI19/BJ19 -> 0.00010163453 | BL19: =(0.0047+1123.32*BK19+729489.64*BK19^2) -> 0.12640341 | BM19: =(1+1097.1566*BK19+722153.97*BK19^2) -> 1.1189685 | BN19: =SQRT(BL19/BM19) -> 0.33610151 | BO19: =(BC19*BE19^0.38)/BD19^2.14 -> 0.0005732468 | BP19: =1.0886-69.9473*BO19+2334.3497*BO19^2-12896.683*BO19^3 -> 1.0492676 | BQ19: =1-53.4401*BO19+1517.9369*BO19^2-8419.8115*BO19^3 -> 0.96986286 | BR19: =BP19/BQ19 -> 1.0818721 | BS19: =IF(U19<=0,1,(BN19*BR19)) -> 0.36361886 | BT19: =IF(U19>1,BN19*BR19,1) -> 0.36361886 | BU19: =IF($P$5=0,1,BT19) -> 0.36361886 | BV19: =AB19*AU19 -> 202.79894 | BW19: =EU19*AV19 -> 6.9781901 | BX19: =$T$10*(BV19+BW19)*86400 -> 1581686 | BY19: =(AL19^BS19)*EX19^(1-BS19) -> 0.076666815 | BZ19: =2.2*10^-2*BX19/BY19/$T$9 -> 1361622.7 | CA19: =$CB$15/3.7065 -> 0.00016187778 | CB19: =5.0452/BZ19 -> 3.7052849e-06 | CC19: =LOG(($CB$15^1.1098/2.8257)+(7.149/BZ19)^0.8981) -> -3.9501939 | CD19: =-4*LOG(CA19-(CB19*CC19)) -> 15.01288 | CE19: =1/CD19^2 -> 0.0044368219 | CF19: =BS19*AB19+(1-BS19)*EU19 -> 18.599478 | CG19: =CE19*BX19^2/($T$9)^5/CF19 -> 1.4501671e+11 | CH19: =(1/144)*(CF19+(CG19/74130000000)) -> 0.1427481 | CI19: =CH19*$CI$14 -> 28.54962 | CJ19: =CJ18+200 -> 400 | CK19: =C19+CI19 -> 371.46297 | CS19: =K19/$CQ$18 -> 0.49311345 | CT19: 0.8 | CU19: =0.27*CS19/CT19/$CR$18 -> 0.091534185 | CV19: =($CU$12+$CW$12/$CR$18+$CY$12/$CR$18^3+$DA$12/$CR$18^4+$DC$12/$CR$18^5)*CU19 -> -0.032219241 | CW19: =($DE$12+$DG$12/$CR$18+$CU$13/$CR$18^2)*CU19^2 -> 0.0016625136 | CX19: =$CW$13*($DG$12/$CR$18+$CU$13/$CR$18^2)*CU19^5 -> -2.3686343e-07 | CY19: =$CY$13*(1+$DA$13*CU19^2)*(CU19^2/$CR$18^3) -> 0.00086022907 | CZ19: =EXP(-$DA$13*CU19^2) -> 0.99397731 | DA19: =1+CV19+CW19-CX19+CY19*CZ19 -> 0.97029856 | DB19: =DA19-CT19 -> 0.17029856 | DC19: 0.85 | DD19: =0.27*CS19/DC19/$CR$18 -> 0.086149821 | DE19: =($CU$12+$CW$12/$CR$18+$CY$12/$CR$18^3+$DA$12/$CR$18^4+$DC$12/$CR$18^5)*DD19 -> -0.030323991 | DF19: =($DE$12+$DG$12/$CR$18+$CU$13/$CR$18^2)*DD19^2 -> 0.0014726764 | DG19: =$CW$13*($DG$12/$CR$18+$CU$13/$CR$18^2)*DD19^5 -> -1.7492558e-07 | DH19: =$CY$13*(1+$DA$13*DD19^2)*DD19^2/$CR$18^3 -> 0.00076147975 | DI19: =EXP(-$DA$13*DD19^2) -> 0.99466318 | DJ19: =1+DE19+DF19-DG19+DH19*DI19 -> 0.97190628 | DK19: =DJ19-DC19 -> 0.12190628 | DL19: =(DK19-DB19)/(DC19-CT19) -> -0.96784564 | DM19: =CT19-DB19/DL19 -> 0.97595632 | DN19: =DC19 -> 0.85 | DO19: =0.27*CS19/DN19/$CR$18 -> 0.086149821 | DP19: =($CU$12+$CW$12/$CR$18+$CY$12/$CR$18^3+$DA$12/$CR$18^4+$DC$12/$CR$18^5)*DO19 -> -0.030323991 | DQ19: =($DE$12+$DG$12/$CR$18+$CU$13/$CR$18^2)*DO19^2 -> 0.0014726764 | DR19: =$CW$13*($DG$12/$CR$18+$CU$13/$CR$18^2)*DO19^5 -> -1.7492558e-07 | DS19: =$CY$13*(1+$DA$13*DO19^2)*(DO19^2/$CR$18^3) -> 0.00076147975 | DT19: =EXP(-$DA$13*DO19^2) -> 0.99466318 | DU19: =1+DP19+DQ19-DR19+DS19*DT19 -> 0.97190628 | DV19: =DU19-DN19 -> 0.12190628 | DW19: =DM19 -> 0.97595632 | DX19: =0.27*CS19/DW19/$CR$18 -> 0.075031378 | DY19: =($CU$12+$CW$12/$CR$18+$CY$12/$CR$18^3+$DA$12/$CR$18^4+$DC$12/$CR$18^5)*DX19 -> -0.026410396 | DZ19: =($DE$12+$DG$12/$CR$18+$CU$13/$CR$18^2)*DX19^2 -> 0.0011170804 | EA19: =$CW$13*($DG$12/$CR$18+$CU$13/$CR$18^2)*DX19^5 -> -8.7658904e-08 | EB19: =$CY$13*(1+$DA$13*DX19^2)*DX19^2/$CR$18^3 -> 0.00057686864 | EC19: =EXP(-$DA$13*DX19^2) -> 0.99594921 | ED19: =1+DY19+DZ19-EA19+EB19*EC19 -> 0.9752813 | EE19: =ED19-DW19 -> -0.00067501665 | EF19: =(EE19-DV19)/(DW19-DN19) -> -0.97320477 | EG19: =DN19-DV19/EF19 -> 0.97526272 | EK19: =K19 -> 328.90667 | EU19: =(EK19*$EO$18)/(DM19*10.73*$EJ$18) -> 0.86975217 | EV19: =EU19/67.0176 -> 0.012977967 | EW19: =EXP($ES$18*EV19^$ET$18) -> 1.0169259 | EX19: =$ER$18*10^-4*EW19 -> 0.013945657 | EZ19: 190.6 | FA19: 803.1 | FC19: 240 | FD19: 366
C20: =E19 -> 371.46297 | D20: 315 | E20: =CK20 -> 400.34707 | F20: =D20-E20 -> -85.347072 | G20: =AVERAGE(C20,D20) -> 343.23148 | I20: =Sheet10!K20 -> 387.79841 | K20: =G20 -> 343.23148 | O20: =(($P$8*K20^1.187)/56.06)*10^(10.393*$N$18) -> 39.941973 | Q20: =1+(4.67*10^-4*O20)+(0.11*10^-4*$P$18)+(0.1337*10^-8*O20*$P$18) -> 1.0983619 | R20: =0.0283*AS20*($M$18)/K20 -> 0.054622672 | S20: =$P$3*($P$4+Q20) -> 5491.8097 | T20: =S20*5.615 -> 30836.512 | U20: =IF($P$5>0,R20*($P$10-O20)*$P$3,0) -> 57369.653 | V20: =$X$14+$Y$13*(O20-$W$14) -> 0.8854352 | W20: =(8830/(131.5+$P$9)) -> 54.006116 | X20: =0.01361*V20*O20 -> 0.48133166 | Y20: =(W20+X20)/Q20 -> 49.607917 | Z20: =($P$4*$T$6)+(Q20*Y20) -> 54.487448 | AA20: =$P$4+Q20 -> 1.0983619 | AB20: =Z20/AA20 -> 49.607917 | AG20: =10.715*(O20+100)^-0.515 -> 0.84106383 | AH20: =5.44*(O20+150)^-0.338 -> 0.92347474 | AI20: =AG20*$AF$18^AH20 -> 1.499481 | AJ20: =(($P$4*$T$6)/($P$4*$T$6+Q20*Y20))*$T$7 -> 0 | AK20: =((Q20*Y20)/($P$4*$T$6+Q20*Y20))*AI20 -> 1.499481 | AL20: =AJ20+AK20 -> 1.499481 | AM20: =(($P$4*$T$6)/($P$4*$T$6+Q20*Y20))*$T$8 -> 0 | AN20: =((Q20*Y20)/($P$4*$T$6+Q20*Y20))*$T$4 -> 30 | AO20: =AM20+AN20 -> 30 | AQ20: =CS20 -> 0.51458993 | AS20: =EG20 -> 0.9742372 | AU20: =(T20)*(1/86400)/$T$10 -> 4.0898098 | AV20: =(U20)*(1/86400)/$T$10 -> 7.6088688 | AW20: =AU20+AV20 -> 11.698679 | AX20: =AU20/AW20 -> 0.34959588 | AY20: =1-AX20 -> 0.65040412 | AZ20: =1.071-(0.2218*((AW20^2)/($T$9))) -> -89.995033 | BA20: =IF(AZ20<0.13,0.13,AZ20) -> 0.13 | BB20: =1.938*AU20*(AB20/AO20)^(1/4) -> 8.988026 | BC20: =1.938*AV20*(AB20/AO20)^(1/4) -> 16.721734 | BD20: =120.872*$T$9*SQRT(AB20/AO20) -> 51.810683 | BE20: =0.15726*AL20*(1/(AB20*AO20^3))^(1/4) -> 0.0069315529 | BF20: =0.0019+0.0322*BE20-0.6642*BE20^2+4.9951*BE20^3 -> 0.0020929471 | BG20: =1-10.0147*BE20+33.8696*BE20^2+277.2817*BE20^3 -> 0.93230223 | BH20: =BF20/BG20 -> 0.0022449234 | BI20: =BB20*($K$18^0.1)*BH20 -> 0.035864305 | BJ20: =(BC20^0.575)*(14.7^0.1)*BD20 -> 342.40319 | BK20: =BI20/BJ20 -> 0.00010474291 | BL20: =(0.0047+1123.32*BK20+729489.64*BK20^2) -> 0.13036309 | BM20: =(1+1097.1566*BK20+722153.97*BK20^2) -> 1.1228422 | BN20: =SQRT(BL20/BM20) -> 0.34073595 | BO20: =(BC20*BE20^0.38)/BD20^2.14 -> 0.00054192547 | BP20: =1.0886-69.9473*BO20+2334.3497*BO20^2-12896.683*BO20^3 -> 1.0513773 | BQ20: =1-53.4401*BO20+1517.9369*BO20^2-8419.8115*BO20^3 -> 0.9714839 | BR20: =BP20/BQ20 -> 1.0822385 | BS20: =IF(U20<=0,1,(BN20*BR20)) -> 0.36875757 | BT20: =IF(U20>1,BN20*BR20,1) -> 0.36875757 | BU20: =IF($P$5=0,1,BT20) -> 0.36875757 | BV20: =AB20*AU20 -> 202.88694 | BW20: =EU20*AV20 -> 6.9132268 | BX20: =$T$10*(BV20+BW20)*86400 -> 1581859.7 | BY20: =(AL20^BS20)*EX20^(1-BS20) -> 0.078314599 | BZ20: =2.2*10^-2*BX20/BY20/$T$9 -> 1333119.8 | CA20: =$CB$15/3.7065 -> 0.00016187778 | CB20: =5.0452/BZ20 -> 3.7845061e-06 | CC20: =LOG(($CB$15^1.1098/2.8257)+(7.149/BZ20)^0.8981) -> -3.94885 | CD20: =-4*LOG(CA20-(CB20*CC20)) -> 15.009853 | CE20: =1/CD20^2 -> 0.0044386116 | CF20: =BS20*AB20+(1-BS20)*EU20 -> 18.866826 | CG20: =CE20*BX20^2/($T$9)^5/CF20 -> 1.4305088e+11 | CH20: =(1/144)*(CF20+(CG20/74130000000)) -> 0.14442052 | CI20: =CH20*$CI$14 -> 28.884105 | CJ20: =CJ19+200 -> 600 | CK20: =C20+CI20 -> 400.34707 | CS20: =K20/$CQ$18 -> 0.51458993 | CT20: 0.8 | CU20: =0.27*CS20/CT20/$CR$18 -> 0.095520756 | CV20: =($CU$12+$CW$12/$CR$18+$CY$12/$CR$18^3+$DA$12/$CR$18^4+$DC$12/$CR$18^5)*CU20 -> -0.033622479 | CW20: =($DE$12+$DG$12/$CR$18+$CU$13/$CR$18^2)*CU20^2 -> 0.0018104814 | CX20: =$CW$13*($DG$12/$CR$18+$CU$13/$CR$18^2)*CU20^5 -> -2.9313668e-07 | CY20: =$CY$13*(1+$DA$13*CU20^2)*(CU20^2/$CR$18^3) -> 0.00093729223 | CZ20: =EXP(-$DA$13*CU20^2) -> 0.99344303 | DA20: =1+CV20+CW20-CX20+CY20*CZ20 -> 0.96911944 | DB20: =DA20-CT20 -> 0.16911944 | DC20: 0.85 | DD20: =0.27*CS20/DC20/$CR$18 -> 0.089901888 | DE20: =($CU$12+$CW$12/$CR$18+$CY$12/$CR$18^3+$DA$12/$CR$18^4+$DC$12/$CR$18^5)*DD20 -> -0.031644686 | DF20: =($DE$12+$DG$12/$CR$18+$CU$13/$CR$18^2)*DD20^2 -> 0.0016037483 | DG20: =$CW$13*($DG$12/$CR$18+$CU$13/$CR$18^2)*DD20^5 -> -2.1648384e-07 | DH20: =$CY$13*(1+$DA$13*DD20^2)*DD20^2/$CR$18^3 -> 0.00082964617 | DI20: =EXP(-$DA$13*DD20^2) -> 0.99418957 | DJ20: =1+DE20+DF20-DG20+DH20*DI20 -> 0.9707841 | DK20: =DJ20-DC20 -> 0.1207841 | DL20: =(DK20-DB20)/(DC20-CT20) -> -0.96670676 | DM20: =CT20-DB20/DL20 -> 0.97494389 | DN20: =DC20 -> 0.85 | DO20: =0.27*CS20/DN20/$CR$18 -> 0.089901888 | DP20: =($CU$12+$CW$12/$CR$18+$CY$12/$CR$18^3+$DA$12/$CR$18^4+$DC$12/$CR$18^5)*DO20 -> -0.031644686 | DQ20: =($DE$12+$DG$12/$CR$18+$CU$13/$CR$18^2)*DO20^2 -> 0.0016037483 | DR20: =$CW$13*($DG$12/$CR$18+$CU$13/$CR$18^2)*DO20^5 -> -2.1648384e-07 | DS20: =$CY$13*(1+$DA$13*DO20^2)*(DO20^2/$CR$18^3) -> 0.00082964617 | DT20: =EXP(-$DA$13*DO20^2) -> 0.99418957 | DU20: =1+DP20+DQ20-DR20+DS20*DT20 -> 0.9707841 | DV20: =DU20-DN20 -> 0.1207841 | DW20: =DM20 -> 0.97494389 | DX20: =0.27*CS20/DW20/$CR$18 -> 0.078380515 | DY20: =($CU$12+$CW$12/$CR$18+$CY$12/$CR$18^3+$DA$12/$CR$18^4+$DC$12/$CR$18^5)*DX20 -> -0.027589263 | DZ20: =($DE$12+$DG$12/$CR$18+$CU$13/$CR$18^2)*DX20^2 -> 0.0012190312 | EA20: =$CW$13*($DG$12/$CR$18+$CU$13/$CR$18^2)*DX20^5 -> -1.0904908e-07 | EB20: =$CY$13*(1+$DA$13*DX20^2)*DX20^2/$CR$18^3 -> 0.00062974904 | EC20: =EXP(-$DA$13*DX20^2) -> 0.99558033 | ED20: =1+DY20+DZ20-EA20+EB20*EC20 -> 0.97425684 | EE20: =ED20-DW20 -> -0.00068704846 | EF20: =(EE20-DV20)/(DW20-DN20) -> -0.97220561 | EG20: =DN20-DV20/EF20 -> 0.9742372 | EK20: =K20 -> 343.23148 | EU20: =(EK20*$EO$18)/(DM20*10.73*$EJ$18) -> 0.90857485 | EV20: =EU20/67.0176 -> 0.013557257 | EW20: =EXP($ES$18*EV20^$ET$18) -> 1.0179355 | EX20: =$ER$18*10^-4*EW20 -> 0.013959501 | EZ20: 260.6 | FA20: 1509.8 | FC20: 491 | FD20: 1000.3
C21: =E20 -> 400.34707 | D21: 315.1 | E21: =CK21 -> 429.56417 | F21: =D21-E21 -> -114.46417 | G21: =AVERAGE(C21,D21) -> 357.72354 | I21: =Sheet10!K21 -> 418.39644 | K21: =G21 -> 357.72354 | O21: =(($P$8*K21^1.187)/56.06)*10^(10.393*$N$18) -> 41.951598 | Q21: =1+(4.67*10^-4*O21)+(0.11*10^-4*$P$18)+(0.1337*10^-8*O21*$P$18) -> 1.0993198 | R21: =0.0283*AS21*($M$18)/K21 -> 0.052354252 | S21: =$P$3*($P$4+Q21) -> 5496.5991 | T21: =S21*5.615 -> 30863.404 | U21: =IF($P$5>0,R21*($P$10-O21)*$P$3,0) -> 54461.092 | V21: =$X$14+$Y$13*(O21-$W$14) -> 0.88520553 | W21: =(8830/(131.5+$P$9)) -> 54.006116 | X21: =0.01361*V21*O21 -> 0.50541806 | Y21: =(W21+X21)/Q21 -> 49.586602 | Z21: =($P$4*$T$6)+(Q21*Y21) -> 54.511534 | AA21: =$P$4+Q21 -> 1.0993198 | AB21: =Z21/AA21 -> 49.586602 | AG21: =10.715*(O21+100)^-0.515 -> 0.83491051 | AH21: =5.44*(O21+150)^-0.338 -> 0.92019548 | AI21: =AG21*$AF$18^AH21 -> 1.4854575 | AJ21: =(($P$4*$T$6)/($P$4*$T$6+Q21*Y21))*$T$7 -> 0 | AK21: =((Q21*Y21)/($P$4*$T$6+Q21*Y21))*AI21 -> 1.4854575 | AL21: =AJ21+AK21 -> 1.4854575 | AM21: =(($P$4*$T$6)/($P$4*$T$6+Q21*Y21))*$T$8 -> 0 | AN21: =((Q21*Y21)/($P$4*$T$6+Q21*Y21))*$T$4 -> 30 | AO21: =AM21+AN21 -> 30 | AQ21: =CS21 -> 0.53631715 | AS21: =EG21 -> 0.97320454 | AU21: =(T21)*(1/86400)/$T$10 -> 4.0933765 | AV21: =(U21)*(1/86400)/$T$10 -> 7.2231098 | AW21: =AU21+AV21 -> 11.316486 | AX21: =AU21/AW21 -> 0.36171797 | AY21: =1-AX21 -> 0.63828203 | AZ21: =1.071-(0.2218*((AW21^2)/($T$9))) -> -84.142029 | BA21: =IF(AZ21<0.13,0.13,AZ21) -> 0.13 | BB21: =1.938*AU21*(AB21/AO21)^(1/4) -> 8.9948979 | BC21: =1.938*AV21*(AB21/AO21)^(1/4) -> 15.87226 | BD21: =120.872*$T$9*SQRT(AB21/AO21) -> 51.799552 | BE21: =0.15726*AL21*(1/(AB21*AO21^3))^(1/4) -> 0.0068674653 | BF21: =0.0019+0.0322*BE21-0.6642*BE21^2+4.9951*BE21^3 -> 0.0020914252 | BG21: =1-10.0147*BE21+33.8696*BE21^2+277.2817*BE21^3 -> 0.93291156 | BH21: =BF21/BG21 -> 0.0022418257 | BI21: =BB21*($K$18^0.1)*BH21 -> 0.0358422 | BJ21: =(BC21^0.575)*(14.7^0.1)*BD21 -> 332.21943 | BK21: =BI21/BJ21 -> 0.00010788713 | BL21: =(0.0047+1123.32*BK21+729489.64*BK21^2) -> 0.13438276 | BM21: =(1+1097.1566*BK21+722153.97*BK21^2) -> 1.1267747 | BN21: =SQRT(BL21/BM21) -> 0.34534506 | BO21: =(BC21*BE21^0.38)/BD21^2.14 -> 0.00051281862 | BP21: =1.0886-69.9473*BO21+2334.3497*BO21^2-12896.683*BO21^3 -> 1.0533419 | BQ21: =1-53.4401*BO21+1517.9369*BO21^2-8419.8115*BO21^3 -> 0.97299298 | BR21: =BP21/BQ21 -> 1.0825791 | BS21: =IF(U21<=0,1,(BN21*BR21)) -> 0.37386334 | BT21: =IF(U21>1,BN21*BR21,1) -> 0.37386334 | BU21: =IF($P$5=0,1,BT21) -> 0.37386334 | BV21: =AB21*AU21 -> 202.97663 | BW21: =EU21*AV21 -> 6.846998 | BX21: =$T$10*(BV21+BW21)*86400 -> 1582036.6 | BY21: =(AL21^BS21)*EX21^(1-BS21) -> 0.079976896 | BZ21: =2.2*10^-2*BX21/BY21/$T$9 -> 1305557.2 | CA21: =$CB$15/3.7065 -> 0.00016187778 | CB21: =5.0452/BZ21 -> 3.8644036e-06 | CC21: =LOG(($CB$15^1.1098/2.8257)+(7.149/BZ21)^0.8981) -> -3.9475017 | CD21: =-4*LOG(CA21-(CB21*CC21)) -> 15.006807 | CE21: =1/CD21^2 -> 0.0044404135 | CF21: =BS21*AB21+(1-BS21)*EU21 -> 19.132146 | CG21: =CE21*BX21^2/($T$9)^5/CF21 -> 1.411559e+11 | CH21: =(1/144)*(CF21+(CG21/74130000000)) -> 0.14608551 | CI21: =CH21*$CI$14 -> 29.217102 | CJ21: =CJ20+200 -> 800 | CK21: =C21+CI21 -> 429.56417 | CS21: =K21/$CQ$18 -> 0.53631715 | CT21: 0.8 | CU21: =0.27*CS21/CT21/$CR$18 -> 0.09955387 | CV21: =($CU$12+$CW$12/$CR$18+$CY$12/$CR$18^3+$DA$12/$CR$18^4+$DC$12/$CR$18^5)*CU21 -> -0.0350421 | CW21: =($DE$12+$DG$12/$CR$18+$CU$13/$CR$18^2)*CU21^2 -> 0.0019665947 | CX21: =$CW$13*($DG$12/$CR$18+$CU$13/$CR$18^2)*CU21^5 -> -3.6047252e-07 | CY21: =$CY$13*(1+$DA$13*CU21^2)*(CU21^2/$CR$18^3) -> 0.0010186863 | CZ21: =EXP(-$DA$13*CU21^2) -> 0.99287966 | DA21: =1+CV21+CW21-CX21+CY21*CZ21 -> 0.96793629 | DB21: =DA21-CT21 -> 0.16793629 | DC21: 0.85 | DD21: =0.27*CS21/DC21/$CR$18 -> 0.09369776 | DE21: =($CU$12+$CW$12/$CR$18+$CY$12/$CR$18^3+$DA$12/$CR$18^4+$DC$12/$CR$18^5)*DD21 -> -0.0329808 | DF21: =($DE$12+$DG$12/$CR$18+$CU$13/$CR$18^2)*DD21^2 -> 0.0017420355 | DG21: =$CW$13*($DG$12/$CR$18+$CU$13/$CR$18^2)*DD21^5 -> -2.662119e-07 | DH21: =$CY$13*(1+$DA$13*DD21^2)*DD21^2/$CR$18^3 -> 0.00090163469 | DI21: =EXP(-$DA$13*DD21^2) -> 0.99369014 | DJ21: =1+DE21+DF21-DG21+DH21*DI21 -> 0.96965745 | DK21: =DJ21-DC21 -> 0.11965745 | DL21: =(DK21-DB21)/(DC21-CT21) -> -0.96557682 | DM21: =CT21-DB21/DL21 -> 0.97392328 | DN21: =DC21 -> 0.85 | DO21: =0.27*CS21/DN21/$CR$18 -> 0.09369776 | DP21: =($CU$12+$CW$12/$CR$18+$CY$12/$CR$18^3+$DA$12/$CR$18^4+$DC$12/$CR$18^5)*DO21 -> -0.0329808 | DQ21: =($DE$12+$DG$12/$CR$18+$CU$13/$CR$18^2)*DO21^2 -> 0.0017420355 | DR21: =$CW$13*($DG$12/$CR$18+$CU$13/$CR$18^2)*DO21^5 -> -2.662119e-07 | DS21: =$CY$13*(1+$DA$13*DO21^2)*(DO21^2/$CR$18^3) -> 0.00090163469 | DT21: =EXP(-$DA$13*DO21^2) -> 0.99369014 | DU21: =1+DP21+DQ21-DR21+DS21*DT21 -> 0.96965745 | DV21: =DU21-DN21 -> 0.11965745 | DW21: =DM21 -> 0.97392328 | DX21: =0.27*CS21/DW21/$CR$18 -> 0.081775534 | DY21: =($CU$12+$CW$12/$CR$18+$CY$12/$CR$18^3+$DA$12/$CR$18^4+$DC$12/$CR$18^5)*DX21 -> -0.02878428 | DZ21: =($DE$12+$DG$12/$CR$18+$CU$13/$CR$18^2)*DX21^2 -> 0.0013269219 | EA21: =$CW$13*($DG$12/$CR$18+$CU$13/$CR$18^2)*DX21^5 -> -1.3480263e-07 | EB21: =$CY$13*(1+$DA$13*DX21^2)*DX21^2/$CR$18^3 -> 0.00068575271 | EC21: =EXP(-$DA$13*DX21^2) -> 0.99519011 | ED21: =1+DY21+DZ21-EA21+EB21*EC21 -> 0.97322523 | EE21: =ED21-DW21 -> -0.00069804926 | EF21: =(EE21-DV21)/(DW21-DN21) -> -0.97120973 | EG21: =DN21-DV21/EF21 -> 0.97320454 | EK21: =K21 -> 357.72354 | EU21: =(EK21*$EO$18)/(DM21*10.73*$EJ$18) -> 0.94792938 | EV21: =EU21/67.0176 -> 0.014144484 | EW21: =EXP($ES$18*EV21^$ET$18) -> 1.0189739 | EX21: =$ER$18*10^-4*EW21 -> 0.013973742 | EZ21: 355.1 | FA21: 2140.4 | FC21: 802 | FD21: 1750.1
C22: =E21 -> 429.56417 | D22: 315.2 | E22: =CK22 -> 459.11307 | F22: =D22-E22 -> -143.91307 | G22: =AVERAGE(C22,D22) -> 372.38209 | I22: =Sheet10!K22 -> 449.65759 | K22: =G22 -> 372.38209 | O22: =(($P$8*K22^1.187)/56.06)*10^(10.393*$N$18) -> 43.99986 | Q22: =1+(4.67*10^-4*O22)+(0.11*10^-4*$P$18)+(0.1337*10^-8*O22*$P$18) -> 1.1002961 | R22: =0.0283*AS22*($M$18)/K22 -> 0.050239644 | S22: =$P$3*($P$4+Q22) -> 5501.4805 | T22: =S22*5.615 -> 30890.813 | U22: =IF($P$5>0,R22*($P$10-O22)*$P$3,0) -> 51746.868 | V22: =$X$14+$Y$13*(O22-$W$14) -> 0.88497144 | W22: =(8830/(131.5+$P$9)) -> 54.006116 | X22: =0.01361*V22*O22 -> 0.52995461 | Y22: =(W22+X22)/Q22 -> 49.564904 | Z22: =($P$4*$T$6)+(Q22*Y22) -> 54.536071 | AA22: =$P$4+Q22 -> 1.1002961 | AB22: =Z22/AA22 -> 49.564904 | AG22: =10.715*(O22+100)^-0.515 -> 0.82877322 | AH22: =5.44*(O22+150)^-0.338 -> 0.9169001 | AI22: =AG22*$AF$18^AH22 -> 1.4714989 | AJ22: =(($P$4*$T$6)/($P$4*$T$6+Q22*Y22))*$T$7 -> 0 | AK22: =((Q22*Y22)/($P$4*$T$6+Q22*Y22))*AI22 -> 1.4714989 | AL22: =AJ22+AK22 -> 1.4714989 | AM22: =(($P$4*$T$6)/($P$4*$T$6+Q22*Y22))*$T$8 -> 0 | AN22: =((Q22*Y22)/($P$4*$T$6+Q22*Y22))*$T$4 -> 30 | AO22: =AM22+AN22 -> 30 | AQ22: =CS22 -> 0.55829398 | AS22: =EG22 -> 0.97216501 | AU22: =(T22)*(1/86400)/$T$10 -> 4.0970117 | AV22: =(U22)*(1/86400)/$T$10 -> 6.8631255 | AW22: =AU22+AV22 -> 10.960137 | AX22: =AU22/AW22 -> 0.37381026 | AY22: =1-AX22 -> 0.62618974 | AZ22: =1.071-(0.2218*((AW22^2)/($T$9))) -> -78.859915 | BA22: =IF(AZ22<0.13,0.13,AZ22) -> 0.13 | BB22: =1.938*AU22*(AB22/AO22)^(1/4) -> 9.0019011 | BC22: =1.938*AV22*(AB22/AO22)^(1/4) -> 15.07957 | BD22: =120.872*$T$9*SQRT(AB22/AO22) -> 51.788217 | BE22: =0.15726*AL22*(1/(AB22*AO22^3))^(1/4) -> 0.0068036771 | BF22: =0.0019+0.0322*BE22-0.6642*BE22^2+4.9951*BE22^3 -> 0.0020899057 | BG22: =1-10.0147*BE22+33.8696*BE22^2+277.2817*BE22^3 -> 0.93351837 | BH22: =BF22/BG22 -> 0.0022387409 | BI22: =BB22*($K$18^0.1)*BH22 -> 0.035820747 | BJ22: =(BC22^0.575)*(14.7^0.1)*BD22 -> 322.50493 | BK22: =BI22/BJ22 -> 0.00011107039 | BL22: =(0.0047+1123.32*BK22+729489.64*BK22^2) -> 0.13846703 | BM22: =(1+1097.1566*BK22+722153.97*BK22^2) -> 1.1307706 | BN22: =SQRT(BL22/BM22) -> 0.34993384 | BO22: =(BC22*BE22^0.38)/BD22^2.14 -> 0.0004857103 | BP22: =1.0886-69.9473*BO22+2334.3497*BO22^2-12896.683*BO22^3 -> 1.0551751 | BQ22: =1-53.4401*BO22+1517.9369*BO22^2-8419.8115*BO22^3 -> 0.97440073 | BR22: =BP22/BQ22 -> 1.0828965 | BS22: =IF(U22<=0,1,(BN22*BR22)) -> 0.37894212 | BT22: =IF(U22>1,BN22*BR22,1) -> 0.37894212 | BU22: =IF($P$5=0,1,BT22) -> 0.37894212 | BV22: =AB22*AU22 -> 203.06799 | BW22: =EU22*AV22 -> 6.7795065 | BX22: =$T$10*(BV22+BW22)*86400 -> 1582216.6 | BY22: =(AL22^BS22)*EX22^(1-BS22) -> 0.081655526 | BZ22: =2.2*10^-2*BX22/BY22/$T$9 -> 1278863.8 | CA22: =$CB$15/3.7065 -> 0.00016187778 | CB22: =5.0452/BZ22 -> 3.9450644e-06 | CC22: =LOG(($CB$15^1.1098/2.8257)+(7.149/BZ22)^0.8981) -> -3.9461475 | CD22: =-4*LOG(CA22-(CB22*CC22)) -> 15.003739 | CE22: =1/CD22^2 -> 0.0044422295 | CF22: =BS22*AB22+(1-BS22)*EU22 -> 19.395721 | CG22: =CE22*BX22^2/($T$9)^5/CF22 -> 1.3932633e+11 | CH22: =(1/144)*(CF22+(CG22/74130000000)) -> 0.1477445 | CI22: =CH22*$CI$14 -> 29.548899 | CJ22: =CJ21+200 -> 1000 | CK22: =C22+CI22 -> 459.11307 | CS22: =K22/$CQ$18 -> 0.55829398 | CT22: 0.8 | CU22: =0.27*CS22/CT22/$CR$18 -> 0.10363332 | CV22: =($CU$12+$CW$12/$CR$18+$CY$12/$CR$18^3+$DA$12/$CR$18^4+$DC$12/$CR$18^5)*CU22 -> -0.036478032 | CW22: =($DE$12+$DG$12/$CR$18+$CU$13/$CR$18^2)*CU22^2 -> 0.0021310685 | CX22: =$CW$13*($DG$12/$CR$18+$CU$13/$CR$18^2)*CU22^5 -> -4.4063449e-07 | CY22: =$CY$13*(1+$DA$13*CU22^2)*(CU22^2/$CR$18^3) -> 0.001104538 | CZ22: =EXP(-$DA$13*CU22^2) -> 0.99228646 | DA22: =1+CV22+CW22-CX22+CY22*CZ22 -> 0.9667495 | DB22: =DA22-CT22 -> 0.1667495 | DC22: 0.85 | DD22: =0.27*CS22/DC22/$CR$18 -> 0.097537243 | DE22: =($CU$12+$CW$12/$CR$18+$CY$12/$CR$18^3+$DA$12/$CR$18^4+$DC$12/$CR$18^5)*DD22 -> -0.034332265 | DF22: =($DE$12+$DG$12/$CR$18+$CU$13/$CR$18^2)*DD22^2 -> 0.0018877285 | DG22: =$CW$13*($DG$12/$CR$18+$CU$13/$CR$18^2)*DD22^5 -> -3.2541217e-07 | DH22: =$CY$13*(1+$DA$13*DD22^2)*DD22^2/$CR$18^3 -> 0.00097755579 | DI22: =EXP(-$DA$13*DD22^2) -> 0.99316423 | DJ22: =1+DE22+DF22-DG22+DH22*DI22 -> 0.96852666 | DK22: =DJ22-DC22 -> 0.11852666 | DL22: =(DK22-DB22)/(DC22-CT22) -> -0.96445667 | DM22: =CT22-DB22/DL22 -> 0.97289475 | DN22: =DC22 -> 0.85 | DO22: =0.27*CS22/DN22/$CR$18 -> 0.097537243 | DP22: =($CU$12+$CW$12/$CR$18+$CY$12/$CR$18^3+$DA$12/$CR$18^4+$DC$12/$CR$18^5)*DO22 -> -0.034332265 | DQ22: =($DE$12+$DG$12/$CR$18+$CU$13/$CR$18^2)*DO22^2 -> 0.0018877285 | DR22: =$CW$13*($DG$12/$CR$18+$CU$13/$CR$18^2)*DO22^5 -> -3.2541217e-07 | DS22: =$CY$13*(1+$DA$13*DO22^2)*(DO22^2/$CR$18^3) -> 0.00097755579 | DT22: =EXP(-$DA$13*DO22^2) -> 0.99316423 | DU22: =1+DP22+DQ22-DR22+DS22*DT22 -> 0.96852666 | DV22: =DU22-DN22 -> 0.11852666 | DW22: =DM22 -> 0.97289475 | DX22: =0.27*CS22/DW22/$CR$18 -> 0.08521647 | DY22: =($CU$12+$CW$12/$CR$18+$CY$12/$CR$18^3+$DA$12/$CR$18^4+$DC$12/$CR$18^5)*DX22 -> -0.02999546 | DZ22: =($DE$12+$DG$12/$CR$18+$CU$13/$CR$18^2)*DX22^2 -> 0.0014409392 | EA22: =$CW$13*($DG$12/$CR$18+$CU$13/$CR$18^2)*DX22^5 -> -1.6565293e-07 | EB22: =$CY$13*(1+$DA$13*DX22^2)*DX22^2/$CR$18^3 -> 0.00074498386 | EC22: =EXP(-$DA$13*DX22^2) -> 0.99477789 | ED22: =1+DY22+DZ22-EA22+EB22*EC22 -> 0.97218674 | EE22: =ED22-DW22 -> -0.00070801286 | EF22: =(EE22-DV22)/(DW22-DN22) -> -0.9702178 | EG22: =DN22-DV22/EF22 -> 0.97216501 | EK22: =K22 -> 372.38209 | EU22: =(EK22*$EO$18)/(DM22*10.73*$EJ$18) -> 0.98781619 | EV22: =EU22/67.0176 -> 0.014739653 | EW22: =EXP($ES$18*EV22^$ET$18) -> 1.0200414 | EX22: =$ER$18*10^-4*EW22 -> 0.013988381 | EZ22: 472.9 | FA22: 3019.3 | FC22: 1124.9 | FD22: 2538.3
C23: =E22 -> 459.11307 | D23: 315.3 | E23: =CK23 -> 488.99285 | F23: =D23-E23 -> -173.69285 | G23: =AVERAGE(C23,D23) -> 387.20654 | I23: =Sheet10!K23 -> 481.58323 | K23: =G23 -> 387.20654 | O23: =(($P$8*K23^1.187)/56.06)*10^(10.393*$N$18) -> 46.086695 | Q23: =1+(4.67*10^-4*O23)+(0.11*10^-4*$P$18)+(0.1337*10^-8*O23*$P$18) -> 1.1012908 | R23: =0.0283*AS23*($M$18)/K23 -> 0.048264194 | S23: =$P$3*($P$4+Q23) -> 5506.4539 | T23: =S23*5.615 -> 30918.738 | U23: =IF($P$5>0,R23*($P$10-O23)*$P$3,0) -> 49208.557 | V23: =$X$14+$Y$13*(O23-$W$14) -> 0.88473295 | W23: =(8830/(131.5+$P$9)) -> 54.006116 | X23: =0.01361*V23*O23 -> 0.55493983 | Y23: =(W23+X23)/Q23 -> 49.542825 | Z23: =($P$4*$T$6)+(Q23*Y23) -> 54.561056 | AA23: =$P$4+Q23 -> 1.1012908 | AB23: =Z23/AA23 -> 49.542825 | AG23: =10.715*(O23+100)^-0.515 -> 0.82265489 | AH23: =5.44*(O23+150)^-0.338 -> 0.9135902 | AI23: =AG23*$AF$18^AH23 -> 1.4576118 | AJ23: =(($P$4*$T$6)/($P$4*$T$6+Q23*Y23))*$T$7 -> 0 | AK23: =((Q23*Y23)/($P$4*$T$6+Q23*Y23))*AI23 -> 1.4576118 | AL23: =AJ23+AK23 -> 1.4576118 | AM23: =(($P$4*$T$6)/($P$4*$T$6+Q23*Y23))*$T$8 -> 0 | AN23: =((Q23*Y23)/($P$4*$T$6+Q23*Y23))*$T$4 -> 30 | AO23: =AM23+AN23 -> 30 | AQ23: =CS23 -> 0.58051954 | AS23: =EG23 -> 0.97111887 | AU23: =(T23)*(1/86400)/$T$10 -> 4.1007155 | AV23: =(U23)*(1/86400)/$T$10 -> 6.5264723 | AW23: =AU23+AV23 -> 10.627188 | AX23: =AU23/AW23 -> 0.38587024 | AY23: =1-AX23 -> 0.61412976 | AZ23: =1.071-(0.2218*((AW23^2)/($T$9))) -> -74.077359 | BA23: =IF(AZ23<0.13,0.13,AZ23) -> 0.13 | BB23: =1.938*AU23*(AB23/AO23)^(1/4) -> 9.0090353 | BC23: =1.938*AV23*(AB23/AO23)^(1/4) -> 14.338283 | BD23: =120.872*$T$9*SQRT(AB23/AO23) -> 51.776681 | BE23: =0.15726*AL23*(1/(AB23*AO23^3))^(1/4) -> 0.0067402191 | BF23: =0.0019+0.0322*BE23-0.6642*BE23^2+4.9951*BE23^3 -> 0.0020883896 | BG23: =1-10.0147*BE23+33.8696*BE23^2+277.2817*BE23^3 -> 0.93412235 | BH23: =BF23/BG23 -> 0.0022356703 | BI23: =BB23*($K$18^0.1)*BH23 -> 0.035799967 | BJ23: =(BC23^0.575)*(14.7^0.1)*BD23 -> 313.22167 | BK23: =BI23/BJ23 -> 0.00011429595 | BL23: =(0.0047+1123.32*BK23+729489.64*BK23^2) -> 0.14262066 | BM23: =(1+1097.1566*BK23+722153.97*BK23^2) -> 1.1348345 | BN23: =SQRT(BL23/BM23) -> 0.35450712 | BO23: =(BC23*BE23^0.38)/BD23^2.14 -> 0.0004604114 | BP23: =1.0886-69.9473*BO23+2334.3497*BO23^2-12896.683*BO23^3 -> 1.056889 | BQ23: =1-53.4401*BO23+1517.9369*BO23^2-8419.8115*BO23^3 -> 0.97571652 | BR23: =BP23/BQ23 -> 1.0831927 | BS23: =IF(U23<=0,1,(BN23*BR23)) -> 0.38399953 | BT23: =IF(U23>1,BN23*BR23,1) -> 0.38399953 | BU23: =IF($P$5=0,1,BT23) -> 0.38399953 | BV23: =AB23*AU23 -> 203.16103 | BW23: =EU23*AV23 -> 6.7107542 | BX23: =$T$10*(BV23+BW23)*86400 -> 1582399.7 | BY23: =(AL23^BS23)*EX23^(1-BS23) -> 0.083352345 | BZ23: =2.2*10^-2*BX23/BY23/$T$9 -> 1252974.7 | CA23: =$CB$15/3.7065 -> 0.00016187778 | CB23: =5.0452/BZ23 -> 4.0265778e-06 | CC23: =LOG(($CB$15^1.1098/2.8257)+(7.149/BZ23)^0.8981) -> -3.9447862 | CD23: =-4*LOG(CA23-(CB23*CC23)) -> 15.000647 | CE23: =1/CD23^2 -> 0.0044440613 | CF23: =BS23*AB23+(1-BS23)*EU23 -> 19.657815 | CG23: =CE23*BX23^2/($T$9)^5/CF23 -> 1.3755723e+11 | CH23: =(1/144)*(CF23+(CG23/74130000000)) -> 0.14939887 | CI23: =CH23*$CI$14 -> 29.879774 | CJ23: =CJ22+200 -> 1200 | CK23: =C23+CI23 -> 488.99285 | CS23: =K23/$CQ$18 -> 0.58051954 | CT23: 0.8 | CU23: =0.27*CS23/CT23/$CR$18 -> 0.10775894 | CV23: =($CU$12+$CW$12/$CR$18+$CY$12/$CR$18^3+$DA$12/$CR$18^4+$DC$12/$CR$18^5)*CU23 -> -0.037930214 | CW23: =($DE$12+$DG$12/$CR$18+$CU$13/$CR$18^2)*CU23^2 -> 0.0023041206 | CX23: =$CW$13*($DG$12/$CR$18+$CU$13/$CR$18^2)*CU23^5 -> -5.3560915e-07 | CY23: =$CY$13*(1+$DA$13*CU23^2)*(CU23^2/$CR$18^3) -> 0.0011949765 | CZ23: =EXP(-$DA$13*CU23^2) -> 0.99166271 | DA23: =1+CV23+CW23-CX23+CY23*CZ23 -> 0.96555946 | DB23: =DA23-CT23 -> 0.16555946 | DC23: 0.85 | DD23: =0.27*CS23/DC23/$CR$18 -> 0.10142018 | DE23: =($CU$12+$CW$12/$CR$18+$CY$12/$CR$18^3+$DA$12/$CR$18^4+$DC$12/$CR$18^5)*DD23 -> -0.035699025 | DF23: =($DE$12+$DG$12/$CR$18+$CU$13/$CR$18^2)*DD23^2 -> 0.0020410203 | DG23: =$CW$13*($DG$12/$CR$18+$CU$13/$CR$18^2)*DD23^5 -> -3.9555173e-07 | DH23: =$CY$13*(1+$DA$13*DD23^2)*DD23^2/$CR$18^3 -> 0.0010575223 | DI23: =EXP(-$DA$13*DD23^2) -> 0.99261119 | DJ23: =1+DE23+DF23-DG23+DH23*DI23 -> 0.9673921 | DK23: =DJ23-DC23 -> 0.1173921 | DL23: =(DK23-DB23)/(DC23-CT23) -> -0.96334713 | DM23: =CT23-DB23/DL23 -> 0.97185857 | DN23: =DC23 -> 0.85 | DO23: =0.27*CS23/DN23/$CR$18 -> 0.10142018 | DP23: =($CU$12+$CW$12/$CR$18+$CY$12/$CR$18^3+$DA$12/$CR$18^4+$DC$12/$CR$18^5)*DO23 -> -0.035699025 | DQ23: =($DE$12+$DG$12/$CR$18+$CU$13/$CR$18^2)*DO23^2 -> 0.0020410203 | DR23: =$CW$13*($DG$12/$CR$18+$CU$13/$CR$18^2)*DO23^5 -> -3.9555173e-07 | DS23: =$CY$13*(1+$DA$13*DO23^2)*(DO23^2/$CR$18^3) -> 0.0010575223 | DT23: =EXP(-$DA$13*DO23^2) -> 0.99261119 | DU23: =1+DP23+DQ23-DR23+DS23*DT23 -> 0.9673921 | DV23: =DU23-DN23 -> 0.1173921 | DW23: =DM23 -> 0.97185857 | DX23: =0.27*CS23/DW23/$CR$18 -> 0.088703393 | DY23: =($CU$12+$CW$12/$CR$18+$CY$12/$CR$18^3+$DA$12/$CR$18^4+$DC$12/$CR$18^5)*DX23 -> -0.031222826 | DZ23: =($DE$12+$DG$12/$CR$18+$CU$13/$CR$18^2)*DX23^2 -> 0.0015612737 | EA23: =$CW$13*($DG$12/$CR$18+$CU$13/$CR$18^2)*DX23^5 -> -2.0243359e-07 | EB23: =$CY$13*(1+$DA$13*DX23^2)*DX23^2/$CR$18^3 -> 0.00080754943 | EC23: =EXP(-$DA$13*DX23^2) -> 0.99434302 | ED23: =1+DY23+DZ23-EA23+EB23*EC23 -> 0.97114163 | EE23: =ED23-DW23 -> -0.0007169349 | EF23: =(EE23-DV23)/(DW23-DN23) -> -0.96923046 | EG23: =DN23-DV23/EF23 -> 0.97111887 | EK23: =K23 -> 387.20654 | EU23: =(EK23*$EO$18)/(DM23*10.73*$EJ$18) -> 1.0282361 | EV23: =EU23/67.0176 -> 0.015342777 | EW23: =EXP($ES$18*EV23^$ET$18) -> 1.0211383 | EX23: =$ER$18*10^-4*EW23 -> 0.014003424 | EZ23: 591.2 | FA23: 3745.5 | FC23: 1603.3 | FD23: 3672.7
C24: =E23 -> 488.99285 | D24: 315.4 | E24: =CK24 -> 519.20284 | F24: =D24-E24 -> -203.80284 | G24: =AVERAGE(C24,D24) -> 402.19642 | I24: =Sheet10!K24 -> 514.17669 | K24: =G24 -> 402.19642 | O24: =(($P$8*K24^1.187)/56.06)*10^(10.393*$N$18) -> 48.212068 | Q24: =1+(4.67*10^-4*O24)+(0.11*10^-4*$P$18)+(0.1337*10^-8*O24*$P$18) -> 1.1023038 | R24: =0.0283*AS24*($M$18)/K24 -> 0.046415027 | S24: =$P$3*($P$4+Q24) -> 5511.5191 | T24: =S24*5.615 -> 30947.18 | U24: =IF($P$5>0,R24*($P$10-O24)*$P$3,0) -> 46829.962 | V24: =$X$14+$Y$13*(O24-$W$14) -> 0.88449005 | W24: =(8830/(131.5+$P$9)) -> 54.006116 | X24: =0.01361*V24*O24 -> 0.58037251 | Y24: =(W24+X24)/Q24 -> 49.520366 | Z24: =($P$4*$T$6)+(Q24*Y24) -> 54.586489 | AA24: =$P$4+Q24 -> 1.1023038 | AB24: =Z24/AA24 -> 49.520366 | AG24: =10.715*(O24+100)^-0.515 -> 0.81655819 | AH24: =5.44*(O24+150)^-0.338 -> 0.91026727 | AI24: =AG24*$AF$18^AH24 -> 1.4438024 | AJ24: =(($P$4*$T$6)/($P$4*$T$6+Q24*Y24))*$T$7 -> 0 | AK24: =((Q24*Y24)/($P$4*$T$6+Q24*Y24))*AI24 -> 1.4438024 | AL24: =AJ24+AK24 -> 1.4438024 | AM24: =(($P$4*$T$6)/($P$4*$T$6+Q24*Y24))*$T$8 -> 0 | AN24: =((Q24*Y24)/($P$4*$T$6+Q24*Y24))*$T$4 -> 30 | AO24: =AM24+AN24 -> 30 | AQ24: =CS24 -> 0.60299314 | AS24: =EG24 -> 0.9700664 | AU24: =(T24)*(1/86400)/$T$10 -> 4.1044876 | AV24: =(U24)*(1/86400)/$T$10 -> 6.211002 | AW24: =AU24+AV24 -> 10.31549 | AX24: =AU24/AW24 -> 0.39789557 | AY24: =1-AX24 -> 0.60210443 | AZ24: =1.071-(0.2218*((AW24^2)/($T$9))) -> -69.733765 | BA24: =IF(AZ24<0.13,0.13,AZ24) -> 0.13 | BB24: =1.938*AU24*(AB24/AO24)^(1/4) -> 9.0163003 | BC24: =1.938*AV24*(AB24/AO24)^(1/4) -> 13.643666 | BD24: =120.872*$T$9*SQRT(AB24/AO24) -> 51.764944 | BE24: =0.15726*AL24*(1/(AB24*AO24^3))^(1/4) -> 0.0066771191 | BF24: =0.0019+0.0322*BE24-0.6642*BE24^2+4.9951*BE24^3 -> 0.0020868776 | BG24: =1-10.0147*BE24+33.8696*BE24^2+277.2817*BE24^3 -> 0.93472324 | BH24: =BF24/BG24 -> 0.0022326155 | BI24: =BB24*($K$18^0.1)*BH24 -> 0.03577988 | BJ24: =(BC24^0.575)*(14.7^0.1)*BD24 -> 304.33567 | BK24: =BI24/BJ24 -> 0.00011756716 | BL24: =(0.0047+1123.32*BK24+729489.64*BK24^2) -> 0.14684857 | BM24: =(1+1097.1566*BK24+722153.97*BK24^2) -> 1.1389712 | BN24: =SQRT(BL24/BM24) -> 0.35906948 | BO24: =(BC24*BE24^0.38)/BD24^2.14 -> 0.00043675557 | BP24: =1.0886-69.9473*BO24+2334.3497*BO24^2-12896.683*BO24^3 -> 1.0584943 | BQ24: =1-53.4401*BO24+1517.9369*BO24^2-8419.8115*BO24^3 -> 0.97694859 | BR24: =BP24/BQ24 -> 1.0834698 | BS24: =IF(U24<=0,1,(BN24*BR24)) -> 0.38904095 | BT24: =IF(U24>1,BN24*BR24,1) -> 0.38904095 | BU24: =IF($P$5=0,1,BT24) -> 0.38904095 | BV24: =AB24*AU24 -> 203.25573 | BW24: =EU24*AV24 -> 6.6407422 | BX24: =$T$10*(BV24+BW24)*86400 -> 1582585.8 | BY24: =(AL24^BS24)*EX24^(1-BS24) -> 0.08506926 | BZ24: =2.2*10^-2*BX24/BY24/$T$9 -> 1227830.9 | CA24: =$CB$15/3.7065 -> 0.00016187778 | CB24: =5.0452/BZ24 -> 4.109035e-06 | CC24: =LOG(($CB$15^1.1098/2.8257)+(7.149/BZ24)^0.8981) -> -3.9434163 | CD24: =-4*LOG(CA24-(CB24*CC24)) -> 14.997526 | CE24: =1/CD24^2 -> 0.0044459111 | CF24: =BS24*AB24+(1-BS24)*EU24 -> 19.918682 | CG24: =CE24*BX24^2/($T$9)^5/CF24 -> 1.3584417e+11 | CH24: =(1/144)*(CF24+(CG24/74130000000)) -> 0.15104996 | CI24: =CH24*$CI$14 -> 30.209992 | CJ24: =CJ23+200 -> 1400 | CK24: =C24+CI24 -> 519.20284 | CS24: =K24/$CQ$18 -> 0.60299314 | CT24: 0.8 | CU24: =0.27*CS24/CT24/$CR$18 -> 0.1119306 | CV24: =($CU$12+$CW$12/$CR$18+$CY$12/$CR$18^3+$DA$12/$CR$18^4+$DC$12/$CR$18^5)*CU24 -> -0.039398603 | CW24: =($DE$12+$DG$12/$CR$18+$CU$13/$CR$18^2)*CU24^2 -> 0.0024859721 | CX24: =$CW$13*($DG$12/$CR$18+$CU$13/$CR$18^2)*CU24^5 -> -6.4762798e-07 | CY24: =$CY$13*(1+$DA$13*CU24^2)*(CU24^2/$CR$18^3) -> 0.0012901342 | CZ24: =EXP(-$DA$13*CU24^2) -> 0.99100766 | DA24: =1+CV24+CW24-CX24+CY24*CZ24 -> 0.96436655 | DB24: =DA24-CT24 -> 0.16436655 | DC24: 0.85 | DD24: =0.27*CS24/DC24/$CR$18 -> 0.10534645 | DE24: =($CU$12+$CW$12/$CR$18+$CY$12/$CR$18^3+$DA$12/$CR$18^4+$DC$12/$CR$18^5)*DD24 -> -0.037081038 | DF24: =($DE$12+$DG$12/$CR$18+$CU$13/$CR$18^2)*DD24^2 -> 0.0022021068 | DG24: =$CW$13*($DG$12/$CR$18+$CU$13/$CR$18^2)*DD24^5 -> -4.7827856e-07 | DH24: =$CY$13*(1+$DA$13*DD24^2)*DD24^2/$CR$18^3 -> 0.0011416496 | DI24: =EXP(-$DA$13*DD24^2) -> 0.99203036 | DJ24: =1+DE24+DF24-DG24+DH24*DI24 -> 0.9662541 | DK24: =DJ24-DC24 -> 0.1162541 | DL24: =(DK24-DB24)/(DC24-CT24) -> -0.96224903 | DM24: =CT24-DB24/DL24 -> 0.97081498 | DN24: =DC24 -> 0.85 | DO24: =0.27*CS24/DN24/$CR$18 -> 0.10534645 | DP24: =($CU$12+$CW$12/$CR$18+$CY$12/$CR$18^3+$DA$12/$CR$18^4+$DC$12/$CR$18^5)*DO24 -> -0.037081038 | DQ24: =($DE$12+$DG$12/$CR$18+$CU$13/$CR$18^2)*DO24^2 -> 0.0022021068 | DR24: =$CW$13*($DG$12/$CR$18+$CU$13/$CR$18^2)*DO24^5 -> -4.7827856e-07 | DS24: =$CY$13*(1+$DA$13*DO24^2)*(DO24^2/$CR$18^3) -> 0.0011416496 | DT24: =EXP(-$DA$13*DO24^2) -> 0.99203036 | DU24: =1+DP24+DQ24-DR24+DS24*DT24 -> 0.9662541 | DV24: =DU24-DN24 -> 0.1162541 | DW24: =DM24 -> 0.97081498 | DX24: =0.27*CS24/DW24/$CR$18 -> 0.092236402 | DY24: =($CU$12+$CW$12/$CR$18+$CY$12/$CR$18^3+$DA$12/$CR$18^4+$DC$12/$CR$18^5)*DX24 -> -0.032466415 | DZ24: =($DE$12+$DG$12/$CR$18+$CU$13/$CR$18^2)*DX24^2 -> 0.0016881199 | EA24: =$CW$13*($DG$12/$CR$18+$CU$13/$CR$18^2)*DX24^5 -> -2.4608956e-07 | EB24: =$CY$13*(1+$DA$13*DX24^2)*DX24^2/$CR$18^3 -> 0.00087355922 | EC24: =EXP(-$DA$13*DX24^2) -> 0.99388483 | ED24: =1+DY24+DZ24-EA24+EB24*EC24 -> 0.97009017 | EE24: =ED24-DW24 -> -0.0007248127 | EF24: =(EE24-DV24)/(DW24-DN24) -> -0.96824839 | EG24: =DN24-DV24/EF24 -> 0.9700664 | EK24: =K24 -> 402.19642 | EU24: =(EK24*$EO$18)/(DM24*10.73*$EJ$18) -> 1.0691902 | EV24: =EU24/67.0176 -> 0.015953871 | EW24: =EXP($ES$18*EV24^$ET$18) -> 1.0222649 | EX24: =$ER$18*10^-4*EW24 -> 0.014018874 | EZ24: 709.5 | FA24: 4490.8 | FC24: 2141.6 | FD24: 4960.8
C25: =E24 -> 519.20284 | D25: 315.5 | E25: =CK25 -> 549.74265 | F25: =D25-E25 -> -234.24265 | G25: =AVERAGE(C25,D25) -> 417.35142 | I25: =Sheet10!K25 -> 547.44323 | K25: =G25 -> 417.35142 | O25: =(($P$8*K25^1.187)/56.06)*10^(10.393*$N$18) -> 50.375963 | Q25: =1+(4.67*10^-4*O25)+(0.11*10^-4*$P$18)+(0.1337*10^-8*O25*$P$18) -> 1.1033352 | R25: =0.0283*AS25*($M$18)/K25 -> 0.04468078 | S25: =$P$3*($P$4+Q25) -> 5516.6761 | T25: =S25*5.615 -> 30976.136 | U25: =IF($P$5>0,R25*($P$10-O25)*$P$3,0) -> 44596.789 | V25: =$X$14+$Y$13*(O25-$W$14) -> 0.88424275 | W25: =(8830/(131.5+$P$9)) -> 54.006116 | X25: =0.01361*V25*O25 -> 0.60625173 | Y25: =(W25+X25)/Q25 -> 49.49753 | Z25: =($P$4*$T$6)+(Q25*Y25) -> 54.612368 | AA25: =$P$4+Q25 -> 1.1033352 | AB25: =Z25/AA25 -> 49.49753 | AG25: =10.715*(O25+100)^-0.515 -> 0.81048557 | AH25: =5.44*(O25+150)^-0.338 -> 0.90693274 | AI25: =AG25*$AF$18^AH25 -> 1.4300762 | AJ25: =(($P$4*$T$6)/($P$4*$T$6+Q25*Y25))*$T$7 -> 0 | AK25: =((Q25*Y25)/($P$4*$T$6+Q25*Y25))*AI25 -> 1.4300762 | AL25: =AJ25+AK25 -> 1.4300762 | AM25: =(($P$4*$T$6)/($P$4*$T$6+Q25*Y25))*$T$8 -> 0 | AN25: =((Q25*Y25)/($P$4*$T$6+Q25*Y25))*$T$4 -> 30 | AO25: =AM25+AN25 -> 30 | AQ25: =CS25 -> 0.62571427 | AS25: =EG25 -> 0.96900785 | AU25: =(T25)*(1/86400)/$T$10 -> 4.1083281 | AV25: =(U25)*(1/86400)/$T$10 -> 5.914819 | AW25: =AU25+AV25 -> 10.023147 | AX25: =AU25/AW25 -> 0.40988404 | AY25: =1-AX25 -> 0.59011596 | AZ25: =1.071-(0.2218*((AW25^2)/($T$9))) -> -65.777397 | BA25: =IF(AZ25<0.13,0.13,AZ25) -> 0.13 | BB25: =1.938*AU25*(AB25/AO25)^(1/4) -> 9.023696 | BC25: =1.938*AV25*(AB25/AO25)^(1/4) -> 12.991545 | BD25: =120.872*$T$9*SQRT(AB25/AO25) -> 51.753007 | BE25: =0.15726*AL25*(1/(AB25*AO25^3))^(1/4) -> 0.0066144026 | BF25: =0.0019+0.0322*BE25-0.6642*BE25^2+4.9951*BE25^3 -> 0.0020853703 | BG25: =1-10.0147*BE25+33.8696*BE25^2+277.2817*BE25^3 -> 0.93532079 | BH25: =BF25/BG25 -> 0.0022295776 | BI25: =BB25*($K$18^0.1)*BH25 -> 0.035760504 | BJ25: =(BC25^0.575)*(14.7^0.1)*BD25 -> 295.81642 | BK25: =BI25/BJ25 -> 0.00012088748 | BL25: =(0.0047+1123.32*BK25+729489.64*BK25^2) -> 0.15115593 | BM25: =(1+1097.1566*BK25+722153.97*BK25^2) -> 1.1431859 | BN25: =SQRT(BL25/BM25) -> 0.36362536 | BO25: =(BC25*BE25^0.38)/BD25^2.14 -> 0.00041459597 | BP25: =1.0886-69.9473*BO25+2334.3497*BO25^2-12896.683*BO25^3 -> 1.0600005 | BQ25: =1-53.4401*BO25+1517.9369*BO25^2-8419.8115*BO25^3 -> 0.97810427 | BR25: =BP25/BQ25 -> 1.0837295 | BS25: =IF(U25<=0,1,(BN25*BR25)) -> 0.39407154 | BT25: =IF(U25>1,BN25*BR25,1) -> 0.39407154 | BU25: =IF($P$5=0,1,BT25) -> 0.39407154 | BV25: =AB25*AU25 -> 203.35209 | BW25: =EU25*AV25 -> 6.569471 | BX25: =$T$10*(BV25+BW25)*86400 -> 1582775 | BY25: =(AL25^BS25)*EX25^(1-BS25) -> 0.086808235 | BZ25: =2.2*10^-2*BX25/BY25/$T$9 -> 1203378.3 | CA25: =$CB$15/3.7065 -> 0.00016187778 | CB25: =5.0452/BZ25 -> 4.1925302e-06 | CC25: =LOG(($CB$15^1.1098/2.8257)+(7.149/BZ25)^0.8981) -> -3.9420364 | CD25: =-4*LOG(CA25-(CB25*CC25)) -> 14.994373 | CE25: =1/CD25^2 -> 0.0044477808 | CF25: =BS25*AB25+(1-BS25)*EU25 -> 20.17856 | CG25: =CE25*BX25^2/($T$9)^5/CF25 -> 1.341831e+11 | CH25: =(1/144)*(CF25+(CG25/74130000000)) -> 0.15269907 | CI25: =CH25*$CI$14 -> 30.539814 | CJ25: =CJ24+200 -> 1600 | CK25: =C25+CI25 -> 549.74265 | CS25: =K25/$CQ$18 -> 0.62571427 | CT25: 0.8 | CU25: =0.27*CS25/CT25/$CR$18 -> 0.11614821 | CV25: =($CU$12+$CW$12/$CR$18+$CY$12/$CR$18^3+$DA$12/$CR$18^4+$DC$12/$CR$18^5)*CU25 -> -0.040883165 | CW25: =($DE$12+$DG$12/$CR$18+$CU$13/$CR$18^2)*CU25^2 -> 0.0026768475 | CX25: =$CW$13*($DG$12/$CR$18+$CU$13/$CR$18^2)*CU25^5 -> -7.7919124e-07 | CY25: =$CY$13*(1+$DA$13*CU25^2)*(CU25^2/$CR$18^3) -> 0.0013901469 | CZ25: =EXP(-$DA$13*CU25^2) -> 0.99032057 | DA25: =1+CV25+CW25-CX25+CY25*CZ25 -> 0.96317115 | DB25: =DA25-CT25 -> 0.16317115 | DC25: 0.85 | DD25: =0.27*CS25/DC25/$CR$18 -> 0.10931596 | DE25: =($CU$12+$CW$12/$CR$18+$CY$12/$CR$18^3+$DA$12/$CR$18^4+$DC$12/$CR$18^5)*DD25 -> -0.038478273 | DF25: =($DE$12+$DG$12/$CR$18+$CU$13/$CR$18^2)*DD25^2 -> 0.0023711867 | DG25: =$CW$13*($DG$12/$CR$18+$CU$13/$CR$18^2)*DD25^5 -> -5.754391e-07 | DH25: =$CY$13*(1+$DA$13*DD25^2)*DD25^2/$CR$18^3 -> 0.0012300559 | DI25: =EXP(-$DA$13*DD25^2) -> 0.99142108 | DJ25: =1+DE25+DF25-DG25+DH25*DI25 -> 0.96511299 | DK25: =DJ25-DC25 -> 0.11511299 | DL25: =(DK25-DB25)/(DC25-CT25) -> -0.9611632 | DM25: =CT25-DB25/DL25 -> 0.96976425 | DN25: =DC25 -> 0.85 | DO25: =0.27*CS25/DN25/$CR$18 -> 0.10931596 | DP25: =($CU$12+$CW$12/$CR$18+$CY$12/$CR$18^3+$DA$12/$CR$18^4+$DC$12/$CR$18^5)*DO25 -> -0.038478273 | DQ25: =($DE$12+$DG$12/$CR$18+$CU$13/$CR$18^2)*DO25^2 -> 0.0023711867 | DR25: =$CW$13*($DG$12/$CR$18+$CU$13/$CR$18^2)*DO25^5 -> -5.754391e-07 | DS25: =$CY$13*(1+$DA$13*DO25^2)*(DO25^2/$CR$18^3) -> 0.0012300559 | DT25: =EXP(-$DA$13*DO25^2) -> 0.99142108 | DU25: =1+DP25+DQ25-DR25+DS25*DT25 -> 0.96511299 | DV25: =DU25-DN25 -> 0.11511299 | DW25: =DM25 -> 0.96976425 | DX25: =0.27*CS25/DW25/$CR$18 -> 0.095815626 | DY25: =($CU$12+$CW$12/$CR$18+$CY$12/$CR$18^3+$DA$12/$CR$18^4+$DC$12/$CR$18^5)*DX25 -> -0.033726271 | DZ25: =($DE$12+$DG$12/$CR$18+$CU$13/$CR$18^2)*DX25^2 -> 0.0018216765 | EA25: =$CW$13*($DG$12/$CR$18+$CU$13/$CR$18^2)*DX25^5 -> -2.9768924e-07 | EB25: =$CY$13*(1+$DA$13*DX25^2)*DX25^2/$CR$18^3 -> 0.00094312608 | EC25: =EXP(-$DA$13*DX25^2) -> 0.99340262 | ED25: =1+DY25+DZ25-EA25+EB25*EC25 -> 0.96903261 | EE25: =ED25-DW25 -> -0.0007316453 | EF25: =(EE25-DV25)/(DW25-DN25) -> -0.96727225 | EG25: =DN25-DV25/EF25 -> 0.96900785 | EK25: =K25 -> 417.35142 | EU25: =(EK25*$EO$18)/(DM25*10.73*$EJ$18) -> 1.11068 | EV25: =EU25/67.0176 -> 0.01657296 | EW25: =EXP($ES$18*EV25^$ET$18) -> 1.0234215 | EX25: =$ER$18*10^-4*EW25 -> 0.014034734 | EZ25: 852.3 | FA25: 5140.8 | FC25: 2584.2 | FD25: 5999
C26: =E25 -> 549.74265 | D26: 315.6 | E26: =CK26 -> 580.61214 | F26: =D26-E26 -> -265.01214 | G26: =AVERAGE(C26,D26) -> 432.67133 | I26: =Sheet10!K26 -> 581.39009 | K26: =G26 -> 432.67133 | O26: =(($P$8*K26^1.187)/56.06)*10^(10.393*$N$18) -> 52.578391 | Q26: =1+(4.67*10^-4*O26)+(0.11*10^-4*$P$18)+(0.1337*10^-8*O26*$P$18) -> 1.104385 | R26: =0.0283*AS26*($M$18)/K26 -> 0.043051396 | S26: =$P$3*($P$4+Q26) -> 5521.9249 | T26: =S26*5.615 -> 31005.608 | U26: =IF($P$5>0,R26*($P$10-O26)*$P$3,0) -> 42496.379 | V26: =$X$14+$Y$13*(O26-$W$14) -> 0.88399104 | W26: =(8830/(131.5+$P$9)) -> 54.006116 | X26: =0.01361*V26*O26 -> 0.63257683 | Y26: =(W26+X26)/Q26 -> 49.474317 | Z26: =($P$4*$T$6)+(Q26*Y26) -> 54.638693 | AA26: =$P$4+Q26 -> 1.104385 | AB26: =Z26/AA26 -> 49.474317 | AG26: =10.715*(O26+100)^-0.515 -> 0.80443927 | AH26: =5.44*(O26+150)^-0.338 -> 0.90358794 | AI26: =AG26*$AF$18^AH26 -> 1.4164382 | AJ26: =(($P$4*$T$6)/($P$4*$T$6+Q26*Y26))*$T$7 -> 0 | AK26: =((Q26*Y26)/($P$4*$T$6+Q26*Y26))*AI26 -> 1.4164382 | AL26: =AJ26+AK26 -> 1.4164382 | AM26: =(($P$4*$T$6)/($P$4*$T$6+Q26*Y26))*$T$8 -> 0 | AN26: =((Q26*Y26)/($P$4*$T$6+Q26*Y26))*$T$4 -> 30 | AO26: =AM26+AN26 -> 30 | AQ26: =CS26 -> 0.64868265 | AS26: =EG26 -> 0.96794348 | AU26: =(T26)*(1/86400)/$T$10 -> 4.1122369 | AV26: =(U26)*(1/86400)/$T$10 -> 5.6362441 | AW26: =AU26+AV26 -> 9.7484811 | AX26: =AU26/AW26 -> 0.42183361 | AY26: =1-AX26 -> 0.57816639 | AZ26: =1.071-(0.2218*((AW26^2)/($T$9))) -> -62.16388 | BA26: =IF(AZ26<0.13,0.13,AZ26) -> 0.13 | BB26: =1.938*AU26*(AB26/AO26)^(1/4) -> 9.0312225 | BC26: =1.938*AV26*(AB26/AO26)^(1/4) -> 12.37822 | BD26: =120.872*$T$9*SQRT(AB26/AO26) -> 51.74087 | BE26: =0.15726*AL26*(1/(AB26*AO26^3))^(1/4) -> 0.0065520924 | BF26: =0.0019+0.0322*BE26-0.6642*BE26^2+4.9951*BE26^3 -> 0.0020838684 | BG26: =1-10.0147*BE26+33.8696*BE26^2+277.2817*BE26^3 -> 0.93591477 | BH26: =BF26/BG26 -> 0.0022265578 | BI26: =BB26*($K$18^0.1)*BH26 -> 0.035741855 | BJ26: =(BC26^0.575)*(14.7^0.1)*BD26 -> 287.63646 | BK26: =BI26/BJ26 -> 0.00012426052 | BL26: =(0.0047+1123.32*BK26+729489.64*BK26^2) -> 0.15554814 | BM26: =(1+1097.1566*BK26+722153.97*BK26^2) -> 1.1474838 | BN26: =SQRT(BL26/BM26) -> 0.3681791 | BO26: =(BC26*BE26^0.38)/BD26^2.14 -> 0.00039380246 | BP26: =1.0886-69.9473*BO26+2334.3497*BO26^2-12896.683*BO26^3 -> 1.0614158 | BQ26: =1-53.4401*BO26+1517.9369*BO26^2-8419.8115*BO26^3 -> 0.97919005 | BR26: =BP26/BQ26 -> 1.0839732 | BS26: =IF(U26<=0,1,(BN26*BR26)) -> 0.39909629 | BT26: =IF(U26>1,BN26*BR26,1) -> 0.39909629 | BU26: =IF($P$5=0,1,BT26) -> 0.39909629 | BV26: =AB26*AU26 -> 203.45011 | BW26: =EU26*AV26 -> 6.49694 | BX26: =$T$10*(BV26+BW26)*86400 -> 1582967.2 | BY26: =(AL26^BS26)*EX26^(1-BS26) -> 0.0885713 | BZ26: =2.2*10^-2*BX26/BY26/$T$9 -> 1179567.6 | CA26: =$CB$15/3.7065 -> 0.00016187778 | CB26: =5.0452/BZ26 -> 4.2771606e-06 | CC26: =LOG(($CB$15^1.1098/2.8257)+(7.149/BZ26)^0.8981) -> -3.9406451 | CD26: =-4*LOG(CA26-(CB26*CC26)) -> 14.991185 | CE26: =1/CD26^2 -> 0.0044496725 | CF26: =BS26*AB26+(1-BS26)*EU26 -> 20.437682 | CG26: =CE26*BX26^2/($T$9)^5/CF26 -> 1.3257038e+11 | CH26: =(1/144)*(CF26+(CG26/74130000000)) -> 0.15434745 | CI26: =CH26*$CI$14 -> 30.869489 | CJ26: =CJ25+200 -> 1800 | CK26: =C26+CI26 -> 580.61214 | CS26: =K26/$CQ$18 -> 0.64868265 | CT26: 0.8 | CU26: =0.27*CS26/CT26/$CR$18 -> 0.12041172 | CV26: =($CU$12+$CW$12/$CR$18+$CY$12/$CR$18^3+$DA$12/$CR$18^4+$DC$12/$CR$18^5)*CU26 -> -0.042383882 | CW26: =($DE$12+$DG$12/$CR$18+$CU$13/$CR$18^2)*CU26^2 -> 0.0028769749 | CX26: =$CW$13*($DG$12/$CR$18+$CU$13/$CR$18^2)*CU26^5 -> -9.3309349e-07 | CY26: =$CY$13*(1+$DA$13*CU26^2)*(CU26^2/$CR$18^3) -> 0.0014951535 | CZ26: =EXP(-$DA$13*CU26^2) -> 0.98960069 | DA26: =1+CV26+CW26-CX26+CY26*CZ26 -> 0.96197363 | DB26: =DA26-CT26 -> 0.16197363 | DC26: 0.85 | DD26: =0.27*CS26/DC26/$CR$18 -> 0.11332867 | DE26: =($CU$12+$CW$12/$CR$18+$CY$12/$CR$18^3+$DA$12/$CR$18^4+$DC$12/$CR$18^5)*DD26 -> -0.039890712 | DF26: =($DE$12+$DG$12/$CR$18+$CU$13/$CR$18^2)*DD26^2 -> 0.0025484622 | DG26: =$CW$13*($DG$12/$CR$18+$CU$13/$CR$18^2)*DD26^5 -> -6.8909717e-07 | DH26: =$CY$13*(1+$DA$13*DD26^2)*DD26^2/$CR$18^3 -> 0.001322862 | DI26: =EXP(-$DA$13*DD26^2) -> 0.99078266 | DJ26: =1+DE26+DF26-DG26+DH26*DI26 -> 0.96396911 | DK26: =DJ26-DC26 -> 0.11396911 | DL26: =(DK26-DB26)/(DC26-CT26) -> -0.96009047 | DM26: =CT26-DB26/DL26 -> 0.96870663 | DN26: =DC26 -> 0.85 | DO26: =0.27*CS26/DN26/$CR$18 -> 0.11332867 | DP26: =($CU$12+$CW$12/$CR$18+$CY$12/$CR$18^3+$DA$12/$CR$18^4+$DC$12/$CR$18^5)*DO26 -> -0.039890712 | DQ26: =($DE$12+$DG$12/$CR$18+$CU$13/$CR$18^2)*DO26^2 -> 0.0025484622 | DR26: =$CW$13*($DG$12/$CR$18+$CU$13/$CR$18^2)*DO26^5 -> -6.8909717e-07 | DS26: =$CY$13*(1+$DA$13*DO26^2)*(DO26^2/$CR$18^3) -> 0.001322862 | DT26: =EXP(-$DA$13*DO26^2) -> 0.99078266 | DU26: =1+DP26+DQ26-DR26+DS26*DT26 -> 0.96396911 | DV26: =DU26-DN26 -> 0.11396911 | DW26: =DM26 -> 0.96870663 | DX26: =0.27*CS26/DW26/$CR$18 -> 0.099441224 | DY26: =($CU$12+$CW$12/$CR$18+$CY$12/$CR$18^3+$DA$12/$CR$18^4+$DC$12/$CR$18^5)*DX26 -> -0.03500245 | DZ26: =($DE$12+$DG$12/$CR$18+$CU$13/$CR$18^2)*DX26^2 -> 0.0019621468 | EA26: =$CW$13*($DG$12/$CR$18+$CU$13/$CR$18^2)*DX26^5 -> -3.5843773e-07 | EB26: =$CY$13*(1+$DA$13*DX26^2)*DX26^2/$CR$18^3 -> 0.001016366 | EC26: =EXP(-$DA$13*DX26^2) -> 0.99289571 | ED26: =1+DY26+DZ26-EA26+EB26*EC26 -> 0.9679692 | EE26: =ED26-DW26 -> -0.00073743333 | EF26: =(EE26-DV26)/(DW26-DN26) -> -0.9663027 | EG26: =DN26-DV26/EF26 -> 0.96794348 | EK26: =K26 -> 432.67133 | EU26: =(EK26*$EO$18)/(DM26*10.73*$EJ$18) -> 1.1527073 | EV26: =EU26/67.0176 -> 0.017200069 | EW26: =EXP($ES$18*EV26^$ET$18) -> 1.0246084 | EX26: =$ER$18*10^-4*EW26 -> 0.014051011 | EZ26: 982.9 | FA26: 5809.9 | FC26: 2966.7 | FD26: 6979.3
C27: =E26 -> 580.61214 | D27: 315.7 | E27: =CK27 -> 611.81141 | F27: =D27-E27 -> -296.11141 | G27: =AVERAGE(C27,D27) -> 448.15607 | I27: =Sheet10!K27 -> 616.02656 | K27: =G27 -> 448.15607 | O27: =(($P$8*K27^1.187)/56.06)*10^(10.393*$N$18) -> 54.819386 | Q27: =1+(4.67*10^-4*O27)+(0.11*10^-4*$P$18)+(0.1337*10^-8*O27*$P$18) -> 1.1054531 | R27: =0.0283*AS27*($M$18)/K27 -> 0.041517935 | S27: =$P$3*($P$4+Q27) -> 5527.2657 | T27: =S27*5.615 -> 31035.597 | U27: =IF($P$5>0,R27*($P$10-O27)*$P$3,0) -> 40517.48 | V27: =$X$14+$Y$13*(O27-$W$14) -> 0.88373493 | W27: =(8830/(131.5+$P$9)) -> 54.006116 | X27: =0.01361*V27*O27 -> 0.65934742 | Y27: =(W27+X27)/Q27 -> 49.450729 | Z27: =($P$4*$T$6)+(Q27*Y27) -> 54.665464 | AA27: =$P$4+Q27 -> 1.1054531 | AB27: =Z27/AA27 -> 49.450729 | AG27: =10.715*(O27+100)^-0.515 -> 0.79842132 | AH27: =5.44*(O27+150)^-0.338 -> 0.90023415 | AI27: =AG27*$AF$18^AH27 -> 1.4028929 | AJ27: =(($P$4*$T$6)/($P$4*$T$6+Q27*Y27))*$T$7 -> 0 | AK27: =((Q27*Y27)/($P$4*$T$6+Q27*Y27))*AI27 -> 1.4028929 | AL27: =AJ27+AK27 -> 1.4028929 | AM27: =(($P$4*$T$6)/($P$4*$T$6+Q27*Y27))*$T$8 -> 0 | AN27: =((Q27*Y27)/($P$4*$T$6+Q27*Y27))*$T$4 -> 30 | AO27: =AM27+AN27 -> 30 | AQ27: =CS27 -> 0.67189816 | AS27: =EG27 -> 0.96687355 | AU27: =(T27)*(1/86400)/$T$10 -> 4.1162142 | AV27: =(U27)*(1/86400)/$T$10 -> 5.3737852 | AW27: =AU27+AV27 -> 9.4899994 | AX27: =AU27/AW27 -> 0.43374231 | AY27: =1-AX27 -> 0.56625769 | AZ27: =1.071-(0.2218*((AW27^2)/($T$9))) -> -58.854983 | BA27: =IF(AZ27<0.13,0.13,AZ27) -> 0.13 | BB27: =1.938*AU27*(AB27/AO27)^(1/4) -> 9.0388797 | BC27: =1.938*AV27*(AB27/AO27)^(1/4) -> 11.800406 | BD27: =120.872*$T$9*SQRT(AB27/AO27) -> 51.728535 | BE27: =0.15726*AL27*(1/(AB27*AO27^3))^(1/4) -> 0.006490209 | BF27: =0.0019+0.0322*BE27-0.6642*BE27^2+4.9951*BE27^3 -> 0.0020823723 | BG27: =1-10.0147*BE27+33.8696*BE27^2+277.2817*BE27^3 -> 0.93650499 | BH27: =BF27/BG27 -> 0.0022235571 | BI27: =BB27*($K$18^0.1)*BH27 -> 0.03572395 | BJ27: =(BC27^0.575)*(14.7^0.1)*BD27 -> 279.77097 | BK27: =BI27/BJ27 -> 0.00012768998 | BL27: =(0.0047+1123.32*BK27+729489.64*BK27^2) -> 0.16003084 | BM27: =(1+1097.1566*BK27+722153.97*BK27^2) -> 1.1518704 | BN27: =SQRT(BL27/BM27) -> 0.37273488 | BO27: =(BC27*BE27^0.38)/BD27^2.14 -> 0.00037425935 | BP27: =1.0886-69.9473*BO27+2334.3497*BO27^2-12896.683*BO27^3 -> 1.0627479 | BQ27: =1-53.4401*BO27+1517.9369*BO27^2-8419.8115*BO27^3 -> 0.98021172 | BR27: =BP27/BQ27 -> 1.0842024 | BS27: =IF(U27<=0,1,(BN27*BR27)) -> 0.40412003 | BT27: =IF(U27>1,BN27*BR27,1) -> 0.40412003 | BU27: =IF($P$5=0,1,BT27) -> 0.40412003 | BV27: =AB27*AU27 -> 203.5498 | BW27: =EU27*AV27 -> 6.4231479 | BX27: =$T$10*(BV27+BW27)*86400 -> 1583162.4 | BY27: =(AL27^BS27)*EX27^(1-BS27) -> 0.090360567 | BZ27: =2.2*10^-2*BX27/BY27/$T$9 -> 1156353.1 | CA27: =$CB$15/3.7065 -> 0.00016187778 | CB27: =5.0452/BZ27 -> 4.3630273e-06 | CC27: =LOG(($CB$15^1.1098/2.8257)+(7.149/BZ27)^0.8981) -> -3.9392407 | CD27: =-4*LOG(CA27-(CB27*CC27)) -> 14.987959 | CE27: =1/CD27^2 -> 0.0044515884 | CF27: =BS27*AB27+(1-BS27)*EU27 -> 20.69627 | CG27: =CE27*BX27^2/($T$9)^5/CF27 -> 1.3100266e+11 | CH27: =(1/144)*(CF27+(CG27/74130000000)) -> 0.15599633 | CI27: =CH27*$CI$14 -> 31.199267 | CJ27: =CJ26+200 -> 2000 | CK27: =C27+CI27 -> 611.81141 | CS27: =K27/$CQ$18 -> 0.67189816 | CT27: 0.8 | CU27: =0.27*CS27/CT27/$CR$18 -> 0.1247211 | CV27: =($CU$12+$CW$12/$CR$18+$CY$12/$CR$18^3+$DA$12/$CR$18^4+$DC$12/$CR$18^5)*CU27 -> -0.043900746 | CW27: =($DE$12+$DG$12/$CR$18+$CU$13/$CR$18^2)*CU27^2 -> 0.0030865862 | CX27: =$CW$13*($DG$12/$CR$18+$CU$13/$CR$18^2)*CU27^5 -> -1.1124513e-06 | CY27: =$CY$13*(1+$DA$13*CU27^2)*(CU27^2/$CR$18^3) -> 0.0016052968 | CZ27: =EXP(-$DA$13*CU27^2) -> 0.98884725 | DA27: =1+CV27+CW27-CX27+CY27*CZ27 -> 0.96077435 | DB27: =DA27-CT27 -> 0.16077435 | DC27: 0.85 | DD27: =0.27*CS27/DC27/$CR$18 -> 0.11738456 | DE27: =($CU$12+$CW$12/$CR$18+$CY$12/$CR$18^3+$DA$12/$CR$18^4+$DC$12/$CR$18^5)*DD27 -> -0.041318349 | DF27: =($DE$12+$DG$12/$CR$18+$CU$13/$CR$18^2)*DD27^2 -> 0.0027341386 | DG27: =$CW$13*($DG$12/$CR$18+$CU$13/$CR$18^2)*DD27^5 -> -8.2155437e-07 | DH27: =$CY$13*(1+$DA$13*DD27^2)*DD27^2/$CR$18^3 -> 0.0014201922 | DI27: =EXP(-$DA$13*DD27^2) -> 0.99011443 | DJ27: =1+DE27+DF27-DG27+DH27*DI27 -> 0.96282276 | DK27: =DJ27-DC27 -> 0.11282276 | DL27: =(DK27-DB27)/(DC27-CT27) -> -0.95903164 | DM27: =CT27-DB27/DL27 -> 0.96764238 | DN27: =DC27 -> 0.85 | DO27: =0.27*CS27/DN27/$CR$18 -> 0.11738456 | DP27: =($CU$12+$CW$12/$CR$18+$CY$12/$CR$18^3+$DA$12/$CR$18^4+$DC$12/$CR$18^5)*DO27 -> -0.041318349 | DQ27: =($DE$12+$DG$12/$CR$18+$CU$13/$CR$18^2)*DO27^2 -> 0.0027341386 | DR27: =$CW$13*($DG$12/$CR$18+$CU$13/$CR$18^2)*DO27^5 -> -8.2155437e-07 | DS27: =$CY$13*(1+$DA$13*DO27^2)*(DO27^2/$CR$18^3) -> 0.0014201922 | DT27: =EXP(-$DA$13*DO27^2) -> 0.99011443 | DU27: =1+DP27+DQ27-DR27+DS27*DT27 -> 0.96282276 | DV27: =DU27-DN27 -> 0.11282276 | DW27: =DM27 -> 0.96764238 | DX27: =0.27*CS27/DW27/$CR$18 -> 0.10311338 | DY27: =($CU$12+$CW$12/$CR$18+$CY$12/$CR$18^3+$DA$12/$CR$18^4+$DC$12/$CR$18^5)*DX27 -> -0.036295017 | DZ27: =($DE$12+$DG$12/$CR$18+$CU$13/$CR$18^2)*DX27^2 -> 0.0021097385 | EA27: =$CW$13*($DG$12/$CR$18+$CU$13/$CR$18^2)*DX27^5 -> -4.2969128e-07 | EB27: =$CY$13*(1+$DA$13*DX27^2)*DX27^2/$CR$18^3 -> 0.0010933985 | EC27: =EXP(-$DA$13*DX27^2) -> 0.99236337 | ED27: =1+DY27+DZ27-EA27+EB27*EC27 -> 0.9669002 | EE27: =ED27-DW27 -> -0.00074217899 | EF27: =(EE27-DV27)/(DW27-DN27) -> -0.96534042 | EG27: =DN27-DV27/EF27 -> 0.96687355 | EK27: =K27 -> 448.15607 | EU27: =(EK27*$EO$18)/(DM27*10.73*$EJ$18) -> 1.1952744 | EV27: =EU27/67.0176 -> 0.017835231 | EW27: =EXP($ES$18*EV27^$ET$18) -> 1.0258259 | EX27: =$ER$18*10^-4*EW27 -> 0.014067708 | EZ27: 1126.1 | FA27: 6364.5 | FC27: 3385.2 | FD27: 8017.3
C28: =E27 -> 611.81141 | D28: 315.8 | E28: =CK28 -> 643.3408 | F28: =D28-E28 -> -327.5408 | G28: =AVERAGE(C28,D28) -> 463.8057 | I28: =Sheet10!K28 -> 651.3641 | K28: =G28 -> 463.8057 | O28: =(($P$8*K28^1.187)/56.06)*10^(10.393*$N$18) -> 57.099005 | Q28: =1+(4.67*10^-4*O28)+(0.11*10^-4*$P$18)+(0.1337*10^-8*O28*$P$18) -> 1.1065397 | R28: =0.0283*AS28*($M$18)/K28 -> 0.040072432 | S28: =$P$3*($P$4+Q28) -> 5532.6985 | T28: =S28*5.615 -> 31066.102 | U28: =IF($P$5>0,R28*($P$10-O28)*$P$3,0) -> 38650.06 | V28: =$X$14+$Y$13*(O28-$W$14) -> 0.8834744 | W28: =(8830/(131.5+$P$9)) -> 54.006116 | X28: =0.01361*V28*O28 -> 0.68656338 | Y28: =(W28+X28)/Q28 -> 49.426767 | Z28: =($P$4*$T$6)+(Q28*Y28) -> 54.69268 | AA28: =$P$4+Q28 -> 1.1065397 | AB28: =Z28/AA28 -> 49.426767 | AG28: =10.715*(O28+100)^-0.515 -> 0.79243355 | AH28: =5.44*(O28+150)^-0.338 -> 0.89687255 | AI28: =AG28*$AF$18^AH28 -> 1.3894444 | AJ28: =(($P$4*$T$6)/($P$4*$T$6+Q28*Y28))*$T$7 -> 0 | AK28: =((Q28*Y28)/($P$4*$T$6+Q28*Y28))*AI28 -> 1.3894444 | AL28: =AJ28+AK28 -> 1.3894444 | AM28: =(($P$4*$T$6)/($P$4*$T$6+Q28*Y28))*$T$8 -> 0 | AN28: =((Q28*Y28)/($P$4*$T$6+Q28*Y28))*$T$4 -> 30 | AO28: =AM28+AN28 -> 30 | AQ28: =CS28 -> 0.69536088 | AS28: =EG28 -> 0.96579831 | AU28: =(T28)*(1/86400)/$T$10 -> 4.1202601 | AV28: =(U28)*(1/86400)/$T$10 -> 5.1261114 | AW28: =AU28+AV28 -> 9.2463716 | AX28: =AU28/AW28 -> 0.44560832 | AY28: =1-AX28 -> 0.55439168 | AZ28: =1.071-(0.2218*((AW28^2)/($T$9))) -> -55.817631 | BA28: =IF(AZ28<0.13,0.13,AZ28) -> 0.13 | BB28: =1.938*AU28*(AB28/AO28)^(1/4) -> 9.0466678 | BC28: =1.938*AV28*(AB28/AO28)^(1/4) -> 11.25517 | BD28: =120.872*$T$9*SQRT(AB28/AO28) -> 51.716 | BE28: =0.15726*AL28*(1/(AB28*AO28^3))^(1/4) -> 0.0064287709 | BF28: =0.0019+0.0322*BE28-0.6642*BE28^2+4.9951*BE28^3 -> 0.0020808828 | BG28: =1-10.0147*BE28+33.8696*BE28^2+277.2817*BE28^3 -> 0.93709126 | BH28: =BF28/BG28 -> 0.0022205765 | BI28: =BB28*($K$18^0.1)*BH28 -> 0.035706802 | BJ28: =(BC28^0.575)*(14.7^0.1)*BD28 -> 272.19747 | BK28: =BI28/BJ28 -> 0.00013117977 | BL28: =(0.0047+1123.32*BK28+729489.64*BK28^2) -> 0.16461001 | BM28: =(1+1097.1566*BK28+722153.97*BK28^2) -> 1.1563517 | BN28: =SQRT(BL28/BM28) -> 0.37729683 | BO28: =(BC28*BE28^0.38)/BD28^2.14 -> 0.0003558634 | BP28: =1.0886-69.9473*BO28+2334.3497*BO28^2-12896.683*BO28^3 -> 1.0640034 | BQ28: =1-53.4401*BO28+1517.9369*BO28^2-8419.8115*BO28^3 -> 0.98117447 | BR28: =BP28/BQ28 -> 1.0844181 | BS28: =IF(U28<=0,1,(BN28*BR28)) -> 0.40914751 | BT28: =IF(U28>1,BN28*BR28,1) -> 0.40914751 | BU28: =IF($P$5=0,1,BT28) -> 0.40914751 | BV28: =AB28*AU28 -> 203.65114 | BW28: =EU28*AV28 -> 6.3480926 | BX28: =$T$10*(BV28+BW28)*86400 -> 1583360.6 | BY28: =(AL28^BS28)*EX28^(1-BS28) -> 0.092178236 | BZ28: =2.2*10^-2*BX28/BY28/$T$9 -> 1133692.8 | CA28: =$CB$15/3.7065 -> 0.00016187778 | CB28: =5.0452/BZ28 -> 4.4502357e-06 | CC28: =LOG(($CB$15^1.1098/2.8257)+(7.149/BZ28)^0.8981) -> -3.937822 | CD28: =-4*LOG(CA28-(CB28*CC28)) -> 14.984691 | CE28: =1/CD28^2 -> 0.0044535305 | CF28: =BS28*AB28+(1-BS28)*EU28 -> 20.954541 | CG28: =CE28*BX28^2/($T$9)^5/CF28 -> 1.2947688e+11 | CH28: =(1/144)*(CF28+(CG28/74130000000)) -> 0.15764694 | CI28: =CH28*$CI$14 -> 31.529389 | CJ28: =CJ27+200 -> 2200 | CK28: =C28+CI28 -> 643.3408 | CS28: =K28/$CQ$18 -> 0.69536088 | CT28: 0.8 | CU28: =0.27*CS28/CT28/$CR$18 -> 0.12907636 | CV28: =($CU$12+$CW$12/$CR$18+$CY$12/$CR$18^3+$DA$12/$CR$18^4+$DC$12/$CR$18^5)*CU28 -> -0.045433762 | CW28: =($DE$12+$DG$12/$CR$18+$CU$13/$CR$18^2)*CU28^2 -> 0.0033059175 | CX28: =$CW$13*($DG$12/$CR$18+$CU$13/$CR$18^2)*CU28^5 -> -1.3207329e-06 | CY28: =$CY$13*(1+$DA$13*CU28^2)*(CU28^2/$CR$18^3) -> 0.0017207235 | CZ28: =EXP(-$DA$13*CU28^2) -> 0.98805949 | DA28: =1+CV28+CW28-CX28+CY28*CZ28 -> 0.95957365 | DB28: =DA28-CT28 -> 0.15957365 | DC28: 0.85 | DD28: =0.27*CS28/DC28/$CR$18 -> 0.12148364 | DE28: =($CU$12+$CW$12/$CR$18+$CY$12/$CR$18^3+$DA$12/$CR$18^4+$DC$12/$CR$18^5)*DD28 -> -0.042761188 | DF28: =($DE$12+$DG$12/$CR$18+$CU$13/$CR$18^2)*DD28^2 -> 0.0029284252 | DG28: =$CW$13*($DG$12/$CR$18+$CU$13/$CR$18^2)*DD28^5 -> -9.7537208e-07 | DH28: =$CY$13*(1+$DA$13*DD28^2)*DD28^2/$CR$18^3 -> 0.0015221736 | DI28: =EXP(-$DA$13*DD28^2) -> 0.9894157 | DJ28: =1+DE28+DF28-DG28+DH28*DI28 -> 0.96167428 | DK28: =DJ28-DC28 -> 0.11167428 | DL28: =(DK28-DB28)/(DC28-CT28) -> -0.95798756 | DM28: =CT28-DB28/DL28 -> 0.96657174 | DN28: =DC28 -> 0.85 | DO28: =0.27*CS28/DN28/$CR$18 -> 0.12148364 | DP28: =($CU$12+$CW$12/$CR$18+$CY$12/$CR$18^3+$DA$12/$CR$18^4+$DC$12/$CR$18^5)*DO28 -> -0.042761188 | DQ28: =($DE$12+$DG$12/$CR$18+$CU$13/$CR$18^2)*DO28^2 -> 0.0029284252 | DR28: =$CW$13*($DG$12/$CR$18+$CU$13/$CR$18^2)*DO28^5 -> -9.7537208e-07 | DS28: =$CY$13*(1+$DA$13*DO28^2)*(DO28^2/$CR$18^3) -> 0.0015221736 | DT28: =EXP(-$DA$13*DO28^2) -> 0.9894157 | DU28: =1+DP28+DQ28-DR28+DS28*DT28 -> 0.96167428 | DV28: =DU28-DN28 -> 0.11167428 | DW28: =DM28 -> 0.96657174 | DX28: =0.27*CS28/DW28/$CR$18 -> 0.10683231 | DY28: =($CU$12+$CW$12/$CR$18+$CY$12/$CR$18^3+$DA$12/$CR$18^4+$DC$12/$CR$18^5)*DX28 -> -0.037604048 | DZ28: =($DE$12+$DG$12/$CR$18+$CU$13/$CR$18^2)*DX28^2 -> 0.0022646641 | EA28: =$CW$13*($DG$12/$CR$18+$CU$13/$CR$18^2)*DX28^5 -> -5.1297298e-07 | EB28: =$CY$13*(1+$DA$13*DX28^2)*DX28^2/$CR$18^3 -> 0.0011743463 | EC28: =EXP(-$DA$13*DX28^2) -> 0.99180489 | ED28: =1+DY28+DZ28-EA28+EB28*EC28 -> 0.96582585 | EE28: =ED28-DW28 -> -0.00074588601 | EF28: =(EE28-DV28)/(DW28-DN28) -> -0.96438608 | EG28: =DN28-DV28/EF28 -> 0.96579831 | EK28: =K28 -> 463.8057 | EU28: =(EK28*$EO$18)/(DM28*10.73*$EJ$18) -> 1.2383837 | EV28: =EU28/67.0176 -> 0.018478484 | EW28: =EXP($ES$18*EV28^$ET$18) -> 1.0270745 | EX28: =$ER$18*10^-4*EW28 -> 0.01408483 | EZ28: 1269.1 | FA28: 6957.3 | FC28: 3815.9 | FD28: 9017.2
C29: =E28 -> 643.3408 | D29: 315.9 | E29: =CK29 -> 675.20089 | F29: =D29-E29 -> -359.30089 | G29: =AVERAGE(C29,D29) -> 479.6204 | I29: =Sheet10!K29 -> 687.41647 | K29: =G29 -> 479.6204 | O29: =(($P$8*K29^1.187)/56.06)*10^(10.393*$N$18) -> 59.417327 | Q29: =1+(4.67*10^-4*O29)+(0.11*10^-4*$P$18)+(0.1337*10^-8*O29*$P$18) -> 1.1076447 | R29: =0.0283*AS29*($M$18)/K29 -> 0.038707764 | S29: =$P$3*($P$4+Q29) -> 5538.2235 | T29: =S29*5.615 -> 31097.125 | U29: =IF($P$5>0,R29*($P$10-O29)*$P$3,0) -> 36885.145 | V29: =$X$14+$Y$13*(O29-$W$14) -> 0.88320945 | W29: =(8830/(131.5+$P$9)) -> 54.006116 | X29: =0.01361*V29*O29 -> 0.71422483 | Y29: =(W29+X29)/Q29 -> 49.402431 | Z29: =($P$4*$T$6)+(Q29*Y29) -> 54.720341 | AA29: =$P$4+Q29 -> 1.1076447 | AB29: =Z29/AA29 -> 49.402431 | AG29: =10.715*(O29+100)^-0.515 -> 0.78647764 | AH29: =5.44*(O29+150)^-0.338 -> 0.89350428 | AI29: =AG29*$AF$18^AH29 -> 1.3760962 | AJ29: =(($P$4*$T$6)/($P$4*$T$6+Q29*Y29))*$T$7 -> 0 | AK29: =((Q29*Y29)/($P$4*$T$6+Q29*Y29))*AI29 -> 1.3760962 | AL29: =AJ29+AK29 -> 1.3760962 | AM29: =(($P$4*$T$6)/($P$4*$T$6+Q29*Y29))*$T$8 -> 0 | AN29: =((Q29*Y29)/($P$4*$T$6+Q29*Y29))*$T$4 -> 30 | AO29: =AM29+AN29 -> 30 | AQ29: =CS29 -> 0.71907106 | AS29: =EG29 -> 0.964718 | AU29: =(T29)*(1/86400)/$T$10 -> 4.1243747 | AV29: =(U29)*(1/86400)/$T$10 -> 4.8920329 | AW29: =AU29+AV29 -> 9.0164076 | AX29: =AU29/AW29 -> 0.45742993 | AY29: =1-AX29 -> 0.54257007 | AZ29: =1.071-(0.2218*((AW29^2)/($T$9))) -> -53.023096 | BA29: =IF(AZ29<0.13,0.13,AZ29) -> 0.13 | BB29: =1.938*AU29*(AB29/AO29)^(1/4) -> 9.0545871 | BC29: =1.938*AV29*(AB29/AO29)^(1/4) -> 10.739892 | BD29: =120.872*$T$9*SQRT(AB29/AO29) -> 51.703267 | BE29: =0.15726*AL29*(1/(AB29*AO29^3))^(1/4) -> 0.0063677945 | BF29: =0.0019+0.0322*BE29-0.6642*BE29^2+4.9951*BE29^3 -> 0.0020794002 | BG29: =1-10.0147*BE29+33.8696*BE29^2+277.2817*BE29^3 -> 0.93767342 | BH29: =BF29/BG29 -> 0.0022176167 | BI29: =BB29*($K$18^0.1)*BH29 -> 0.035690424 | BJ29: =(BC29^0.575)*(14.7^0.1)*BD29 -> 264.89555 | BK29: =BI29/BJ29 -> 0.00013473395 | BL29: =(0.0047+1123.32*BK29+729489.64*BK29^2) -> 0.16929194 | BM29: =(1+1097.1566*BK29+722153.97*BK29^2) -> 1.1609337 | BN29: =SQRT(BL29/BM29) -> 0.38186903 | BO29: =(BC29*BE29^0.38)/BD29^2.14 -> 0.00033852228 | BP29: =1.0886-69.9473*BO29+2334.3497*BO29^2-12896.683*BO29^3 -> 1.0651883 | BQ29: =1-53.4401*BO29+1517.9369*BO29^2-8419.8115*BO29^3 -> 0.98208296 | BR29: =BP29/BQ29 -> 1.0846215 | BS29: =IF(U29<=0,1,(BN29*BR29)) -> 0.41418336 | BT29: =IF(U29>1,BN29*BR29,1) -> 0.41418336 | BU29: =IF($P$5=0,1,BT29) -> 0.41418336 | BV29: =AB29*AU29 -> 203.75413 | BW29: =EU29*AV29 -> 6.2717714 | BX29: =$T$10*(BV29+BW29)*86400 -> 1583561.7 | BY29: =(AL29^BS29)*EX29^(1-BS29) -> 0.094026609 | BZ29: =2.2*10^-2*BX29/BY29/$T$9 -> 1111547.8 | CA29: =$CB$15/3.7065 -> 0.00016187778 | CB29: =5.0452/BZ29 -> 4.538896e-06 | CC29: =LOG(($CB$15^1.1098/2.8257)+(7.149/BZ29)^0.8981) -> -3.9363872 | CD29: =-4*LOG(CA29-(CB29*CC29)) -> 14.981376 | CE29: =1/CD29^2 -> 0.0044555013 | CF29: =BS29*AB29+(1-BS29)*EU29 -> 21.212704 | CG29: =CE29*BX29^2/($T$9)^5/CF29 -> 1.2799023e+11 | CH29: =(1/144)*(CF29+(CG29/74130000000)) -> 0.15930047 | CI29: =CH29*$CI$14 -> 31.860095 | CJ29: =CJ28+200 -> 2400 | CK29: =C29+CI29 -> 675.20089 | CS29: =K29/$CQ$18 -> 0.71907106 | CT29: 0.8 | CU29: =0.27*CS29/CT29/$CR$18 -> 0.13347757 | CV29: =($CU$12+$CW$12/$CR$18+$CY$12/$CR$18^3+$DA$12/$CR$18^4+$DC$12/$CR$18^5)*CU29 -> -0.046982948 | CW29: =($DE$12+$DG$12/$CR$18+$CU$13/$CR$18^2)*CU29^2 -> 0.0035352093 | CX29: =$CW$13*($DG$12/$CR$18+$CU$13/$CR$18^2)*CU29^5 -> -1.5617906e-06 | CY29: =$CY$13*(1+$DA$13*CU29^2)*(CU29^2/$CR$18^3) -> 0.0018415843 | CZ29: =EXP(-$DA$13*CU29^2) -> 0.98723663 | DA29: =1+CV29+CW29-CX29+CY29*CZ29 -> 0.9583719 | DB29: =DA29-CT29 -> 0.1583719 | DC29: 0.85 | DD29: =0.27*CS29/DC29/$CR$18 -> 0.12562594 | DE29: =($CU$12+$CW$12/$CR$18+$CY$12/$CR$18^3+$DA$12/$CR$18^4+$DC$12/$CR$18^5)*DD29 -> -0.044219245 | DF29: =($DE$12+$DG$12/$CR$18+$CU$13/$CR$18^2)*DD29^2 -> 0.0031315349 | DG29: =$CW$13*($DG$12/$CR$18+$CU$13/$CR$18^2)*DD29^5 -> -1.1533951e-06 | DH29: =$CY$13*(1+$DA$13*DD29^2)*DD29^2/$CR$18^3 -> 0.0016289372 | DI29: =EXP(-$DA$13*DD29^2) -> 0.98868576 | DJ29: =1+DE29+DF29-DG29+DH29*DI29 -> 0.96052395 | DK29: =DJ29-DC29 -> 0.11052395 | DL29: =(DK29-DB29)/(DC29-CT29) -> -0.95695905 | DM29: =CT29-DB29/DL29 -> 0.96549496 | DN29: =DC29 -> 0.85 | DO29: =0.27*CS29/DN29/$CR$18 -> 0.12562594 | DP29: =($CU$12+$CW$12/$CR$18+$CY$12/$CR$18^3+$DA$12/$CR$18^4+$DC$12/$CR$18^5)*DO29 -> -0.044219245 | DQ29: =($DE$12+$DG$12/$CR$18+$CU$13/$CR$18^2)*DO29^2 -> 0.0031315349 | DR29: =$CW$13*($DG$12/$CR$18+$CU$13/$CR$18^2)*DO29^5 -> -1.1533951e-06 | DS29: =$CY$13*(1+$DA$13*DO29^2)*(DO29^2/$CR$18^3) -> 0.0016289372 | DT29: =EXP(-$DA$13*DO29^2) -> 0.98868576 | DU29: =1+DP29+DQ29-DR29+DS29*DT29 -> 0.96052395 | DV29: =DU29-DN29 -> 0.11052395 | DW29: =DM29 -> 0.96549496 | DX29: =0.27*CS29/DW29/$CR$18 -> 0.11059825 | DY29: =($CU$12+$CW$12/$CR$18+$CY$12/$CR$18^3+$DA$12/$CR$18^4+$DC$12/$CR$18^5)*DX29 -> -0.038929626 | DZ29: =($DE$12+$DG$12/$CR$18+$CU$13/$CR$18^2)*DX29^2 -> 0.0024271414 | EA29: =$CW$13*($DG$12/$CR$18+$CU$13/$CR$18^2)*DX29^5 -> -6.0998996e-07 | EB29: =$CY$13*(1+$DA$13*DX29^2)*DX29^2/$CR$18^3 -> 0.0012593363 | EC29: =EXP(-$DA$13*DX29^2) -> 0.99121952 | ED29: =1+DY29+DZ29-EA29+EB29*EC29 -> 0.9647464 | EE29: =ED29-DW29 -> -0.00074855955 | EF29: =(EE29-DV29)/(DW29-DN29) -> -0.96344037 | EG29: =DN29-DV29/EF29 -> 0.964718 | EK29: =K29 -> 479.6204 | EU29: =(EK29*$EO$18)/(DM29*10.73*$EJ$18) -> 1.2820379 | EV29: =EU29/67.0176 -> 0.019129868 | EW29: =EXP($ES$18*EV29^$ET$18) -> 1.0283545 | EX29: =$ER$18*10^-4*EW29 -> 0.014102383 | EZ29: 1400.4 | FA29: 7435.5 | FC29: 4222.5 | FD29: 9997.6
C30: =E29 -> 675.20089 | D30: 316 | E30: =CK30 -> 707.39252 | F30: =D30-E30 -> -391.39252 | G30: =AVERAGE(C30,D30) -> 495.60045 | I30: =Sheet10!K30 -> 724.19998 | K30: =G30 -> 495.60045 | O30: =(($P$8*K30^1.187)/56.06)*10^(10.393*$N$18) -> 61.774455 | Q30: =1+(4.67*10^-4*O30)+(0.11*10^-4*$P$18)+(0.1337*10^-8*O30*$P$18) -> 1.1087682 | R30: =0.0283*AS30*($M$18)/K30 -> 0.037417543 | S30: =$P$3*($P$4+Q30) -> 5543.8411 | T30: =S30*5.615 -> 31128.668 | U30: =IF($P$5>0,R30*($P$10-O30)*$P$3,0) -> 35214.687 | V30: =$X$14+$Y$13*(O30-$W$14) -> 0.88294006 | W30: =(8830/(131.5+$P$9)) -> 54.006116 | X30: =0.01361*V30*O30 -> 0.74233215 | Y30: =(W30+X30)/Q30 -> 49.377722 | Z30: =($P$4*$T$6)+(Q30*Y30) -> 54.748448 | AA30: =$P$4+Q30 -> 1.1087682 | AB30: =Z30/AA30 -> 49.377722 | AG30: =10.715*(O30+100)^-0.515 -> 0.78055508 | AH30: =5.44*(O30+150)^-0.338 -> 0.8901304 | AI30: =AG30*$AF$18^AH30 -> 1.3628515 | AJ30: =(($P$4*$T$6)/($P$4*$T$6+Q30*Y30))*$T$7 -> 0 | AK30: =((Q30*Y30)/($P$4*$T$6+Q30*Y30))*AI30 -> 1.3628515 | AL30: =AJ30+AK30 -> 1.3628515 | AM30: =(($P$4*$T$6)/($P$4*$T$6+Q30*Y30))*$T$8 -> 0 | AN30: =((Q30*Y30)/($P$4*$T$6+Q30*Y30))*$T$4 -> 30 | AO30: =AM30+AN30 -> 30 | AQ30: =CS30 -> 0.74302915 | AS30: =EG30 -> 0.96363288 | AU30: =(T30)*(1/86400)/$T$10 -> 4.1285581 | AV30: =(U30)*(1/86400)/$T$10 -> 4.670482 | AW30: =AU30+AV30 -> 8.7990401 | AX30: =AU30/AW30 -> 0.46920551 | AY30: =1-AX30 -> 0.53079449 | AZ30: =1.071-(0.2218*((AW30^2)/($T$9))) -> -50.446336 | BA30: =IF(AZ30<0.13,0.13,AZ30) -> 0.13 | BB30: =1.938*AU30*(AB30/AO30)^(1/4) -> 9.0626378 | BC30: =1.938*AV30*(AB30/AO30)^(1/4) -> 10.25222 | BD30: =120.872*$T$9*SQRT(AB30/AO30) -> 51.690335 | BE30: =0.15726*AL30*(1/(AB30*AO30^3))^(1/4) -> 0.0063072944 | BF30: =0.0019+0.0322*BE30-0.6642*BE30^2+4.9951*BE30^3 -> 0.0020779251 | BG30: =1-10.0147*BE30+33.8696*BE30^2+277.2817*BE30^3 -> 0.93825131 | BH30: =BF30/BG30 -> 0.0022146785 | BI30: =BB30*($K$18^0.1)*BH30 -> 0.035674829 | BJ30: =(BC30^0.575)*(14.7^0.1)*BD30 -> 257.84659 | BK30: =BI30/BJ30 -> 0.0001383568 | BL30: =(0.0047+1123.32*BK30+729489.64*BK30^2) -> 0.17408329 | BM30: =(1+1097.1566*BK30+722153.97*BK30^2) -> 1.165623 | BN30: =SQRT(BL30/BM30) -> 0.3864555 | BO30: =(BC30*BE30^0.38)/BD30^2.14 -> 0.00032215309 | BP30: =1.0886-69.9473*BO30+2334.3497*BO30^2-12896.683*BO30^3 -> 1.0663081 | BQ30: =1-53.4401*BO30+1517.9369*BO30^2-8419.8115*BO30^3 -> 0.98294136 | BR30: =BP30/BQ30 -> 1.0848135 | BS30: =IF(U30<=0,1,(BN30*BR30)) -> 0.41923216 | BT30: =IF(U30>1,BN30*BR30,1) -> 0.41923216 | BU30: =IF($P$5=0,1,BT30) -> 0.41923216 | BV30: =AB30*AU30 -> 203.85879 | BW30: =EU30*AV30 -> 6.1941806 | BX30: =$T$10*(BV30+BW30)*86400 -> 1583765.8 | BY30: =(AL30^BS30)*EX30^(1-BS30) -> 0.095908101 | BZ30: =2.2*10^-2*BX30/BY30/$T$9 -> 1089882.3 | CA30: =$CB$15/3.7065 -> 0.00016187778 | CB30: =5.0452/BZ30 -> 4.6291236e-06 | CC30: =LOG(($CB$15^1.1098/2.8257)+(7.149/BZ30)^0.8981) -> -3.9349349 | CD30: =-4*LOG(CA30-(CB30*CC30)) -> 14.978012 | CE30: =1/CD30^2 -> 0.0044575032 | CF30: =BS30*AB30+(1-BS30)*EU30 -> 21.470966 | CG30: =CE30*BX30^2/($T$9)^5/CF30 -> 1.2654013e+11 | CH30: =(1/144)*(CF30+(CG30/74130000000)) -> 0.16095812 | CI30: =CH30*$CI$14 -> 32.191624 | CJ30: =CJ29+200 -> 2600 | CK30: =C30+CI30 -> 707.39252 | CS30: =K30/$CQ$18 -> 0.74302915 | CT30: 0.8 | CU30: =0.27*CS30/CT30/$CR$18 -> 0.13792479 | CV30: =($CU$12+$CW$12/$CR$18+$CY$12/$CR$18^3+$DA$12/$CR$18^4+$DC$12/$CR$18^5)*CU30 -> -0.048548331 | CW30: =($DE$12+$DG$12/$CR$18+$CU$13/$CR$18^2)*CU30^2 -> 0.0037747068 | CX30: =$CW$13*($DG$12/$CR$18+$CU$13/$CR$18^2)*CU30^5 -> -1.8398949e-06 | CY30: =$CY$13*(1+$DA$13*CU30^2)*(CU30^2/$CR$18^3) -> 0.0019680344 | CZ30: =EXP(-$DA$13*CU30^2) -> 0.98637787 | DA30: =1+CV30+CW30-CX30+CY30*CZ30 -> 0.95716944 | DB30: =DA30-CT30 -> 0.15716944 | DC30: 0.85 | DD30: =0.27*CS30/DC30/$CR$18 -> 0.12981156 | DE30: =($CU$12+$CW$12/$CR$18+$CY$12/$CR$18^3+$DA$12/$CR$18^4+$DC$12/$CR$18^5)*DD30 -> -0.045692547 | DF30: =($DE$12+$DG$12/$CR$18+$CU$13/$CR$18^2)*DD30^2 -> 0.0033436849 | DG30: =$CW$13*($DG$12/$CR$18+$CU$13/$CR$18^2)*DD30^5 -> -1.3587775e-06 | DH30: =$CY$13*(1+$DA$13*DD30^2)*DD30^2/$CR$18^3 -> 0.0017406174 | DI30: =EXP(-$DA$13*DD30^2) -> 0.98792391 | DJ30: =1+DE30+DF30-DG30+DH30*DI30 -> 0.95937209 | DK30: =DJ30-DC30 -> 0.10937209 | DL30: =(DK30-DB30)/(DC30-CT30) -> -0.95594694 | DM30: =CT30-DB30/DL30 -> 0.96441231 | DN30: =DC30 -> 0.85 | DO30: =0.27*CS30/DN30/$CR$18 -> 0.12981156 | DP30: =($CU$12+$CW$12/$CR$18+$CY$12/$CR$18^3+$DA$12/$CR$18^4+$DC$12/$CR$18^5)*DO30 -> -0.045692547 | DQ30: =($DE$12+$DG$12/$CR$18+$CU$13/$CR$18^2)*DO30^2 -> 0.0033436849 | DR30: =$CW$13*($DG$12/$CR$18+$CU$13/$CR$18^2)*DO30^5 -> -1.3587775e-06 | DS30: =$CY$13*(1+$DA$13*DO30^2)*(DO30^2/$CR$18^3) -> 0.0017406174 | DT30: =EXP(-$DA$13*DO30^2) -> 0.98792391 | DU30: =1+DP30+DQ30-DR30+DS30*DT30 -> 0.95937209 | DV30: =DU30-DN30 -> 0.10937209 | DW30: =DM30 -> 0.96441231 | DX30: =0.27*CS30/DW30/$CR$18 -> 0.11441147 | DY30: =($CU$12+$CW$12/$CR$18+$CY$12/$CR$18^3+$DA$12/$CR$18^4+$DC$12/$CR$18^5)*DX30 -> -0.040271847 | DZ30: =($DE$12+$DG$12/$CR$18+$CU$13/$CR$18^2)*DX30^2 -> 0.0025973932 | EA30: =$CW$13*($DG$12/$CR$18+$CU$13/$CR$18^2)*DX30^5 -> -7.2265206e-07 | EB30: =$CY$13*(1+$DA$13*DX30^2)*DX30^2/$CR$18^3 -> 0.0013484988 | EC30: =EXP(-$DA$13*DX30^2) -> 0.99060652 | ED30: =1+DY30+DZ30-EA30+EB30*EC30 -> 0.9636621 | EE30: =ED30-DW30 -> -0.0007502062 | EF30: =(EE30-DV30)/(DW30-DN30) -> -0.96250398 | EG30: =DN30-DV30/EF30 -> 0.96363288 | EK30: =K30 -> 495.60045 | EU30: =(EK30*$EO$18)/(DM30*10.73*$EJ$18) -> 1.3262401 | EV30: =EU30/67.0176 -> 0.01978943 | EW30: =EXP($ES$18*EV30^$ET$18) -> 1.0296663 | EX30: =$ER$18*10^-4*EW30 -> 0.014120372 | EZ30: 1531.7 | FA30: 7932.8
C31: =E30 -> 707.39252 | D31: 316.1 | E31: =CK31 -> 739.91673 | F31: =D31-E31 -> -423.81673 | G31: =AVERAGE(C31,D31) -> 511.74626 | I31: =Sheet10!K31 -> 761.73376 | K31: =G31 -> 511.74626 | O31: =(($P$8*K31^1.187)/56.06)*10^(10.393*$N$18) -> 64.170513 | Q31: =1+(4.67*10^-4*O31)+(0.11*10^-4*$P$18)+(0.1337*10^-8*O31*$P$18) -> 1.1099103 | R31: =0.0283*AS31*($M$18)/K31 -> 0.036196026 | S31: =$P$3*($P$4+Q31) -> 5549.5514 | T31: =S31*5.615 -> 31160.731 | U31: =IF($P$5>0,R31*($P$10-O31)*$P$3,0) -> 33631.445 | V31: =$X$14+$Y$13*(O31-$W$14) -> 0.88266623 | W31: =(8830/(131.5+$P$9)) -> 54.006116 | X31: =0.01361*V31*O31 -> 0.77088597 | Y31: =(W31+X31)/Q31 -> 49.35264 | Z31: =($P$4*$T$6)+(Q31*Y31) -> 54.777002 | AA31: =$P$4+Q31 -> 1.1099103 | AB31: =Z31/AA31 -> 49.35264 | AG31: =10.715*(O31+100)^-0.515 -> 0.77466721 | AH31: =5.44*(O31+150)^-0.338 -> 0.8867519 | AI31: =AG31*$AF$18^AH31 -> 1.3497131 | AJ31: =(($P$4*$T$6)/($P$4*$T$6+Q31*Y31))*$T$7 -> 0 | AK31: =((Q31*Y31)/($P$4*$T$6+Q31*Y31))*AI31 -> 1.3497131 | AL31: =AJ31+AK31 -> 1.3497131 | AM31: =(($P$4*$T$6)/($P$4*$T$6+Q31*Y31))*$T$8 -> 0 | AN31: =((Q31*Y31)/($P$4*$T$6+Q31*Y31))*$T$4 -> 30 | AO31: =AM31+AN31 -> 30 | AQ31: =CS31 -> 0.76723577 | AS31: =EG31 -> 0.96254319 | AU31: =(T31)*(1/86400)/$T$10 -> 4.1328106 | AV31: =(U31)*(1/86400)/$T$10 -> 4.4604985 | AW31: =AU31+AV31 -> 8.5933091 | AX31: =AU31/AW31 -> 0.48093354 | AY31: =1-AX31 -> 0.51906646 | AZ31: =1.071-(0.2218*((AW31^2)/($T$9))) -> -48.065438 | BA31: =IF(AZ31<0.13,0.13,AZ31) -> 0.13 | BB31: =1.938*AU31*(AB31/AO31)^(1/4) -> 9.0708203 | BC31: =1.938*AV31*(AB31/AO31)^(1/4) -> 9.7900398 | BD31: =120.872*$T$9*SQRT(AB31/AO31) -> 51.677206 | BE31: =0.15726*AL31*(1/(AB31*AO31^3))^(1/4) -> 0.0062472833 | BF31: =0.0019+0.0322*BE31-0.6642*BE31^2+4.9951*BE31^3 -> 0.0020764577 | BG31: =1-10.0147*BE31+33.8696*BE31^2+277.2817*BE31^3 -> 0.93882482 | BH31: =BF31/BG31 -> 0.0022117627 | BI31: =BB31*($K$18^0.1)*BH31 -> 0.035660026 | BJ31: =(BC31^0.575)*(14.7^0.1)*BD31 -> 251.03358 | BK31: =BI31/BJ31 -> 0.00014205281 | BL31: =(0.0047+1123.32*BK31+729489.64*BK31^2) -> 0.17899114 | BM31: =(1+1097.1566*BK31+722153.97*BK31^2) -> 1.1704265 | BN31: =SQRT(BL31/BM31) -> 0.39106026 | BO31: =(BC31*BE31^0.38)/BD31^2.14 -> 0.00030668124 | BP31: =1.0886-69.9473*BO31+2334.3497*BO31^2-12896.683*BO31^3 -> 1.0673677 | BQ31: =1-53.4401*BO31+1517.9369*BO31^2-8419.8115*BO31^3 -> 0.98375345 | BR31: =BP31/BQ31 -> 1.0849951 | BS31: =IF(U31<=0,1,(BN31*BR31)) -> 0.42429846 | BT31: =IF(U31>1,BN31*BR31,1) -> 0.42429846 | BU31: =IF($P$5=0,1,BT31) -> 0.42429846 | BV31: =AB31*AU31 -> 203.96512 | BW31: =EU31*AV31 -> 6.115316 | BX31: =$T$10*(BV31+BW31)*86400 -> 1583972.8 | BY31: =(AL31^BS31)*EX31^(1-BS31) -> 0.097825253 | BZ31: =2.2*10^-2*BX31/BY31/$T$9 -> 1068662.8 | CA31: =$CB$15/3.7065 -> 0.00016187778 | CB31: =5.0452/BZ31 -> 4.7210402e-06 | CC31: =LOG(($CB$15^1.1098/2.8257)+(7.149/BZ31)^0.8981) -> -3.9334633 | CD31: =-4*LOG(CA31-(CB31*CC31)) -> 14.974593 | CE31: =1/CD31^2 -> 0.0044595385 | CF31: =BS31*AB31+(1-BS31)*EU31 -> 21.729533 | CG31: =CE31*BX31^2/($T$9)^5/CF31 -> 1.2512419e+11 | CH31: =(1/144)*(CF31+(CG31/74130000000)) -> 0.16262107 | CI31: =CH31*$CI$14 -> 32.524215 | CJ31: =CJ30+200 -> 2800 | CK31: =C31+CI31 -> 739.91673 | CS31: =K31/$CQ$18 -> 0.76723577 | CT31: 0.8 | CU31: =0.27*CS31/CT31/$CR$18 -> 0.14241814 | CV31: =($CU$12+$CW$12/$CR$18+$CY$12/$CR$18^3+$DA$12/$CR$18^4+$DC$12/$CR$18^5)*CU31 -> -0.050129952 | CW31: =($DE$12+$DG$12/$CR$18+$CU$13/$CR$18^2)*CU31^2 -> 0.00402466 | CX31: =$CW$13*($DG$12/$CR$18+$CU$13/$CR$18^2)*CU31^5 -> -2.1597723e-06 | CY31: =$CY$13*(1+$DA$13*CU31^2)*(CU31^2/$CR$18^3) -> 0.0021002335 | CZ31: =EXP(-$DA$13*CU31^2) -> 0.98548242 | DA31: =1+CV31+CW31-CX31+CY31*CZ31 -> 0.95596661 | DB31: =DA31-CT31 -> 0.15596661 | DC31: 0.85 | DD31: =0.27*CS31/DC31/$CR$18 -> 0.1340406 | DE31: =($CU$12+$CW$12/$CR$18+$CY$12/$CR$18^3+$DA$12/$CR$18^4+$DC$12/$CR$18^5)*DD31 -> -0.047181132 | DF31: =($DE$12+$DG$12/$CR$18+$CU$13/$CR$18^2)*DD31^2 -> 0.0035650967 | DG31: =$CW$13*($DG$12/$CR$18+$CU$13/$CR$18^2)*DD31^5 -> -1.5950095e-06 | DH31: =$CY$13*(1+$DA$13*DD31^2)*DD31^2/$CR$18^3 -> 0.0018573526 | DI31: =EXP(-$DA$13*DD31^2) -> 0.98712942 | DJ31: =1+DE31+DF31-DG31+DH31*DI31 -> 0.95821901 | DK31: =DJ31-DC31 -> 0.10821901 | DL31: =(DK31-DB31)/(DC31-CT31) -> -0.95495206 | DM31: =CT31-DB31/DL31 -> 0.96332402 | DN31: =DC31 -> 0.85 | DO31: =0.27*CS31/DN31/$CR$18 -> 0.1340406 | DP31: =($CU$12+$CW$12/$CR$18+$CY$12/$CR$18^3+$DA$12/$CR$18^4+$DC$12/$CR$18^5)*DO31 -> -0.047181132 | DQ31: =($DE$12+$DG$12/$CR$18+$CU$13/$CR$18^2)*DO31^2 -> 0.0035650967 | DR31: =$CW$13*($DG$12/$CR$18+$CU$13/$CR$18^2)*DO31^5 -> -1.5950095e-06 | DS31: =$CY$13*(1+$DA$13*DO31^2)*(DO31^2/$CR$18^3) -> 0.0018573526 | DT31: =EXP(-$DA$13*DO31^2) -> 0.98712942 | DU31: =1+DP31+DQ31-DR31+DS31*DT31 -> 0.95821901 | DV31: =DU31-DN31 -> 0.10821901 | DW31: =DM31 -> 0.96332402 | DX31: =0.27*CS31/DW31/$CR$18 -> 0.11827226 | DY31: =($CU$12+$CW$12/$CR$18+$CY$12/$CR$18^3+$DA$12/$CR$18^4+$DC$12/$CR$18^5)*DX31 -> -0.041630813 | DZ31: =($DE$12+$DG$12/$CR$18+$CU$13/$CR$18^2)*DX31^2 -> 0.002775648 | EA31: =$CW$13*($DG$12/$CR$18+$CU$13/$CR$18^2)*DX31^5 -> -8.5309216e-07 | EB31: =$CY$13*(1+$DA$13*DX31^2)*DX31^2/$CR$18^3 -> 0.0014419687 | EC31: =EXP(-$DA$13*DX31^2) -> 0.9899651 | ED31: =1+DY31+DZ31-EA31+EB31*EC31 -> 0.96257319 | EE31: =ED31-DW31 -> -0.0007508339 | EF31: =(EE31-DV31)/(DW31-DN31) -> -0.96157761 | EG31: =DN31-DV31/EF31 -> 0.96254319 | EK31: =K31 -> 511.74626 | EU31: =(EK31*$EO$18)/(DM31*10.73*$EJ$18) -> 1.3709938 | EV31: =EU31/67.0176 -> 0.020457221 | EW31: =EXP($ES$18*EV31^$ET$18) -> 1.0310103 | EX31: =$ER$18*10^-4*EW31 -> 0.014138803 | EZ31: 1687.1 | FA31: 8449.4
C32: =E31 -> 739.91673 | D32: 316.2 | E32: =CK32 -> 772.77484 | F32: =D32-E32 -> -456.57484 | G32: =AVERAGE(C32,D32) -> 528.05837 | I32: =Sheet10!K32 -> 800.04008 | K32: =G32 -> 528.05837 | O32: =(($P$8*K32^1.187)/56.06)*10^(10.393*$N$18) -> 66.605648 | Q32: =1+(4.67*10^-4*O32)+(0.11*10^-4*$P$18)+(0.1337*10^-8*O32*$P$18) -> 1.111071 | R32: =0.0283*AS32*($M$18)/K32 -> 0.035038036 | S32: =$P$3*($P$4+Q32) -> 5555.3548 | T32: =S32*5.615 -> 31193.317 | U32: =IF($P$5>0,R32*($P$10-O32)*$P$3,0) -> 32128.889 | V32: =$X$14+$Y$13*(O32-$W$14) -> 0.88238793 | W32: =(8830/(131.5+$P$9)) -> 54.006116 | X32: =0.01361*V32*O32 -> 0.79988718 | Y32: =(W32+X32)/Q32 -> 49.327186 | Z32: =($P$4*$T$6)+(Q32*Y32) -> 54.806003 | AA32: =$P$4+Q32 -> 1.111071 | AB32: =Z32/AA32 -> 49.327186 | AG32: =10.715*(O32+100)^-0.515 -> 0.76881522 | AH32: =5.44*(O32+150)^-0.338 -> 0.88336973 | AI32: =AG32*$AF$18^AH32 -> 1.3366835 | AJ32: =(($P$4*$T$6)/($P$4*$T$6+Q32*Y32))*$T$7 -> 0 | AK32: =((Q32*Y32)/($P$4*$T$6+Q32*Y32))*AI32 -> 1.3366835 | AL32: =AJ32+AK32 -> 1.3366835 | AM32: =(($P$4*$T$6)/($P$4*$T$6+Q32*Y32))*$T$8 -> 0 | AN32: =((Q32*Y32)/($P$4*$T$6+Q32*Y32))*$T$4 -> 30 | AO32: =AM32+AN32 -> 30 | AQ32: =CS32 -> 0.7916917 | AS32: =EG32 -> 0.96144918 | AU32: =(T32)*(1/86400)/$T$10 -> 4.1371325 | AV32: =(U32)*(1/86400)/$T$10 -> 4.2612163 | AW32: =AU32+AV32 -> 8.3983489 | AX32: =AU32/AW32 -> 0.4926126 | AY32: =1-AX32 -> 0.5073874 | AZ32: =1.071-(0.2218*((AW32^2)/($T$9))) -> -45.861168 | BA32: =IF(AZ32<0.13,0.13,AZ32) -> 0.13 | BB32: =1.938*AU32*(AB32/AO32)^(1/4) -> 9.079135 | BC32: =1.938*AV32*(AB32/AO32)^(1/4) -> 9.3514429 | BD32: =120.872*$T$9*SQRT(AB32/AO32) -> 51.663877 | BE32: =0.15726*AL32*(1/(AB32*AO32^3))^(1/4) -> 0.0061877724 | BF32: =0.0019+0.0322*BE32-0.6642*BE32^2+4.9951*BE32^3 -> 0.0020749985 | BG32: =1-10.0147*BE32+33.8696*BE32^2+277.2817*BE32^3 -> 0.93939383 | BH32: =BF32/BG32 -> 0.0022088696 | BI32: =BB32*($K$18^0.1)*BH32 -> 0.035646027 | BJ32: =(BC32^0.575)*(14.7^0.1)*BD32 -> 244.44094 | BK32: =BI32/BJ32 -> 0.00014582675 | BL32: =(0.0047+1123.32*BK32+729489.64*BK32^2) -> 0.18402302 | BM32: =(1+1097.1566*BK32+722153.97*BK32^2) -> 1.1753517 | BN32: =SQRT(BL32/BM32) -> 0.39568734 | BO32: =(BC32*BE32^0.38)/BD32^2.14 -> 0.00029203944 | BP32: =1.0886-69.9473*BO32+2334.3497*BO32^2-12896.683*BO32^3 -> 1.0683714 | BQ32: =1-53.4401*BO32+1517.9369*BO32^2-8419.8115*BO32^3 -> 0.98452263 | BR32: =BP32/BQ32 -> 1.0851669 | BS32: =IF(U32<=0,1,(BN32*BR32)) -> 0.42938682 | BT32: =IF(U32>1,BN32*BR32,1) -> 0.42938682 | BU32: =IF($P$5=0,1,BT32) -> 0.42938682 | BV32: =AB32*AU32 -> 204.0731 | BW32: =EU32*AV32 -> 6.0351723 | BX32: =$T$10*(BV32+BW32)*86400 -> 1584182.8 | BY32: =(AL32^BS32)*EX32^(1-BS32) -> 0.099780749 | BZ32: =2.2*10^-2*BX32/BY32/$T$9 -> 1047858.1 | CA32: =$CB$15/3.7065 -> 0.00016187778 | CB32: =5.0452/BZ32 -> 4.8147742e-06 | CC32: =LOG(($CB$15^1.1098/2.8257)+(7.149/BZ32)^0.8981) -> -3.9319707 | CD32: =-4*LOG(CA32-(CB32*CC32)) -> 14.971117 | CE32: =1/CD32^2 -> 0.0044616101 | CF32: =BS32*AB32+(1-BS32)*EU32 -> 21.988604 | CG32: =CE32*BX32^2/($T$9)^5/CF32 -> 1.237402e+11 | CH32: =(1/144)*(CF32+(CG32/74130000000)) -> 0.16429053 | CI32: =CH32*$CI$14 -> 32.858106 | CJ32: =CJ31+200 -> 3000 | CK32: =C32+CI32 -> 772.77484 | CS32: =K32/$CQ$18 -> 0.7916917 | CT32: 0.8 | CU32: =0.27*CS32/CT32/$CR$18 -> 0.14695777 | CV32: =($CU$12+$CW$12/$CR$18+$CY$12/$CR$18^3+$DA$12/$CR$18^4+$DC$12/$CR$18^5)*CU32 -> -0.051727864 | CW32: =($DE$12+$DG$12/$CR$18+$CU$13/$CR$18^2)*CU32^2 -> 0.0042853243 | CX32: =$CW$13*($DG$12/$CR$18+$CU$13/$CR$18^2)*CU32^5 -> -2.526645e-06 | CY32: =$CY$13*(1+$DA$13*CU32^2)*(CU32^2/$CR$18^3) -> 0.0022383465 | CZ32: =EXP(-$DA$13*CU32^2) -> 0.98454946 | DA32: =1+CV32+CW32-CX32+CY32*CZ32 -> 0.95476375 | DB32: =DA32-CT32 -> 0.15476375 | DC32: 0.85 | DD32: =0.27*CS32/DC32/$CR$18 -> 0.1383132 | DE32: =($CU$12+$CW$12/$CR$18+$CY$12/$CR$18^3+$DA$12/$CR$18^4+$DC$12/$CR$18^5)*DD32 -> -0.048685048 | DF32: =($DE$12+$DG$12/$CR$18+$CU$13/$CR$18^2)*DD32^2 -> 0.0037959966 | DG32: =$CW$13*($DG$12/$CR$18+$CU$13/$CR$18^2)*DD32^5 -> -1.865948e-06 | DH32: =$CY$13*(1+$DA$13*DD32^2)*DD32^2/$CR$18^3 -> 0.0019792854 | DI32: =EXP(-$DA$13*DD32^2) -> 0.98630157 | DJ32: =1+DE32+DF32-DG32+DH32*DI32 -> 0.95706499 | DK32: =DJ32-DC32 -> 0.10706499 | DL32: =(DK32-DB32)/(DC32-CT32) -> -0.95397527 | DM32: =CT32-DB32/DL32 -> 0.96223036 | DN32: =DC32 -> 0.85 | DO32: =0.27*CS32/DN32/$CR$18 -> 0.1383132 | DP32: =($CU$12+$CW$12/$CR$18+$CY$12/$CR$18^3+$DA$12/$CR$18^4+$DC$12/$CR$18^5)*DO32 -> -0.048685048 | DQ32: =($DE$12+$DG$12/$CR$18+$CU$13/$CR$18^2)*DO32^2 -> 0.0037959966 | DR32: =$CW$13*($DG$12/$CR$18+$CU$13/$CR$18^2)*DO32^5 -> -1.865948e-06 | DS32: =$CY$13*(1+$DA$13*DO32^2)*(DO32^2/$CR$18^3) -> 0.0019792854 | DT32: =EXP(-$DA$13*DO32^2) -> 0.98630157 | DU32: =1+DP32+DQ32-DR32+DS32*DT32 -> 0.95706499 | DV32: =DU32-DN32 -> 0.10706499 | DW32: =DM32 -> 0.96223036 | DX32: =0.27*CS32/DW32/$CR$18 -> 0.12218095 | DY32: =($CU$12+$CW$12/$CR$18+$CY$12/$CR$18^3+$DA$12/$CR$18^4+$DC$12/$CR$18^5)*DX32 -> -0.043006636 | DZ32: =($DE$12+$DG$12/$CR$18+$CU$13/$CR$18^2)*DX32^2 -> 0.0029621399 | EA32: =$CW$13*($DG$12/$CR$18+$CU$13/$CR$18^2)*DX32^5 -> -1.0036883e-06 | EB32: =$CY$13*(1+$DA$13*DX32^2)*DX32^2/$CR$18^3 -> 0.0015398849 | EC32: =EXP(-$DA$13*DX32^2) -> 0.9892945 | ED32: =1+DY32+DZ32-EA32+EB32*EC32 -> 0.96147991 | EE32: =ED32-DW32 -> -0.0007504519 | EF32: =(EE32-DV32)/(DW32-DN32) -> -0.96066198 | EG32: =DN32-DV32/EF32 -> 0.96144918 | EK32: =K32 -> 528.05837 | EU32: =(EK32*$EO$18)/(DM32*10.73*$EJ$18) -> 1.4163027 | EV32: =EU32/67.0176 -> 0.021133295 | EW32: =EXP($ES$18*EV32^$ET$18) -> 1.0323869 | EX32: =$ER$18*10^-4*EW32 -> 0.014157682 | EZ32: 1818.7 | FA32: 8851.3
C33: =E32 -> 772.77484 | D33: 316.3 | E33: =CK33 -> 805.96838 | F33: =D33-E33 -> -489.66838 | G33: =AVERAGE(C33,D33) -> 544.53742 | I33: =Sheet10!K33 -> 839.14489 | K33: =G33 -> 544.53742 | O33: =(($P$8*K33^1.187)/56.06)*10^(10.393*$N$18) -> 69.080031 | Q33: =1+(4.67*10^-4*O33)+(0.11*10^-4*$P$18)+(0.1337*10^-8*O33*$P$18) -> 1.1122504 | R33: =0.0283*AS33*($M$18)/K33 -> 0.033938892 | S33: =$P$3*($P$4+Q33) -> 5561.2518 | T33: =S33*5.615 -> 31226.429 | U33: =IF($P$5>0,R33*($P$10-O33)*$P$3,0) -> 30701.116 | V33: =$X$14+$Y$13*(O33-$W$14) -> 0.88210514 | W33: =(8830/(131.5+$P$9)) -> 54.006116 | X33: =0.01361*V33*O33 -> 0.82933692 | Y33: =(W33+X33)/Q33 -> 49.301358 | Z33: =($P$4*$T$6)+(Q33*Y33) -> 54.835453 | AA33: =$P$4+Q33 -> 1.1122504 | AB33: =Z33/AA33 -> 49.301358 | AG33: =10.715*(O33+100)^-0.515 -> 0.76300016 | AH33: =5.44*(O33+150)^-0.338 -> 0.87998477 | AI33: =AG33*$AF$18^AH33 -> 1.3237647 | AJ33: =(($P$4*$T$6)/($P$4*$T$6+Q33*Y33))*$T$7 -> 0 | AK33: =((Q33*Y33)/($P$4*$T$6+Q33*Y33))*AI33 -> 1.3237647 | AL33: =AJ33+AK33 -> 1.3237647 | AM33: =(($P$4*$T$6)/($P$4*$T$6+Q33*Y33))*$T$8 -> 0 | AN33: =((Q33*Y33)/($P$4*$T$6+Q33*Y33))*$T$4 -> 30 | AO33: =AM33+AN33 -> 30 | AQ33: =CS33 -> 0.81639793 | AS33: =EG33 -> 0.9603511 | AU33: =(T33)*(1/86400)/$T$10 -> 4.141524 | AV33: =(U33)*(1/86400)/$T$10 -> 4.0718525 | AW33: =AU33+AV33 -> 8.2133765 | AX33: =AU33/AW33 -> 0.50424135 | AY33: =1-AX33 -> 0.49575865 | AZ33: =1.071-(0.2218*((AW33^2)/($T$9))) -> -43.816587 | BA33: =IF(AZ33<0.13,0.13,AZ33) -> 0.13 | BB33: =1.938*AU33*(AB33/AO33)^(1/4) -> 9.0875825 | BC33: =1.938*AV33*(AB33/AO33)^(1/4) -> 8.934705 | BD33: =120.872*$T$9*SQRT(AB33/AO33) -> 51.65035 | BE33: =0.15726*AL33*(1/(AB33*AO33^3))^(1/4) -> 0.0061287713 | BF33: =0.0019+0.0322*BE33-0.6642*BE33^2+4.9951*BE33^3 -> 0.0020735478 | BG33: =1-10.0147*BE33+33.8696*BE33^2+277.2817*BE33^3 -> 0.93995823 | BH33: =BF33/BG33 -> 0.0022059999 | BI33: =BB33*($K$18^0.1)*BH33 -> 0.035632839 | BJ33: =(BC33^0.575)*(14.7^0.1)*BD33 -> 238.05435 | BK33: =BI33/BJ33 -> 0.00014968363 | BL33: =(0.0047+1123.32*BK33+729489.64*BK33^2) -> 0.18918697 | BM33: =(1+1097.1566*BK33+722153.97*BK33^2) -> 1.1804064 | BN33: =SQRT(BL33/BM33) -> 0.40034078 | BO33: =(BC33*BE33^0.38)/BD33^2.14 -> 0.00027816682 | BP33: =1.0886-69.9473*BO33+2334.3497*BO33^2-12896.683*BO33^3 -> 1.0693233 | BQ33: =1-53.4401*BO33+1517.9369*BO33^2-8419.8115*BO33^3 -> 0.98525201 | BR33: =BP33/BQ33 -> 1.0853298 | BS33: =IF(U33<=0,1,(BN33*BR33)) -> 0.43450177 | BT33: =IF(U33>1,BN33*BR33,1) -> 0.43450177 | BU33: =IF($P$5=0,1,BT33) -> 0.43450177 | BV33: =AB33*AU33 -> 204.18276 | BW33: =EU33*AV33 -> 5.9537437 | BX33: =$T$10*(BV33+BW33)*86400 -> 1584395.6 | BY33: =(AL33^BS33)*EX33^(1-BS33) -> 0.10177743 | BZ33: =2.2*10^-2*BX33/BY33/$T$9 -> 1027439.1 | CA33: =$CB$15/3.7065 -> 0.00016187778 | CB33: =5.0452/BZ33 -> 4.9104613e-06 | CC33: =LOG(($CB$15^1.1098/2.8257)+(7.149/BZ33)^0.8981) -> -3.9304553 | CD33: =-4*LOG(CA33-(CB33*CC33)) -> 14.967577 | CE33: =1/CD33^2 -> 0.0044637206 | CF33: =BS33*AB33+(1-BS33)*EU33 -> 22.248382 | CG33: =CE33*BX33^2/($T$9)^5/CF33 -> 1.223861e+11 | CH33: =(1/144)*(CF33+(CG33/74130000000)) -> 0.1659677 | CI33: =CH33*$CI$14 -> 33.193539 | CJ33: =CJ32+200 -> 3200 | CK33: =C33+CI33 -> 805.96838 | CS33: =K33/$CQ$18 -> 0.81639793 | CT33: 0.8 | CU33: =0.27*CS33/CT33/$CR$18 -> 0.15154387 | CV33: =($CU$12+$CW$12/$CR$18+$CY$12/$CR$18^3+$DA$12/$CR$18^4+$DC$12/$CR$18^5)*CU33 -> -0.053342129 | CW33: =($DE$12+$DG$12/$CR$18+$CU$13/$CR$18^2)*CU33^2 -> 0.0045569609 | CX33: =$CW$13*($DG$12/$CR$18+$CU$13/$CR$18^2)*CU33^5 -> -2.9462746e-06 | CY33: =$CY$13*(1+$DA$13*CU33^2)*(CU33^2/$CR$18^3) -> 0.0023825432 | CZ33: =EXP(-$DA$13*CU33^2) -> 0.98357818 | DA33: =1+CV33+CW33-CX33+CY33*CZ33 -> 0.9535612 | DB33: =DA33-CT33 -> 0.1535612 | DC33: 0.85 | DD33: =0.27*CS33/DC33/$CR$18 -> 0.14262952 | DE33: =($CU$12+$CW$12/$CR$18+$CY$12/$CR$18^3+$DA$12/$CR$18^4+$DC$12/$CR$18^5)*DD33 -> -0.050204357 | DF33: =($DE$12+$DG$12/$CR$18+$CU$13/$CR$18^2)*DD33^2 -> 0.0040366159 | DG33: =$CW$13*($DG$12/$CR$18+$CU$13/$CR$18^2)*DD33^5 -> -2.1758479e-06 | DH33: =$CY$13*(1+$DA$13*DD33^2)*DD33^2/$CR$18^3 -> 0.0021065628 | DI33: =EXP(-$DA$13*DD33^2) -> 0.98543961 | DJ33: =1+DE33+DF33-DG33+DH33*DI33 -> 0.95591033 | DK33: =DJ33-DC33 -> 0.10591033 | DL33: =(DK33-DB33)/(DC33-CT33) -> -0.95301741 | DM33: =CT33-DB33/DL33 -> 0.96113158 | DN33: =DC33 -> 0.85 | DO33: =0.27*CS33/DN33/$CR$18 -> 0.14262952 | DP33: =($CU$12+$CW$12/$CR$18+$CY$12/$CR$18^3+$DA$12/$CR$18^4+$DC$12/$CR$18^5)*DO33 -> -0.050204357 | DQ33: =($DE$12+$DG$12/$CR$18+$CU$13/$CR$18^2)*DO33^2 -> 0.0040366159 | DR33: =$CW$13*($DG$12/$CR$18+$CU$13/$CR$18^2)*DO33^5 -> -2.1758479e-06 | DS33: =$CY$13*(1+$DA$13*DO33^2)*(DO33^2/$CR$18^3) -> 0.0021065628 | DT33: =EXP(-$DA$13*DO33^2) -> 0.98543961 | DU33: =1+DP33+DQ33-DR33+DS33*DT33 -> 0.95591033 | DV33: =DU33-DN33 -> 0.10591033 | DW33: =DM33 -> 0.96113158 | DX33: =0.27*CS33/DW33/$CR$18 -> 0.12613787 | DY33: =($CU$12+$CW$12/$CR$18+$CY$12/$CR$18^3+$DA$12/$CR$18^4+$DC$12/$CR$18^5)*DX33 -> -0.044399439 | DZ33: =($DE$12+$DG$12/$CR$18+$CU$13/$CR$18^2)*DX33^2 -> 0.0031571091 | EA33: =$CW$13*($DG$12/$CR$18+$CU$13/$CR$18^2)*DX33^5 -> -1.177088e-06 | EB33: =$CY$13*(1+$DA$13*DX33^2)*DX33^2/$CR$18^3 -> 0.001642391 | EC33: =EXP(-$DA$13*DX33^2) -> 0.98859389 | ED33: =1+DY33+DZ33-EA33+EB33*EC33 -> 0.9603825 | EE33: =ED33-DW33 -> -0.00074907072 | EF33: =(EE33-DV33)/(DW33-DN33) -> -0.9597578 | EG33: =DN33-DV33/EF33 -> 0.9603511 | EK33: =K33 -> 544.53742 | EU33: =(EK33*$EO$18)/(DM33*10.73*$EJ$18) -> 1.4621708 | EV33: =EU33/67.0176 -> 0.021817713 | EW33: =EXP($ES$18*EV33^$ET$18) -> 1.0337967 | EX33: =$ER$18*10^-4*EW33 -> 0.014177015 | EZ33: 1938.3 | FA33: 9234
C34: =E33 -> 805.96838 | D34: 316.4 | E34: =CK34 -> 839.49913 | F34: =D34-E34 -> -523.09913 | G34: =AVERAGE(C34,D34) -> 561.18419 | I34: =Sheet10!K34 -> 879.07832 | K34: =G34 -> 561.18419 | O34: =(($P$8*K34^1.187)/56.06)*10^(10.393*$N$18) -> 71.593855 | Q34: =1+(4.67*10^-4*O34)+(0.11*10^-4*$P$18)+(0.1337*10^-8*O34*$P$18) -> 1.1134485 | R34: =0.0283*AS34*($M$18)/K34 -> 0.032894354 | S34: =$P$3*($P$4+Q34) -> 5567.2427 | T34: =S34*5.615 -> 31260.068 | U34: =IF($P$5>0,R34*($P$10-O34)*$P$3,0) -> 29342.775 | V34: =$X$14+$Y$13*(O34-$W$14) -> 0.88181785 | W34: =(8830/(131.5+$P$9)) -> 54.006116 | X34: =0.01361*V34*O34 -> 0.85923658 | Y34: =(W34+X34)/Q34 -> 49.275158 | Z34: =($P$4*$T$6)+(Q34*Y34) -> 54.865353 | AA34: =$P$4+Q34 -> 1.1134485 | AB34: =Z34/AA34 -> 49.275158 | AG34: =10.715*(O34+100)^-0.515 -> 0.75722298 | AH34: =5.44*(O34+150)^-0.338 -> 0.87659783 | AI34: =AG34*$AF$18^AH34 -> 1.3109586 | AJ34: =(($P$4*$T$6)/($P$4*$T$6+Q34*Y34))*$T$7 -> 0 | AK34: =((Q34*Y34)/($P$4*$T$6+Q34*Y34))*AI34 -> 1.3109586 | AL34: =AJ34+AK34 -> 1.3109586 | AM34: =(($P$4*$T$6)/($P$4*$T$6+Q34*Y34))*$T$8 -> 0 | AN34: =((Q34*Y34)/($P$4*$T$6+Q34*Y34))*$T$4 -> 30 | AO34: =AM34+AN34 -> 30 | AQ34: =CS34 -> 0.8413556 | AS34: =EG34 -> 0.95924919 | AU34: =(T34)*(1/86400)/$T$10 -> 4.1459856 | AV34: =(U34)*(1/86400)/$T$10 -> 3.8916972 | AW34: =AU34+AV34 -> 8.0376828 | AX34: =AU34/AW34 -> 0.51581851 | AY34: =1-AX34 -> 0.48418149 | AZ34: =1.071-(0.2218*((AW34^2)/($T$9))) -> -41.916731 | BA34: =IF(AZ34<0.13,0.13,AZ34) -> 0.13 | BB34: =1.938*AU34*(AB34/AO34)^(1/4) -> 9.0961634 | BC34: =1.938*AV34*(AB34/AO34)^(1/4) -> 8.5382627 | BD34: =120.872*$T$9*SQRT(AB34/AO34) -> 51.636624 | BE34: =0.15726*AL34*(1/(AB34*AO34^3))^(1/4) -> 0.0060702881 | BF34: =0.0019+0.0322*BE34-0.6642*BE34^2+4.9951*BE34^3 -> 0.0020721059 | BG34: =1-10.0147*BE34+33.8696*BE34^2+277.2817*BE34^3 -> 0.94051795 | BH34: =BF34/BG34 -> 0.002203154 | BI34: =BB34*($K$18^0.1)*BH34 -> 0.035620473 | BJ34: =(BC34^0.575)*(14.7^0.1)*BD34 -> 231.86065 | BK34: =BI34/BJ34 -> 0.0001536288 | BL34: =(0.0047+1123.32*BK34+729489.64*BK34^2) -> 0.19449158 | BM34: =(1+1097.1566*BK34+722153.97*BK34^2) -> 1.185599 | BN34: =SQRT(BL34/BM34) -> 0.40502468 | BO34: =(BC34*BE34^0.38)/BD34^2.14 -> 0.00026500818 | BP34: =1.0886-69.9473*BO34+2334.3497*BO34^2-12896.683*BO34^3 -> 1.0702271 | BQ34: =1-53.4401*BO34+1517.9369*BO34^2-8419.8115*BO34^3 -> 0.98594438 | BR34: =BP34/BQ34 -> 1.0854842 | BS34: =IF(U34<=0,1,(BN34*BR34)) -> 0.43964791 | BT34: =IF(U34>1,BN34*BR34,1) -> 0.43964791 | BU34: =IF($P$5=0,1,BT34) -> 0.43964791 | BV34: =AB34*AU34 -> 204.29409 | BW34: =EU34*AV34 -> 5.8710236 | BX34: =$T$10*(BV34+BW34)*86400 -> 1584611.4 | BY34: =(AL34^BS34)*EX34^(1-BS34) -> 0.10381831 | BZ34: =2.2*10^-2*BX34/BY34/$T$9 -> 1007378.7 | CA34: =$CB$15/3.7065 -> 0.00016187778 | CB34: =5.0452/BZ34 -> 5.0082458e-06 | CC34: =LOG(($CB$15^1.1098/2.8257)+(7.149/BZ34)^0.8981) -> -3.9289152 | CD34: =-4*LOG(CA34-(CB34*CC34)) -> 14.963969 | CE34: =1/CD34^2 -> 0.004465873 | CF34: =BS34*AB34+(1-BS34)*EU34 -> 22.509069 | CG34: =CE34*BX34^2/($T$9)^5/CF34 -> 1.2105999e+11 | CH34: =(1/144)*(CF34+(CG34/74130000000)) -> 0.16765379 | CI34: =CH34*$CI$14 -> 33.530758 | CJ34: =CJ33+200 -> 3400 | CK34: =C34+CI34 -> 839.49913 | CS34: =K34/$CQ$18 -> 0.8413556 | CT34: 0.8 | CU34: =0.27*CS34/CT34/$CR$18 -> 0.15617663 | CV34: =($CU$12+$CW$12/$CR$18+$CY$12/$CR$18^3+$DA$12/$CR$18^4+$DC$12/$CR$18^5)*CU34 -> -0.054972823 | CW34: =($DE$12+$DG$12/$CR$18+$CU$13/$CR$18^2)*CU34^2 -> 0.0048398366 | CX34: =$CW$13*($DG$12/$CR$18+$CU$13/$CR$18^2)*CU34^5 -> -3.425009e-06 | CY34: =$CY$13*(1+$DA$13*CU34^2)*(CU34^2/$CR$18^3) -> 0.0025329994 | CZ34: =EXP(-$DA$13*CU34^2) -> 0.98256772 | DA34: =1+CV34+CW34-CX34+CY34*CZ34 -> 0.95235928 | DB34: =DA34-CT34 -> 0.15235928 | DC34: 0.85 | DD34: =0.27*CS34/DC34/$CR$18 -> 0.14698977 | DE34: =($CU$12+$CW$12/$CR$18+$CY$12/$CR$18^3+$DA$12/$CR$18^4+$DC$12/$CR$18^5)*DD34 -> -0.051739128 | DF34: =($DE$12+$DG$12/$CR$18+$CU$13/$CR$18^2)*DD34^2 -> 0.0042871909 | DG34: =$CW$13*($DG$12/$CR$18+$CU$13/$CR$18^2)*DD34^5 -> -2.5293971e-06 | DH34: =$CY$13*(1+$DA$13*DD34^2)*DD34^2/$CR$18^3 -> 0.0022393364 | DI34: =EXP(-$DA$13*DD34^2) -> 0.98454279 | DJ34: =1+DE34+DF34-DG34+DH34*DI34 -> 0.95475531 | DK34: =DJ34-DC34 -> 0.10475531 | DL34: =(DK34-DB34)/(DC34-CT34) -> -0.95207934 | DM34: =CT34-DB34/DL34 -> 0.96002793 | DN34: =DC34 -> 0.85 | DO34: =0.27*CS34/DN34/$CR$18 -> 0.14698977 | DP34: =($CU$12+$CW$12/$CR$18+$CY$12/$CR$18^3+$DA$12/$CR$18^4+$DC$12/$CR$18^5)*DO34 -> -0.051739128 | DQ34: =($DE$12+$DG$12/$CR$18+$CU$13/$CR$18^2)*DO34^2 -> 0.0042871909 | DR34: =$CW$13*($DG$12/$CR$18+$CU$13/$CR$18^2)*DO34^5 -> -2.5293971e-06 | DS34: =$CY$13*(1+$DA$13*DO34^2)*(DO34^2/$CR$18^3) -> 0.0022393364 | DT34: =EXP(-$DA$13*DO34^2) -> 0.98454279 | DU34: =1+DP34+DQ34-DR34+DS34*DT34 -> 0.95475531 | DV34: =DU34-DN34 -> 0.10475531 | DW34: =DM34 -> 0.96002793 | DX34: =0.27*CS34/DW34/$CR$18 -> 0.13014341 | DY34: =($CU$12+$CW$12/$CR$18+$CY$12/$CR$18^3+$DA$12/$CR$18^4+$DC$12/$CR$18^5)*DX34 -> -0.045809353 | DZ34: =($DE$12+$DG$12/$CR$18+$CU$13/$CR$18^2)*DX34^2 -> 0.0033608021 | EA34: =$CW$13*($DG$12/$CR$18+$CU$13/$CR$18^2)*DX34^5 -> -1.3762341e-06 | EB34: =$CY$13*(1+$DA$13*DX34^2)*DX34^2/$CR$18^3 -> 0.0017496355 | EC34: =EXP(-$DA$13*DX34^2) -> 0.98786246 | ED34: =1+DY34+DZ34-EA34+EB34*EC34 -> 0.95928122 | EE34: =ED34-DW34 -> -0.00074670208 | EF34: =(EE34-DV34)/(DW34-DN34) -> -0.95886581 | EG34: =DN34-DV34/EF34 -> 0.95924919 | EK34: =K34 -> 561.18419 | EU34: =(EK34*$EO$18)/(DM34*10.73*$EJ$18) -> 1.5086023 | EV34: =EU34/67.0176 -> 0.02251054 | EW34: =EXP($ES$18*EV34^$ET$18) -> 1.03524 | EX34: =$ER$18*10^-4*EW34 -> 0.014196808 | EZ34: 2093.8 | FA34: 9712.4
C35: =E34 -> 839.49913 | D35: 316.5 | E35: =CK35 -> 873.36915 | F35: =D35-E35 -> -556.86915 | G35: =AVERAGE(C35,D35) -> 577.99957 | I35: =Sheet10!K35 -> 919.8755 | K35: =G35 -> 577.99957 | O35: =(($P$8*K35^1.187)/56.06)*10^(10.393*$N$18) -> 74.147338 | Q35: =1+(4.67*10^-4*O35)+(0.11*10^-4*$P$18)+(0.1337*10^-8*O35*$P$18) -> 1.1146656 | R35: =0.0283*AS35*($M$18)/K35 -> 0.031900573 | S35: =$P$3*($P$4+Q35) -> 5573.3282 | T35: =S35*5.615 -> 31294.238 | U35: =IF($P$5>0,R35*($P$10-O35)*$P$3,0) -> 28049.004 | V35: =$X$14+$Y$13*(O35-$W$14) -> 0.88152602 | W35: =(8830/(131.5+$P$9)) -> 54.006116 | X35: =0.01361*V35*O35 -> 0.88958782 | Y35: =(W35+X35)/Q35 -> 49.248584 | Z35: =($P$4*$T$6)+(Q35*Y35) -> 54.895704 | AA35: =$P$4+Q35 -> 1.1146656 | AB35: =Z35/AA35 -> 49.248584 | AG35: =10.715*(O35+100)^-0.515 -> 0.75148446 | AH35: =5.44*(O35+150)^-0.338 -> 0.87320969 | AI35: =AG35*$AF$18^AH35 -> 1.2982666 | AJ35: =(($P$4*$T$6)/($P$4*$T$6+Q35*Y35))*$T$7 -> 0 | AK35: =((Q35*Y35)/($P$4*$T$6+Q35*Y35))*AI35 -> 1.2982666 | AL35: =AJ35+AK35 -> 1.2982666 | AM35: =(($P$4*$T$6)/($P$4*$T$6+Q35*Y35))*$T$8 -> 0 | AN35: =((Q35*Y35)/($P$4*$T$6+Q35*Y35))*$T$4 -> 30 | AO35: =AM35+AN35 -> 30 | AQ35: =CS35 -> 0.86656607 | AS35: =EG35 -> 0.95814371 | AU35: =(T35)*(1/86400)/$T$10 -> 4.1505175 | AV35: =(U35)*(1/86400)/$T$10 -> 3.7201059 | AW35: =AU35+AV35 -> 7.8706234 | AX35: =AU35/AW35 -> 0.52734291 | AY35: =1-AX35 -> 0.47265709 | AZ35: =1.071-(0.2218*((AW35^2)/($T$9))) -> -40.148343 | BA35: =IF(AZ35<0.13,0.13,AZ35) -> 0.13 | BB35: =1.938*AU35*(AB35/AO35)^(1/4) -> 9.1048783 | BC35: =1.938*AV35*(AB35/AO35)^(1/4) -> 8.1606961 | BD35: =120.872*$T$9*SQRT(AB35/AO35) -> 51.622698 | BE35: =0.15726*AL35*(1/(AB35*AO35^3))^(1/4) -> 0.0060123297 | BF35: =0.0019+0.0322*BE35-0.6642*BE35^2+4.9951*BE35^3 -> 0.002070673 | BG35: =1-10.0147*BE35+33.8696*BE35^2+277.2817*BE35^3 -> 0.94107291 | BH35: =BF35/BG35 -> 0.0022003322 | BI35: =BB35*($K$18^0.1)*BH35 -> 0.035608934 | BJ35: =(BC35^0.575)*(14.7^0.1)*BD35 -> 225.84765 | BK35: =BI35/BJ35 -> 0.00015766794 | BL35: =(0.0047+1123.32*BK35+729489.64*BK35^2) -> 0.19994607 | BM35: =(1+1097.1566*BK35+722153.97*BK35^2) -> 1.1909386 | BN35: =SQRT(BL35/BM35) -> 0.4097432 | BO35: =(BC35*BE35^0.38)/BD35^2.14 -> 0.00025251336 | BP35: =1.0886-69.9473*BO35+2334.3497*BO35^2-12896.683*BO35^3 -> 1.071086 | BQ35: =1-53.4401*BO35+1517.9369*BO35^2-8419.8115*BO35^3 -> 0.98660231 | BR35: =BP35/BQ35 -> 1.085631 | BS35: =IF(U35<=0,1,(BN35*BR35)) -> 0.4448299 | BT35: =IF(U35>1,BN35*BR35,1) -> 0.4448299 | BU35: =IF($P$5=0,1,BT35) -> 0.4448299 | BV35: =AB35*AU35 -> 204.40711 | BW35: =EU35*AV35 -> 5.7870044 | BX35: =$T$10*(BV35+BW35)*86400 -> 1584830 | BY35: =(AL35^BS35)*EX35^(1-BS35) -> 0.1059066 | BZ35: =2.2*10^-2*BX35/BY35/$T$9 -> 987651.19 | CA35: =$CB$15/3.7065 -> 0.00016187778 | CB35: =5.0452/BZ35 -> 5.1082812e-06 | CC35: =LOG(($CB$15^1.1098/2.8257)+(7.149/BZ35)^0.8981) -> -3.9273484 | CD35: =-4*LOG(CA35-(CB35*CC35)) -> 14.960289 | CE35: =1/CD35^2 -> 0.0044680705 | CF35: =BS35*AB35+(1-BS35)*EU35 -> 22.770866 | CG35: =CE35*BX35^2/($T$9)^5/CF35 -> 1.1976008e+11 | CH35: =(1/144)*(CF35+(CG35/74130000000)) -> 0.16935005 | CI35: =CH35*$CI$14 -> 33.870011 | CJ35: =CJ34+200 -> 3600 | CK35: =C35+CI35 -> 873.36915 | CS35: =K35/$CQ$18 -> 0.86656607 | CT35: 0.8 | CU35: =0.27*CS35/CT35/$CR$18 -> 0.16085633 | CV35: =($CU$12+$CW$12/$CR$18+$CY$12/$CR$18^3+$DA$12/$CR$18^4+$DC$12/$CR$18^5)*CU35 -> -0.056620034 | CW35: =($DE$12+$DG$12/$CR$18+$CU$13/$CR$18^2)*CU35^2 -> 0.0051342247 | CX35: =$CW$13*($DG$12/$CR$18+$CU$13/$CR$18^2)*CU35^5 -> -3.9698322e-06 | CY35: =$CY$13*(1+$DA$13*CU35^2)*(CU35^2/$CR$18^3) -> 0.0026898964 | CZ35: =EXP(-$DA$13*CU35^2) -> 0.98151724 | DA35: =1+CV35+CW35-CX35+CY35*CZ35 -> 0.95115834 | DB35: =DA35-CT35 -> 0.15115834 | DC35: 0.85 | DD35: =0.27*CS35/DC35/$CR$18 -> 0.15139419 | DE35: =($CU$12+$CW$12/$CR$18+$CY$12/$CR$18^3+$DA$12/$CR$18^4+$DC$12/$CR$18^5)*DD35 -> -0.053289444 | DF35: =($DE$12+$DG$12/$CR$18+$CU$13/$CR$18^2)*DD35^2 -> 0.0045479637 | DG35: =$CW$13*($DG$12/$CR$18+$CU$13/$CR$18^2)*DD35^5 -> -2.9317535e-06 | DH35: =$CY$13*(1+$DA$13*DD35^2)*DD35^2/$CR$18^3 -> 0.0023777627 | DI35: =EXP(-$DA$13*DD35^2) -> 0.98361033 | DJ35: =1+DE35+DF35-DG35+DH35*DI35 -> 0.95360024 | DK35: =DJ35-DC35 -> 0.10360024 | DL35: =(DK35-DB35)/(DC35-CT35) -> -0.95116193 | DM35: =CT35-DB35/DL35 -> 0.95891967 | DN35: =DC35 -> 0.85 | DO35: =0.27*CS35/DN35/$CR$18 -> 0.15139419 | DP35: =($CU$12+$CW$12/$CR$18+$CY$12/$CR$18^3+$DA$12/$CR$18^4+$DC$12/$CR$18^5)*DO35 -> -0.053289444 | DQ35: =($DE$12+$DG$12/$CR$18+$CU$13/$CR$18^2)*DO35^2 -> 0.0045479637 | DR35: =$CW$13*($DG$12/$CR$18+$CU$13/$CR$18^2)*DO35^5 -> -2.9317535e-06 | DS35: =$CY$13*(1+$DA$13*DO35^2)*(DO35^2/$CR$18^3) -> 0.0023777627 | DT35: =EXP(-$DA$13*DO35^2) -> 0.98361033 | DU35: =1+DP35+DQ35-DR35+DS35*DT35 -> 0.95360024 | DV35: =DU35-DN35 -> 0.10360024 | DW35: =DM35 -> 0.95891967 | DX35: =0.27*CS35/DW35/$CR$18 -> 0.13419796 | DY35: =($CU$12+$CW$12/$CR$18+$CY$12/$CR$18^3+$DA$12/$CR$18^4+$DC$12/$CR$18^5)*DX35 -> -0.047236519 | DZ35: =($DE$12+$DG$12/$CR$18+$CU$13/$CR$18^2)*DX35^2 -> 0.003573472 | EA35: =$CW$13*($DG$12/$CR$18+$CU$13/$CR$18^2)*DX35^5 -> -1.6043937e-06 | EB35: =$CY$13*(1+$DA$13*DX35^2)*DX35^2/$CR$18^3 -> 0.0018617719 | EC35: =EXP(-$DA$13*DX35^2) -> 0.98709938 | ED35: =1+DY35+DZ35-EA35+EB35*EC35 -> 0.95817631 | EE35: =ED35-DW35 -> -0.00074335888 | EF35: =(EE35-DV35)/(DW35-DN35) -> -0.95798677 | EG35: =DN35-DV35/EF35 -> 0.95814371 | EK35: =K35 -> 577.99957 | EU35: =(EK35*$EO$18)/(DM35*10.73*$EJ$18) -> 1.555602 | EV35: =EU35/67.0176 -> 0.023211843 | EW35: =EXP($ES$18*EV35^$ET$18) -> 1.0367174 | EX35: =$ER$18*10^-4*EW35 -> 0.014217069 | EZ35: 2189.7 | FA35: 9961.3
C36: =E35 -> 873.36915 | D36: 316.6 | E36: =CK36 -> 907.5807 | F36: =D36-E36 -> -590.9807 | G36: =AVERAGE(C36,D36) -> 594.98457 | I36: =Sheet10!K36 -> 961.57757 | K36: =G36 -> 594.98457 | O36: =(($P$8*K36^1.187)/56.06)*10^(10.393*$N$18) -> 76.740722 | Q36: =1+(4.67*10^-4*O36)+(0.11*10^-4*$P$18)+(0.1337*10^-8*O36*$P$18) -> 1.1159018 | R36: =0.0283*AS36*($M$18)/K36 -> 0.030954046 | S36: =$P$3*($P$4+Q36) -> 5579.5088 | T36: =S36*5.615 -> 31328.942 | U36: =IF($P$5>0,R36*($P$10-O36)*$P$3,0) -> 26815.378 | V36: =$X$14+$Y$13*(O36-$W$14) -> 0.88122963 | W36: =(8830/(131.5+$P$9)) -> 54.006116 | X36: =0.01361*V36*O36 -> 0.92039256 | Y36: =(W36+X36)/Q36 -> 49.221635 | Z36: =($P$4*$T$6)+(Q36*Y36) -> 54.926509 | AA36: =$P$4+Q36 -> 1.1159018 | AB36: =Z36/AA36 -> 49.221635 | AG36: =10.715*(O36+100)^-0.515 -> 0.74578529 | AH36: =5.44*(O36+150)^-0.338 -> 0.86982106 | AI36: =AG36*$AF$18^AH36 -> 1.28569 | AJ36: =(($P$4*$T$6)/($P$4*$T$6+Q36*Y36))*$T$7 -> 0 | AK36: =((Q36*Y36)/($P$4*$T$6+Q36*Y36))*AI36 -> 1.28569 | AL36: =AJ36+AK36 -> 1.28569 | AM36: =(($P$4*$T$6)/($P$4*$T$6+Q36*Y36))*$T$8 -> 0 | AN36: =((Q36*Y36)/($P$4*$T$6+Q36*Y36))*$T$4 -> 30 | AO36: =AM36+AN36 -> 30 | AQ36: =CS36 -> 0.89203084 | AS36: =EG36 -> 0.9570349 | AU36: =(T36)*(1/86400)/$T$10 -> 4.1551202 | AV36: =(U36)*(1/86400)/$T$10 -> 3.5564917 | AW36: =AU36+AV36 -> 7.7116119 | AX36: =AU36/AW36 -> 0.53881345 | AY36: =1-AX36 -> 0.46118655 | AZ36: =1.071-(0.2218*((AW36^2)/($T$9))) -> -38.499645 | BA36: =IF(AZ36<0.13,0.13,AZ36) -> 0.13 | BB36: =1.938*AU36*(AB36/AO36)^(1/4) -> 9.113728 | BC36: =1.938*AV36*(AB36/AO36)^(1/4) -> 7.8007123 | BD36: =120.872*$T$9*SQRT(AB36/AO36) -> 51.608572 | BE36: =0.15726*AL36*(1/(AB36*AO36^3))^(1/4) -> 0.0059549016 | BF36: =0.0019+0.0322*BE36-0.6642*BE36^2+4.9951*BE36^3 -> 0.0020692495 | BG36: =1-10.0147*BE36+33.8696*BE36^2+277.2817*BE36^3 -> 0.94162304 | BH36: =BF36/BG36 -> 0.0021975349 | BI36: =BB36*($K$18^0.1)*BH36 -> 0.035598231 | BJ36: =(BC36^0.575)*(14.7^0.1)*BD36 -> 220.0041 | BK36: =BI36/BJ36 -> 0.00016180713 | BL36: =(0.0047+1123.32*BK36+729489.64*BK36^2) -> 0.20556035 | BM36: =(1+1097.1566*BK36+722153.97*BK36^2) -> 1.1964349 | BN36: =SQRT(BL36/BM36) -> 0.41450058 | BO36: =(BC36*BE36^0.38)/BD36^2.14 -> 0.0002406367 | BP36: =1.0886-69.9473*BO36+2334.3497*BO36^2-12896.683*BO36^3 -> 1.0719031 | BQ36: =1-53.4401*BO36+1517.9369*BO36^2-8419.8115*BO36^3 -> 0.98722813 | BR36: =BP36/BQ36 -> 1.0857704 | BS36: =IF(U36<=0,1,(BN36*BR36)) -> 0.45005247 | BT36: =IF(U36>1,BN36*BR36,1) -> 0.45005247 | BU36: =IF($P$5=0,1,BT36) -> 0.45005247 | BV36: =AB36*AU36 -> 204.52181 | BW36: =EU36*AV36 -> 5.7016779 | BX36: =$T$10*(BV36+BW36)*86400 -> 1585051.5 | BY36: =(AL36^BS36)*EX36^(1-BS36) -> 0.10804572 | BZ36: =2.2*10^-2*BX36/BY36/$T$9 -> 968232.65 | CA36: =$CB$15/3.7065 -> 0.00016187778 | CB36: =5.0452/BZ36 -> 5.2107311e-06 | CC36: =LOG(($CB$15^1.1098/2.8257)+(7.149/BZ36)^0.8981) -> -3.9257529 | CD36: =-4*LOG(CA36-(CB36*CC36)) -> 14.956531 | CE36: =1/CD36^2 -> 0.0044703162 | CF36: =BS36*AB36+(1-BS36)*EU36 -> 23.03398 | CG36: =CE36*BX36^2/($T$9)^5/CF36 -> 1.184847e+11 | CH36: =(1/144)*(CF36+(CG36/74130000000)) -> 0.17105776 | CI36: =CH36*$CI$14 -> 34.211552 | CJ36: =CJ35+200 -> 3800 | CK36: =C36+CI36 -> 907.5807 | CS36: =K36/$CQ$18 -> 0.89203084 | CT36: 0.8 | CU36: =0.27*CS36/CT36/$CR$18 -> 0.16558323 | CV36: =($CU$12+$CW$12/$CR$18+$CY$12/$CR$18^3+$DA$12/$CR$18^4+$DC$12/$CR$18^5)*CU36 -> -0.058283862 | CW36: =($DE$12+$DG$12/$CR$18+$CU$13/$CR$18^2)*CU36^2 -> 0.0054404053 | CX36: =$CW$13*($DG$12/$CR$18+$CU$13/$CR$18^2)*CU36^5 -> -4.5884194e-06 | CY36: =$CY$13*(1+$DA$13*CU36^2)*(CU36^2/$CR$18^3) -> 0.0028534219 | CZ36: =EXP(-$DA$13*CU36^2) -> 0.98042587 | DA36: =1+CV36+CW36-CX36+CY36*CZ36 -> 0.9499587 | DB36: =DA36-CT36 -> 0.1499587 | DC36: 0.85 | DD36: =0.27*CS36/DC36/$CR$18 -> 0.15584304 | DE36: =($CU$12+$CW$12/$CR$18+$CY$12/$CR$18^3+$DA$12/$CR$18^4+$DC$12/$CR$18^5)*DD36 -> -0.054855399 | DF36: =($DE$12+$DG$12/$CR$18+$CU$13/$CR$18^2)*DD36^2 -> 0.0048191825 | DG36: =$CW$13*($DG$12/$CR$18+$CU$13/$CR$18^2)*DD36^5 -> -3.3885852e-06 | DH36: =$CY$13*(1+$DA$13*DD36^2)*DD36^2/$CR$18^3 -> 0.0025220038 | DI36: =EXP(-$DA$13*DD36^2) -> 0.98264146 | DJ36: =1+DE36+DF36-DG36+DH36*DI36 -> 0.9524454 | DK36: =DJ36-DC36 -> 0.1024454 | DL36: =(DK36-DB36)/(DC36-CT36) -> -0.95026607 | DM36: =CT36-DB36/DL36 -> 0.95780707 | DN36: =DC36 -> 0.85 | DO36: =0.27*CS36/DN36/$CR$18 -> 0.15584304 | DP36: =($CU$12+$CW$12/$CR$18+$CY$12/$CR$18^3+$DA$12/$CR$18^4+$DC$12/$CR$18^5)*DO36 -> -0.054855399 | DQ36: =($DE$12+$DG$12/$CR$18+$CU$13/$CR$18^2)*DO36^2 -> 0.0048191825 | DR36: =$CW$13*($DG$12/$CR$18+$CU$13/$CR$18^2)*DO36^5 -> -3.3885852e-06 | DS36: =$CY$13*(1+$DA$13*DO36^2)*(DO36^2/$CR$18^3) -> 0.0025220038 | DT36: =EXP(-$DA$13*DO36^2) -> 0.98264146 | DU36: =1+DP36+DQ36-DR36+DS36*DT36 -> 0.9524454 | DV36: =DU36-DN36 -> 0.1024454 | DW36: =DM36 -> 0.95780707 | DX36: =0.27*CS36/DW36/$CR$18 -> 0.13830194 | DY36: =($CU$12+$CW$12/$CR$18+$CY$12/$CR$18^3+$DA$12/$CR$18^4+$DC$12/$CR$18^5)*DX36 -> -0.048681087 | DZ36: =($DE$12+$DG$12/$CR$18+$CU$13/$CR$18^2)*DX36^2 -> 0.003795379 | EA36: =$CW$13*($DG$12/$CR$18+$CU$13/$CR$18^2)*DX36^5 -> -1.8651891e-06 | EB36: =$CY$13*(1+$DA$13*DX36^2)*DX36^2/$CR$18^3 -> 0.001978959 | EC36: =EXP(-$DA$13*DX36^2) -> 0.98630378 | ED36: =1+DY36+DZ36-EA36+EB36*EC36 -> 0.95706801 | EE36: =ED36-DW36 -> -0.00073905511 | EF36: =(EE36-DV36)/(DW36-DN36) -> -0.95712142 | EG36: =DN36-DV36/EF36 -> 0.9570349 | EK36: =K36 -> 594.98457 | EU36: =(EK36*$EO$18)/(DM36*10.73*$EJ$18) -> 1.6031748 | EV36: =EU36/67.0176 -> 0.023921699 | EW36: =EXP($ES$18*EV36^$ET$18) -> 1.0382294 | EX36: =$ER$18*10^-4*EW36 -> 0.014237804
C37: =E36 -> 907.5807 | D37: 316.7 | E37: =CK37 -> 942.13634 | F37: =D37-E37 -> -625.43634 | G37: =AVERAGE(C37,D37) -> 612.14035 | I37: =Sheet10!K37 -> 1004.233 | K37: =G37 -> 612.14035 | O37: =(($P$8*K37^1.187)/56.06)*10^(10.393*$N$18) -> 79.374272 | Q37: =1+(4.67*10^-4*O37)+(0.11*10^-4*$P$18)+(0.1337*10^-8*O37*$P$18) -> 1.117157 | R37: =0.0283*AS37*($M$18)/K37 -> 0.030051577 | S37: =$P$3*($P$4+Q37) -> 5585.7851 | T37: =S37*5.615 -> 31364.183 | U37: =IF($P$5>0,R37*($P$10-O37)*$P$3,0) -> 25637.861 | V37: =$X$14+$Y$13*(O37-$W$14) -> 0.88092865 | W37: =(8830/(131.5+$P$9)) -> 54.006116 | X37: =0.01361*V37*O37 -> 0.95165299 | Y37: =(W37+X37)/Q37 -> 49.194311 | Z37: =($P$4*$T$6)+(Q37*Y37) -> 54.957769 | AA37: =$P$4+Q37 -> 1.117157 | AB37: =Z37/AA37 -> 49.194311 | AG37: =10.715*(O37+100)^-0.515 -> 0.74012606 | AH37: =5.44*(O37+150)^-0.338 -> 0.86643261 | AI37: =AG37*$AF$18^AH37 -> 1.2732297 | AJ37: =(($P$4*$T$6)/($P$4*$T$6+Q37*Y37))*$T$7 -> 0 | AK37: =((Q37*Y37)/($P$4*$T$6+Q37*Y37))*AI37 -> 1.2732297 | AL37: =AJ37+AK37 -> 1.2732297 | AM37: =(($P$4*$T$6)/($P$4*$T$6+Q37*Y37))*$T$8 -> 0 | AN37: =((Q37*Y37)/($P$4*$T$6+Q37*Y37))*$T$4 -> 30 | AO37: =AM37+AN37 -> 30 | AQ37: =CS37 -> 0.91775165 | AS37: =EG37 -> 0.95592302 | AU37: =(T37)*(1/86400)/$T$10 -> 4.1597943 | AV37: =(U37)*(1/86400)/$T$10 -> 3.4003189 | AW37: =AU37+AV37 -> 7.5601132 | AX37: =AU37/AW37 -> 0.5502291 | AY37: =1-AX37 -> 0.4497709 | AZ37: =1.071-(0.2218*((AW37^2)/($T$9))) -> -36.960144 | BA37: =IF(AZ37<0.13,0.13,AZ37) -> 0.13 | BB37: =1.938*AU37*(AB37/AO37)^(1/4) -> 9.1227134 | BC37: =1.938*AV37*(AB37/AO37)^(1/4) -> 7.457132 | BD37: =120.872*$T$9*SQRT(AB37/AO37) -> 51.594246 | BE37: =0.15726*AL37*(1/(AB37*AO37^3))^(1/4) -> 0.0058980082 | BF37: =0.0019+0.0322*BE37-0.6642*BE37^2+4.9951*BE37^3 -> 0.0020678355 | BG37: =1-10.0147*BE37+33.8696*BE37^2+277.2817*BE37^3 -> 0.94216831 | BH37: =BF37/BG37 -> 0.0021947623 | BI37: =BB37*($K$18^0.1)*BH37 -> 0.03558837 | BJ37: =(BC37^0.575)*(14.7^0.1)*BD37 -> 214.31956 | BK37: =BI37/BJ37 -> 0.00016605284 | BL37: =(0.0047+1123.32*BK37+729489.64*BK37^2) -> 0.21134509 | BM37: =(1+1097.1566*BK37+722153.97*BK37^2) -> 1.2020983 | BN37: =SQRT(BL37/BM37) -> 0.41930118 | BO37: =(BC37*BE37^0.38)/BD37^2.14 -> 0.00022933649 | BP37: =1.0886-69.9473*BO37+2334.3497*BO37^2-12896.683*BO37^3 -> 1.0726812 | BQ37: =1-53.4401*BO37+1517.9369*BO37^2-8419.8115*BO37^3 -> 0.98782397 | BR37: =BP37/BQ37 -> 1.0859031 | BS37: =IF(U37<=0,1,(BN37*BR37)) -> 0.45532047 | BT37: =IF(U37>1,BN37*BR37,1) -> 0.45532047 | BU37: =IF($P$5=0,1,BT37) -> 0.45532047 | BV37: =AB37*AU37 -> 204.63821 | BW37: =EU37*AV37 -> 5.615035 | BX37: =$T$10*(BV37+BW37)*86400 -> 1585275.8 | BY37: =(AL37^BS37)*EX37^(1-BS37) -> 0.11023935 | BZ37: =2.2*10^-2*BX37/BY37/$T$9 -> 949100.37 | CA37: =$CB$15/3.7065 -> 0.00016187778 | CB37: =5.0452/BZ37 -> 5.3157708e-06 | CC37: =LOG(($CB$15^1.1098/2.8257)+(7.149/BZ37)^0.8981) -> -3.9241264 | CD37: =-4*LOG(CA37-(CB37*CC37)) -> 14.952689 | CE37: =1/CD37^2 -> 0.0044726138 | CF37: =BS37*AB37+(1-BS37)*EU37 -> 23.29862 | CG37: =CE37*BX37^2/($T$9)^5/CF37 -> 1.1723227e+11 | CH37: =(1/144)*(CF37+(CG37/74130000000)) -> 0.17277821 | CI37: =CH37*$CI$14 -> 34.555641 | CJ37: =CJ36+200 -> 4000 | CK37: =C37+CI37 -> 942.13634 | CS37: =K37/$CQ$18 -> 0.91775165 | CT37: 0.8 | CU37: =0.27*CS37/CT37/$CR$18 -> 0.17035765 | CV37: =($CU$12+$CW$12/$CR$18+$CY$12/$CR$18^3+$DA$12/$CR$18^4+$DC$12/$CR$18^5)*CU37 -> -0.059964418 | CW37: =($DE$12+$DG$12/$CR$18+$CU$13/$CR$18^2)*CU37^2 -> 0.0057586655 | CX37: =$CW$13*($DG$12/$CR$18+$CU$13/$CR$18^2)*CU37^5 -> -5.2891955e-06 | CY37: =$CY$13*(1+$DA$13*CU37^2)*(CU37^2/$CR$18^3) -> 0.0030237704 | CZ37: =EXP(-$DA$13*CU37^2) -> 0.97929274 | DA37: =1+CV37+CW37-CX37+CY37*CZ37 -> 0.94876069 | DB37: =DA37-CT37 -> 0.14876069 | DC37: 0.85 | DD37: =0.27*CS37/DC37/$CR$18 -> 0.16033661 | DE37: =($CU$12+$CW$12/$CR$18+$CY$12/$CR$18^3+$DA$12/$CR$18^4+$DC$12/$CR$18^5)*DD37 -> -0.056437099 | DF37: =($DE$12+$DG$12/$CR$18+$CU$13/$CR$18^2)*DD37^2 -> 0.0051011017 | DG37: =$CW$13*($DG$12/$CR$18+$CU$13/$CR$18^2)*DD37^5 -> -3.9061141e-06 | DH37: =$CY$13*(1+$DA$13*DD37^2)*DD37^2/$CR$18^3 -> 0.002672227 | DI37: =EXP(-$DA$13*DD37^2) -> 0.98163538 | DJ37: =1+DE37+DF37-DG37+DH37*DI37 -> 0.95129106 | DK37: =DJ37-DC37 -> 0.10129106 | DL37: =(DK37-DB37)/(DC37-CT37) -> -0.94939264 | DM37: =CT37-DB37/DL37 -> 0.95669038 | DN37: =DC37 -> 0.85 | DO37: =0.27*CS37/DN37/$CR$18 -> 0.16033661 | DP37: =($CU$12+$CW$12/$CR$18+$CY$12/$CR$18^3+$DA$12/$CR$18^4+$DC$12/$CR$18^5)*DO37 -> -0.056437099 | DQ37: =($DE$12+$DG$12/$CR$18+$CU$13/$CR$18^2)*DO37^2 -> 0.0051011017 | DR37: =$CW$13*($DG$12/$CR$18+$CU$13/$CR$18^2)*DO37^5 -> -3.9061141e-06 | DS37: =$CY$13*(1+$DA$13*DO37^2)*(DO37^2/$CR$18^3) -> 0.002672227 | DT37: =EXP(-$DA$13*DO37^2) -> 0.98163538 | DU37: =1+DP37+DQ37-DR37+DS37*DT37 -> 0.95129106 | DV37: =DU37-DN37 -> 0.10129106 | DW37: =DM37 -> 0.95669038 | DX37: =0.27*CS37/DW37/$CR$18 -> 0.14245583 | DY37: =($CU$12+$CW$12/$CR$18+$CY$12/$CR$18^3+$DA$12/$CR$18^4+$DC$12/$CR$18^5)*DX37 -> -0.050143218 | DZ37: =($DE$12+$DG$12/$CR$18+$CU$13/$CR$18^2)*DX37^2 -> 0.0040267903 | EA37: =$CW$13*($DG$12/$CR$18+$CU$13/$CR$18^2)*DX37^5 -> -2.1626315e-06 | EB37: =$CY$13*(1+$DA$13*DX37^2)*DX37^2/$CR$18^3 -> 0.0021013612 | EC37: =EXP(-$DA$13*DX37^2) -> 0.98547479 | ED37: =1+DY37+DZ37-EA37+EB37*EC37 -> 0.95595657 | EE37: =ED37-DW37 -> -0.00073380584 | EF37: =(EE37-DV37)/(DW37-DN37) -> -0.95627054 | EG37: =DN37-DV37/EF37 -> 0.95592302 | EK37: =K37 -> 612.14035 | EU37: =(EK37*$EO$18)/(DM37*10.73*$EJ$18) -> 1.651326 | EV37: =EU37/67.0176 -> 0.024640184 | EW37: =EXP($ES$18*EV37^$ET$18) -> 1.0397766 | EX37: =$ER$18*10^-4*EW37 -> 0.01425902
C38: =E37 -> 942.13634 | D38: 316.8 | E38: =CK38 -> 977.03889 | F38: =D38-E38 -> -660.23889 | G38: =AVERAGE(C38,D38) -> 629.46817 | I38: =Sheet10!K38 -> 1047.8992 | K38: =G38 -> 629.46817 | O38: =(($P$8*K38^1.187)/56.06)*10^(10.393*$N$18) -> 82.048279 | Q38: =1+(4.67*10^-4*O38)+(0.11*10^-4*$P$18)+(0.1337*10^-8*O38*$P$18) -> 1.1184316 | R38: =0.0283*AS38*($M$18)/K38 -> 0.029190247 | S38: =$P$3*($P$4+Q38) -> 5592.1578 | T38: =S38*5.615 -> 31399.966 | U38: =IF($P$5>0,R38*($P$10-O38)*$P$3,0) -> 24512.761 | V38: =$X$14+$Y$13*(O38-$W$14) -> 0.88062305 | W38: =(8830/(131.5+$P$9)) -> 54.006116 | X38: =0.01361*V38*O38 -> 0.98337158 | Y38: =(W38+X38)/Q38 -> 49.16661 | Z38: =($P$4*$T$6)+(Q38*Y38) -> 54.989488 | AA38: =$P$4+Q38 -> 1.1184316 | AB38: =Z38/AA38 -> 49.16661 | AG38: =10.715*(O38+100)^-0.515 -> 0.73450725 | AH38: =5.44*(O38+150)^-0.338 -> 0.86304495 | AI38: =AG38*$AF$18^AH38 -> 1.2608864 | AJ38: =(($P$4*$T$6)/($P$4*$T$6+Q38*Y38))*$T$7 -> 0 | AK38: =((Q38*Y38)/($P$4*$T$6+Q38*Y38))*AI38 -> 1.2608864 | AL38: =AJ38+AK38 -> 1.2608864 | AM38: =(($P$4*$T$6)/($P$4*$T$6+Q38*Y38))*$T$8 -> 0 | AN38: =((Q38*Y38)/($P$4*$T$6+Q38*Y38))*$T$4 -> 30 | AO38: =AM38+AN38 -> 30 | AQ38: =CS38 -> 0.94373039 | AS38: =EG38 -> 0.95480831 | AU38: =(T38)*(1/86400)/$T$10 -> 4.1645401 | AV38: =(U38)*(1/86400)/$T$10 -> 3.2510983 | AW38: =AU38+AV38 -> 7.4156383 | AX38: =AU38/AW38 -> 0.56158889 | AY38: =1-AX38 -> 0.43841111 | AZ38: =1.071-(0.2218*((AW38^2)/($T$9))) -> -35.520472 | BA38: =IF(AZ38<0.13,0.13,AZ38) -> 0.13 | BB38: =1.938*AU38*(AB38/AO38)^(1/4) -> 9.1318353 | BC38: =1.938*AV38*(AB38/AO38)^(1/4) -> 7.128877 | BD38: =120.872*$T$9*SQRT(AB38/AO38) -> 51.579717 | BE38: =0.15726*AL38*(1/(AB38*AO38^3))^(1/4) -> 0.0058416528 | BF38: =0.0019+0.0322*BE38-0.6642*BE38^2+4.9951*BE38^3 -> 0.0020664312 | BG38: =1-10.0147*BE38+33.8696*BE38^2+277.2817*BE38^3 -> 0.94270867 | BH38: =BF38/BG38 -> 0.0021920146 | BI38: =BB38*($K$18^0.1)*BH38 -> 0.035579357 | BJ38: =(BC38^0.575)*(14.7^0.1)*BD38 -> 208.7843 | BK38: =BI38/BJ38 -> 0.00017041203 | BL38: =(0.0047+1123.32*BK38+729489.64*BK38^2) -> 0.21731182 | BM38: =(1+1097.1566*BK38+722153.97*BK38^2) -> 1.2079402 | BN38: =SQRT(BL38/BM38) -> 0.42414949 | BO38: =(BC38*BE38^0.38)/BD38^2.14 -> 0.00021857462 | BP38: =1.0886-69.9473*BO38+2334.3497*BO38^2-12896.683*BO38^3 -> 1.0734227 | BQ38: =1-53.4401*BO38+1517.9369*BO38^2-8419.8115*BO38^3 -> 0.98839178 | BR38: =BP38/BQ38 -> 1.0860296 | BS38: =IF(U38<=0,1,(BN38*BR38)) -> 0.46063888 | BT38: =IF(U38>1,BN38*BR38,1) -> 0.46063888 | BU38: =IF($P$5=0,1,BT38) -> 0.46063888 | BV38: =AB38*AU38 -> 204.75632 | BW38: =EU38*AV38 -> 5.5270658 | BX38: =$T$10*(BV38+BW38)*86400 -> 1585503.1 | BY38: =(AL38^BS38)*EX38^(1-BS38) -> 0.1124914 | BZ38: =2.2*10^-2*BX38/BY38/$T$9 -> 930232.9 | CA38: =$CB$15/3.7065 -> 0.00016187778 | CB38: =5.0452/BZ38 -> 5.423588e-06 | CC38: =LOG(($CB$15^1.1098/2.8257)+(7.149/BZ38)^0.8981) -> -3.9224666 | CD38: =-4*LOG(CA38-(CB38*CC38)) -> 14.948757 | CE38: =1/CD38^2 -> 0.004474967 | CF38: =BS38*AB38+(1-BS38)*EU38 -> 23.564999 | CG38: =CE38*BX38^2/($T$9)^5/CF38 -> 1.160013e+11 | CH38: =(1/144)*(CF38+(CG38/74130000000)) -> 0.17451274 | CI38: =CH38*$CI$14 -> 34.902549 | CJ38: =CJ37+200 -> 4200 | CK38: =C38+CI38 -> 977.03889 | CS38: =K38/$CQ$18 -> 0.94373039 | CT38: 0.8 | CU38: =0.27*CS38/CT38/$CR$18 -> 0.17517995 | CV38: =($CU$12+$CW$12/$CR$18+$CY$12/$CR$18^3+$DA$12/$CR$18^4+$DC$12/$CR$18^5)*CU38 -> -0.061661827 | CW38: =($DE$12+$DG$12/$CR$18+$CU$13/$CR$18^2)*CU38^2 -> 0.0060893003 | CX38: =$CW$13*($DG$12/$CR$18+$CU$13/$CR$18^2)*CU38^5 -> -6.0813984e-06 | CY38: =$CY$13*(1+$DA$13*CU38^2)*(CU38^2/$CR$18^3) -> 0.0032011433 | CZ38: =EXP(-$DA$13*CU38^2) -> 0.97811693 | DA38: =1+CV38+CW38-CX38+CY38*CZ38 -> 0.94756465 | DB38: =DA38-CT38 -> 0.14756465 | DC38: 0.85 | DD38: =0.27*CS38/DC38/$CR$18 -> 0.16487525 | DE38: =($CU$12+$CW$12/$CR$18+$CY$12/$CR$18^3+$DA$12/$CR$18^4+$DC$12/$CR$18^5)*DD38 -> -0.058034661 | DF38: =($DE$12+$DG$12/$CR$18+$CU$13/$CR$18^2)*DD38^2 -> 0.0053939822 | DG38: =$CW$13*($DG$12/$CR$18+$CU$13/$CR$18^2)*DD38^5 -> -4.4911624e-06 | DH38: =$CY$13*(1+$DA$13*DD38^2)*DD38^2/$CR$18^3 -> 0.0028286057 | DI38: =EXP(-$DA$13*DD38^2) -> 0.98059127 | DJ38: =1+DE38+DF38-DG38+DH38*DI38 -> 0.95013752 | DK38: =DJ38-DC38 -> 0.10013752 | DL38: =(DK38-DB38)/(DC38-CT38) -> -0.94854257 | DM38: =CT38-DB38/DL38 -> 0.95556987 | DN38: =DC38 -> 0.85 | DO38: =0.27*CS38/DN38/$CR$18 -> 0.16487525 | DP38: =($CU$12+$CW$12/$CR$18+$CY$12/$CR$18^3+$DA$12/$CR$18^4+$DC$12/$CR$18^5)*DO38 -> -0.058034661 | DQ38: =($DE$12+$DG$12/$CR$18+$CU$13/$CR$18^2)*DO38^2 -> 0.0053939822 | DR38: =$CW$13*($DG$12/$CR$18+$CU$13/$CR$18^2)*DO38^5 -> -4.4911624e-06 | DS38: =$CY$13*(1+$DA$13*DO38^2)*(DO38^2/$CR$18^3) -> 0.0028286057 | DT38: =EXP(-$DA$13*DO38^2) -> 0.98059127 | DU38: =1+DP38+DQ38-DR38+DS38*DT38 -> 0.95013752 | DV38: =DU38-DN38 -> 0.10013752 | DW38: =DM38 -> 0.95556987 | DX38: =0.27*CS38/DW38/$CR$18 -> 0.14666009 | DY38: =($CU$12+$CW$12/$CR$18+$CY$12/$CR$18^3+$DA$12/$CR$18^4+$DC$12/$CR$18^5)*DX38 -> -0.051623082 | DZ38: =($DE$12+$DG$12/$CR$18+$CU$13/$CR$18^2)*DX38^2 -> 0.0042679809 | EA38: =$CW$13*($DG$12/$CR$18+$CU$13/$CR$18^2)*DX38^5 -> -2.5011581e-06 | EB38: =$CY$13*(1+$DA$13*DX38^2)*DX38^2/$CR$18^3 -> 0.0022291492 | EC38: =EXP(-$DA$13*DX38^2) -> 0.98461151 | ED38: =1+DY38+DZ38-EA38+EB38*EC38 -> 0.95484225 | EE38: =ED38-DW38 -> -0.00072762714 | EF38: =(EE38-DV38)/(DW38-DN38) -> -0.95543494 | EG38: =DN38-DV38/EF38 -> 0.95480831 | EK38: =K38 -> 629.46817 | EU38: =(EK38*$EO$18)/(DM38*10.73*$EJ$18) -> 1.7000611 | EV38: =EU38/67.0176 -> 0.025367383 | EW38: =EXP($ES$18*EV38^$ET$18) -> 1.0413594 | EX38: =$ER$18*10^-4*EW38 -> 0.014280727
C39: =E38 -> 977.03889 | D39: 316.9 | E39: =CK39 -> 1012.2914 | F39: =D39-E39 -> -695.39144 | G39: =AVERAGE(C39,D39) -> 646.96944 | I39: =Sheet10!K39 -> 1092.6454 | K39: =G39 -> 646.96944 | O39: =(($P$8*K39^1.187)/56.06)*10^(10.393*$N$18) -> 84.763063 | Q39: =1+(4.67*10^-4*O39)+(0.11*10^-4*$P$18)+(0.1337*10^-8*O39*$P$18) -> 1.1197255 | R39: =0.0283*AS39*($M$18)/K39 -> 0.028367383 | S39: =$P$3*($P$4+Q39) -> 5598.6277 | T39: =S39*5.615 -> 31436.294 | U39: =IF($P$5>0,R39*($P$10-O39)*$P$3,0) -> 23436.698 | V39: =$X$14+$Y$13*(O39-$W$14) -> 0.88031279 | W39: =(8830/(131.5+$P$9)) -> 54.006116 | X39: =0.01361*V39*O39 -> 1.0155511 | Y39: =(W39+X39)/Q39 -> 49.13853 | Z39: =($P$4*$T$6)+(Q39*Y39) -> 55.021667 | AA39: =$P$4+Q39 -> 1.1197255 | AB39: =Z39/AA39 -> 49.13853 | AG39: =10.715*(O39+100)^-0.515 -> 0.72892924 | AH39: =5.44*(O39+150)^-0.338 -> 0.85965865 | AI39: =AG39*$AF$18^AH39 -> 1.2486607 | AJ39: =(($P$4*$T$6)/($P$4*$T$6+Q39*Y39))*$T$7 -> 0 | AK39: =((Q39*Y39)/($P$4*$T$6+Q39*Y39))*AI39 -> 1.2486607 | AL39: =AJ39+AK39 -> 1.2486607 | AM39: =(($P$4*$T$6)/($P$4*$T$6+Q39*Y39))*$T$8 -> 0 | AN39: =((Q39*Y39)/($P$4*$T$6+Q39*Y39))*$T$4 -> 30 | AO39: =AM39+AN39 -> 30 | AQ39: =CS39 -> 0.96996918 | AS39: =EG39 -> 0.95369103 | AU39: =(T39)*(1/86400)/$T$10 -> 4.1693583 | AV39: =(U39)*(1/86400)/$T$10 -> 3.1083813 | AW39: =AU39+AV39 -> 7.2777396 | AX39: =AU39/AW39 -> 0.57289193 | AY39: =1-AX39 -> 0.42710807 | AZ39: =1.071-(0.2218*((AW39^2)/($T$9))) -> -34.172239 | BA39: =IF(AZ39<0.13,0.13,AZ39) -> 0.13 | BB39: =1.938*AU39*(AB39/AO39)^(1/4) -> 9.1410949 | BC39: =1.938*AV39*(AB39/AO39)^(1/4) -> 6.8149596 | BD39: =120.872*$T$9*SQRT(AB39/AO39) -> 51.564987 | BE39: =0.15726*AL39*(1/(AB39*AO39^3))^(1/4) -> 0.0057858376 | BF39: =0.0019+0.0322*BE39-0.6642*BE39^2+4.9951*BE39^3 -> 0.0020650367 | BG39: =1-10.0147*BE39+33.8696*BE39^2+277.2817*BE39^3 -> 0.94324409 | BH39: =BF39/BG39 -> 0.002189292 | BI39: =BB39*($K$18^0.1)*BH39 -> 0.035571197 | BJ39: =(BC39^0.575)*(14.7^0.1)*BD39 -> 203.38927 | BK39: =BI39/BJ39 -> 0.0001748922 | BL39: =(0.0047+1123.32*BK39+729489.64*BK39^2) -> 0.22347302 | BM39: =(1+1097.1566*BK39+722153.97*BK39^2) -> 1.2139729 | BN39: =SQRT(BL39/BM39) -> 0.42905015 | BO39: =(BC39*BE39^0.38)/BD39^2.14 -> 0.00020831616 | BP39: =1.0886-69.9473*BO39+2334.3497*BO39^2-12896.683*BO39^3 -> 1.07413 | BQ39: =1-53.4401*BO39+1517.9369*BO39^2-8419.8115*BO39^3 -> 0.98893336 | BR39: =BP39/BQ39 -> 1.0861501 | BS39: =IF(U39<=0,1,(BN39*BR39)) -> 0.46601285 | BT39: =IF(U39>1,BN39*BR39,1) -> 0.46601285 | BU39: =IF($P$5=0,1,BT39) -> 0.46601285 | BV39: =AB39*AU39 -> 204.87614 | BW39: =EU39*AV39 -> 5.4377595 | BX39: =$T$10*(BV39+BW39)*86400 -> 1585733.1 | BY39: =(AL39^BS39)*EX39^(1-BS39) -> 0.11480611 | BZ39: =2.2*10^-2*BX39/BY39/$T$9 -> 911609.89 | CA39: =$CB$15/3.7065 -> 0.00016187778 | CB39: =5.0452/BZ39 -> 5.5343849e-06 | CC39: =LOG(($CB$15^1.1098/2.8257)+(7.149/BZ39)^0.8981) -> -3.920771 | CD39: =-4*LOG(CA39-(CB39*CC39)) -> 14.944728 | CE39: =1/CD39^2 -> 0.0044773799 | CF39: =BS39*AB39+(1-BS39)*EU39 -> 23.833336 | CG39: =CE39*BX39^2/($T$9)^5/CF39 -> 1.147904e+11 | CH39: =(1/144)*(CF39+(CG39/74130000000)) -> 0.17626276 | CI39: =CH39*$CI$14 -> 35.252552 | CJ39: =CJ38+200 -> 4400 | CK39: =C39+CI39 -> 1012.2914 | CS39: =K39/$CQ$18 -> 0.96996918 | CT39: 0.8 | CU39: =0.27*CS39/CT39/$CR$18 -> 0.18005053 | CV39: =($CU$12+$CW$12/$CR$18+$CY$12/$CR$18^3+$DA$12/$CR$18^4+$DC$12/$CR$18^5)*CU39 -> -0.063376228 | CW39: =($DE$12+$DG$12/$CR$18+$CU$13/$CR$18^2)*CU39^2 -> 0.0064326124 | CX39: =$CW$13*($DG$12/$CR$18+$CU$13/$CR$18^2)*CU39^5 -> -6.9751481e-06 | CY39: =$CY$13*(1+$DA$13*CU39^2)*(CU39^2/$CR$18^3) -> 0.0033857495 | CZ39: =EXP(-$DA$13*CU39^2) -> 0.97689753 | DA39: =1+CV39+CW39-CX39+CY39*CZ39 -> 0.94637089 | DB39: =DA39-CT39 -> 0.14637089 | DC39: 0.85 | DD39: =0.27*CS39/DC39/$CR$18 -> 0.16945932 | DE39: =($CU$12+$CW$12/$CR$18+$CY$12/$CR$18^3+$DA$12/$CR$18^4+$DC$12/$CR$18^5)*DD39 -> -0.059648214 | DF39: =($DE$12+$DG$12/$CR$18+$CU$13/$CR$18^2)*DD39^2 -> 0.0056980926 | DG39: =$CW$13*($DG$12/$CR$18+$CU$13/$CR$18^2)*DD39^5 -> -5.1512039e-06 | DH39: =$CY$13*(1+$DA$13*DD39^2)*DD39^2/$CR$18^3 -> 0.0029913197 | DI39: =EXP(-$DA$13*DD39^2) -> 0.9795083 | DJ39: =1+DE39+DF39-DG39+DH39*DI39 -> 0.94898505 | DK39: =DJ39-DC39 -> 0.098985052 | DL39: =(DK39-DB39)/(DC39-CT39) -> -0.94771676 | DM39: =CT39-DB39/DL39 -> 0.95444582 | DN39: =DC39 -> 0.85 | DO39: =0.27*CS39/DN39/$CR$18 -> 0.16945932 | DP39: =($CU$12+$CW$12/$CR$18+$CY$12/$CR$18^3+$DA$12/$CR$18^4+$DC$12/$CR$18^5)*DO39 -> -0.059648214 | DQ39: =($DE$12+$DG$12/$CR$18+$CU$13/$CR$18^2)*DO39^2 -> 0.0056980926 | DR39: =$CW$13*($DG$12/$CR$18+$CU$13/$CR$18^2)*DO39^5 -> -5.1512039e-06 | DS39: =$CY$13*(1+$DA$13*DO39^2)*(DO39^2/$CR$18^3) -> 0.0029913197 | DT39: =EXP(-$DA$13*DO39^2) -> 0.9795083 | DU39: =1+DP39+DQ39-DR39+DS39*DT39 -> 0.94898505 | DV39: =DU39-DN39 -> 0.098985052 | DW39: =DM39 -> 0.95444582 | DX39: =0.27*CS39/DW39/$CR$18 -> 0.15091524 | DY39: =($CU$12+$CW$12/$CR$18+$CY$12/$CR$18^3+$DA$12/$CR$18^4+$DC$12/$CR$18^5)*DX39 -> -0.053120859 | DZ39: =($DE$12+$DG$12/$CR$18+$CU$13/$CR$18^2)*DX39^2 -> 0.0045192337 | EA39: =$CW$13*($DG$12/$CR$18+$CU$13/$CR$18^2)*DX39^5 -> -2.885672e-06 | EB39: =$CY$13*(1+$DA$13*DX39^2)*DX39^2/$CR$18^3 -> 0.0023624995 | EC39: =EXP(-$DA$13*DX39^2) -> 0.98371302 | ED39: =1+DY39+DZ39-EA39+EB39*EC39 -> 0.95372528 | EE39: =ED39-DW39 -> -0.00072053604 | EF39: =(EE39-DV39)/(DW39-DN39) -> -0.95461542 | EG39: =DN39-DV39/EF39 -> 0.95369103 | EK39: =K39 -> 646.96944 | EU39: =(EK39*$EO$18)/(DM39*10.73*$EJ$18) -> 1.7493862 | EV39: =EU39/67.0176 -> 0.026103385 | EW39: =EXP($ES$18*EV39^$ET$18) -> 1.0429785 | EX39: =$ER$18*10^-4*EW39 -> 0.014302931
C40: =E39 -> 1012.2914 | D40: 317 | E40: =CK40 -> 1047.8974 | F40: =D40-E40 -> -730.89738 | G40: =AVERAGE(C40,D40) -> 664.64572 | I40: =Sheet10!K40 -> 1138.5556 | K40: =G40 -> 664.64572 | O40: =(($P$8*K40^1.187)/56.06)*10^(10.393*$N$18) -> 87.518968 | Q40: =1+(4.67*10^-4*O40)+(0.11*10^-4*$P$18)+(0.1337*10^-8*O40*$P$18) -> 1.1210391 | R40: =0.0283*AS40*($M$18)/K40 -> 0.027580535 | S40: =$P$3*($P$4+Q40) -> 5605.1956 | T40: =S40*5.615 -> 31473.173 | U40: =IF($P$5>0,R40*($P$10-O40)*$P$3,0) -> 22406.569 | V40: =$X$14+$Y$13*(O40-$W$14) -> 0.87999783 | W40: =(8830/(131.5+$P$9)) -> 54.006116 | X40: =0.01361*V40*O40 -> 1.0481946 | Y40: =(W40+X40)/Q40 -> 49.110071 | Z40: =($P$4*$T$6)+(Q40*Y40) -> 55.054311 | AA40: =$P$4+Q40 -> 1.1210391 | AB40: =Z40/AA40 -> 49.110071 | AG40: =10.715*(O40+100)^-0.515 -> 0.72339232 | AH40: =5.44*(O40+150)^-0.338 -> 0.85627423 | AI40: =AG40*$AF$18^AH40 -> 1.2365528 | AJ40: =(($P$4*$T$6)/($P$4*$T$6+Q40*Y40))*$T$7 -> 0 | AK40: =((Q40*Y40)/($P$4*$T$6+Q40*Y40))*AI40 -> 1.2365528 | AL40: =AJ40+AK40 -> 1.2365528 | AM40: =(($P$4*$T$6)/($P$4*$T$6+Q40*Y40))*$T$8 -> 0 | AN40: =((Q40*Y40)/($P$4*$T$6+Q40*Y40))*$T$4 -> 30 | AO40: =AM40+AN40 -> 30 | AQ40: =CS40 -> 0.99647034 | AS40: =EG40 -> 0.95257143 | AU40: =(T40)*(1/86400)/$T$10 -> 4.1742495 | AV40: =(U40)*(1/86400)/$T$10 -> 2.9717566 | AW40: =AU40+AV40 -> 7.146006 | AX40: =AU40/AW40 -> 0.58413741 | AY40: =1-AX40 -> 0.41586259 | AZ40: =1.071-(0.2218*((AW40^2)/($T$9))) -> -32.907919 | BA40: =IF(AZ40<0.13,0.13,AZ40) -> 0.13 | BB40: =1.938*AU40*(AB40/AO40)^(1/4) -> 9.1504932 | BC40: =1.938*AV40*(AB40/AO40)^(1/4) -> 6.5144736 | BD40: =120.872*$T$9*SQRT(AB40/AO40) -> 51.550052 | BE40: =0.15726*AL40*(1/(AB40*AO40^3))^(1/4) -> 0.005730564 | BF40: =0.0019+0.0322*BE40-0.6642*BE40^2+4.9951*BE40^3 -> 0.0020636523 | BG40: =1-10.0147*BE40+33.8696*BE40^2+277.2817*BE40^3 -> 0.94377456 | BH40: =BF40/BG40 -> 0.0021865945 | BI40: =BB40*($K$18^0.1)*BH40 -> 0.035563896 | BJ40: =(BC40^0.575)*(14.7^0.1)*BD40 -> 198.12599 | BK40: =BI40/BJ40 -> 0.00017950141 | BL40: =(0.0047+1123.32*BK40+729489.64*BK40^2) -> 0.22984224 | BM40: =(1+1097.1566*BK40+722153.97*BK40^2) -> 1.2202095 | BN40: =SQRT(BL40/BM40) -> 0.43400798 | BO40: =(BC40*BE40^0.38)/BD40^2.14 -> 0.00019852904 | BP40: =1.0886-69.9473*BO40+2334.3497*BO40^2-12896.683*BO40^3 -> 1.0748053 | BQ40: =1-53.4401*BO40+1517.9369*BO40^2-8419.8115*BO40^3 -> 0.98945035 | BR40: =BP40/BQ40 -> 1.0862651 | BS40: =IF(U40<=0,1,(BN40*BR40)) -> 0.4714477 | BT40: =IF(U40>1,BN40*BR40,1) -> 0.4714477 | BU40: =IF($P$5=0,1,BT40) -> 0.4714477 | BV40: =AB40*AU40 -> 204.99769 | BW40: =EU40*AV40 -> 5.3471042 | BX40: =$T$10*(BV40+BW40)*86400 -> 1585966.1 | BY40: =(AL40^BS40)*EX40^(1-BS40) -> 0.11718804 | BZ40: =2.2*10^-2*BX40/BY40/$T$9 -> 893211.97 | CA40: =$CB$15/3.7065 -> 0.00016187778 | CB40: =5.0452/BZ40 -> 5.6483793e-06 | CC40: =LOG(($CB$15^1.1098/2.8257)+(7.149/BZ40)^0.8981) -> -3.919037 | CD40: =-4*LOG(CA40-(CB40*CC40)) -> 14.940597 | CE40: =1/CD40^2 -> 0.0044798567 | CF40: =BS40*AB40+(1-BS40)*EU40 -> 24.103858 | CG40: =CE40*BX40^2/($T$9)^5/CF40 -> 1.1359824e+11 | CH40: =(1/144)*(CF40+(CG40/74130000000)) -> 0.17802971 | CI40: =CH40*$CI$14 -> 35.605941 | CJ40: =CJ39+200 -> 4600 | CK40: =C40+CI40 -> 1047.8974 | CS40: =K40/$CQ$18 -> 0.99647034 | CT40: 0.8 | CU40: =0.27*CS40/CT40/$CR$18 -> 0.18496981 | CV40: =($CU$12+$CW$12/$CR$18+$CY$12/$CR$18^3+$DA$12/$CR$18^4+$DC$12/$CR$18^5)*CU40 -> -0.065107771 | CW40: =($DE$12+$DG$12/$CR$18+$CU$13/$CR$18^2)*CU40^2 -> 0.0067889134 | CX40: =$CW$13*($DG$12/$CR$18+$CU$13/$CR$18^2)*CU40^5 -> -7.9815207e-06 | CY40: =$CY$13*(1+$DA$13*CU40^2)*(CU40^2/$CR$18^3) -> 0.0035778059 | CZ40: =EXP(-$DA$13*CU40^2) -> 0.9756336 | DA40: =1+CV40+CW40-CX40+CY40*CZ40 -> 0.94517975 | DB40: =DA40-CT40 -> 0.14517975 | DC40: 0.85 | DD40: =0.27*CS40/DC40/$CR$18 -> 0.17408923 | DE40: =($CU$12+$CW$12/$CR$18+$CY$12/$CR$18^3+$DA$12/$CR$18^4+$DC$12/$CR$18^5)*DD40 -> -0.061277902 | DF40: =($DE$12+$DG$12/$CR$18+$CU$13/$CR$18^2)*DD40^2 -> 0.0060137087 | DG40: =$CW$13*($DG$12/$CR$18+$CU$13/$CR$18^2)*DD40^5 -> -5.8944183e-06 | DH40: =$CY$13*(1+$DA$13*DD40^2)*DD40^2/$CR$18^3 -> 0.0031605553 | DI40: =EXP(-$DA$13*DD40^2) -> 0.97838562 | DJ40: =1+DE40+DF40-DG40+DH40*DI40 -> 0.94783394 | DK40: =DJ40-DC40 -> 0.097833943 | DL40: =(DK40-DB40)/(DC40-CT40) -> -0.94691617 | DM40: =CT40-DB40/DL40 -> 0.95331848 | DN40: =DC40 -> 0.85 | DO40: =0.27*CS40/DN40/$CR$18 -> 0.17408923 | DP40: =($CU$12+$CW$12/$CR$18+$CY$12/$CR$18^3+$DA$12/$CR$18^4+$DC$12/$CR$18^5)*DO40 -> -0.061277902 | DQ40: =($DE$12+$DG$12/$CR$18+$CU$13/$CR$18^2)*DO40^2 -> 0.0060137087 | DR40: =$CW$13*($DG$12/$CR$18+$CU$13/$CR$18^2)*DO40^5 -> -5.8944183e-06 | DS40: =$CY$13*(1+$DA$13*DO40^2)*(DO40^2/$CR$18^3) -> 0.0031605553 | DT40: =EXP(-$DA$13*DO40^2) -> 0.97838562 | DU40: =1+DP40+DQ40-DR40+DS40*DT40 -> 0.94783394 | DV40: =DU40-DN40 -> 0.097833943 | DW40: =DM40 -> 0.95331848 | DX40: =0.27*CS40/DW40/$CR$18 -> 0.15522184 | DY40: =($CU$12+$CW$12/$CR$18+$CY$12/$CR$18^3+$DA$12/$CR$18^4+$DC$12/$CR$18^5)*DX40 -> -0.054636743 | DZ40: =($DE$12+$DG$12/$CR$18+$CU$13/$CR$18^2)*DX40^2 -> 0.0047808401 | EA40: =$CW$13*($DG$12/$CR$18+$CU$13/$CR$18^2)*DX40^5 -> -3.3215861e-06 | EB40: =$CY$13*(1+$DA$13*DX40^2)*DX40^2/$CR$18^3 -> 0.0025015956 | EC40: =EXP(-$DA$13*DX40^2) -> 0.98277837 | ED40: =1+DY40+DZ40-EA40+EB40*EC40 -> 0.95260593 | EE40: =ED40-DW40 -> -0.00071255048 | EF40: =(EE40-DV40)/(DW40-DN40) -> -0.95381281 | EG40: =DN40-DV40/EF40 -> 0.95257143 | EK40: =K40 -> 664.64572 | EU40: =(EK40*$EO$18)/(DM40*10.73*$EJ$18) -> 1.7993076 | EV40: =EU40/67.0176 -> 0.026848285 | EW40: =EXP($ES$18*EV40^$ET$18) -> 1.0446345 | EX40: =$ER$18*10^-4*EW40 -> 0.01432564
C41: =E40 -> 1047.8974 | D41: 317.1 | E41: =CK41 -> 1083.8604 | F41: =D41-E41 -> -766.7604 | G41: =AVERAGE(C41,D41) -> 682.49869 | I41: =Sheet10!K41 -> 1185.7326 | K41: =G41 -> 682.49869 | O41: =(($P$8*K41^1.187)/56.06)*10^(10.393*$N$18) -> 90.316369 | Q41: =1+(4.67*10^-4*O41)+(0.11*10^-4*$P$18)+(0.1337*10^-8*O41*$P$18) -> 1.1223725 | R41: =0.0283*AS41*($M$18)/K41 -> 0.02682745 | S41: =$P$3*($P$4+Q41) -> 5611.8624 | T41: =S41*5.615 -> 31510.607 | U41: =IF($P$5>0,R41*($P$10-O41)*$P$3,0) -> 21419.523 | V41: =$X$14+$Y$13*(O41-$W$14) -> 0.87967813 | W41: =(8830/(131.5+$P$9)) -> 54.006116 | X41: =0.01361*V41*O41 -> 1.0813054 | Y41: =(W41+X41)/Q41 -> 49.08123 | Z41: =($P$4*$T$6)+(Q41*Y41) -> 55.087422 | AA41: =$P$4+Q41 -> 1.1223725 | AB41: =Z41/AA41 -> 49.08123 | AG41: =10.715*(O41+100)^-0.515 -> 0.71789671 | AH41: =5.44*(O41+150)^-0.338 -> 0.85289217 | AI41: =AG41*$AF$18^AH41 -> 1.2245629 | AJ41: =(($P$4*$T$6)/($P$4*$T$6+Q41*Y41))*$T$7 -> 0 | AK41: =((Q41*Y41)/($P$4*$T$6+Q41*Y41))*AI41 -> 1.2245629 | AL41: =AJ41+AK41 -> 1.2245629 | AM41: =(($P$4*$T$6)/($P$4*$T$6+Q41*Y41))*$T$8 -> 0 | AN41: =((Q41*Y41)/($P$4*$T$6+Q41*Y41))*$T$4 -> 30 | AO41: =AM41+AN41 -> 30 | AQ41: =CS41 -> 1.0232364 | AS41: =EG41 -> 0.95144977 | AU41: =(T41)*(1/86400)/$T$10 -> 4.1792143 | AV41: =(U41)*(1/86400)/$T$10 -> 2.8408458 | AW41: =AU41+AV41 -> 7.0200601 | AX41: =AU41/AW41 -> 0.59532457 | AY41: =1-AX41 -> 0.40467543 | AZ41: =1.071-(0.2218*((AW41^2)/($T$9))) -> -31.72074 | BA41: =IF(AZ41<0.13,0.13,AZ41) -> 0.13 | BB41: =1.938*AU41*(AB41/AO41)^(1/4) -> 9.1600313 | BC41: =1.938*AV41*(AB41/AO41)^(1/4) -> 6.2265859 | BD41: =120.872*$T$9*SQRT(AB41/AO41) -> 51.534913 | BE41: =0.15726*AL41*(1/(AB41*AO41^3))^(1/4) -> 0.0056758324 | BF41: =0.0019+0.0322*BE41-0.6642*BE41^2+4.9951*BE41^3 -> 0.0020622779 | BG41: =1-10.0147*BE41+33.8696*BE41^2+277.2817*BE41^3 -> 0.94430005 | BH41: =BF41/BG41 -> 0.0021839222 | BI41: =BB41*($K$18^0.1)*BH41 -> 0.035557458 | BJ41: =(BC41^0.575)*(14.7^0.1)*BD41 -> 192.98654 | BK41: =BI41/BJ41 -> 0.00018424838 | BL41: =(0.0047+1123.32*BK41+729489.64*BK41^2) -> 0.23643422 | BM41: =(1+1097.1566*BK41+722153.97*BK41^2) -> 1.2266646 | BN41: =SQRT(BL41/BM41) -> 0.43902803 | BO41: =(BC41*BE41^0.38)/BD41^2.14 -> 0.00018918379 | BP41: =1.0886-69.9473*BO41+2334.3497*BO41^2-12896.683*BO41^3 -> 1.0754506 | BQ41: =1-53.4401*BO41+1517.9369*BO41^2-8419.8115*BO41^3 -> 0.98994427 | BR41: =BP41/BQ41 -> 1.0863749 | BS41: =IF(U41<=0,1,(BN41*BR41)) -> 0.47694901 | BT41: =IF(U41>1,BN41*BR41,1) -> 0.47694901 | BU41: =IF($P$5=0,1,BT41) -> 0.47694901 | BV41: =AB41*AU41 -> 205.12098 | BW41: =EU41*AV41 -> 5.2550873 | BX41: =$T$10*(BV41+BW41)*86400 -> 1586201.9 | BY41: =(AL41^BS41)*EX41^(1-BS41) -> 0.11964212 | BZ41: =2.2*10^-2*BX41/BY41/$T$9 -> 875020.67 | CA41: =$CB$15/3.7065 -> 0.00016187778 | CB41: =5.0452/BZ41 -> 5.7658067e-06 | CC41: =LOG(($CB$15^1.1098/2.8257)+(7.149/BZ41)^0.8981) -> -3.9172616 | CD41: =-4*LOG(CA41-(CB41*CC41)) -> 14.936354 | CE41: =1/CD41^2 -> 0.004482402 | CF41: =BS41*AB41+(1-BS41)*EU41 -> 24.376801 | CG41: =CE41*BX41^2/($T$9)^5/CF41 -> 1.1242355e+11 | CH41: =(1/144)*(CF41+(CG41/74130000000)) -> 0.17981509 | CI41: =CH41*$CI$14 -> 35.963019 | CJ41: =CJ40+200 -> 4800 | CK41: =C41+CI41 -> 1083.8604 | CS41: =K41/$CQ$18 -> 1.0232364 | CT41: 0.8 | CU41: =0.27*CS41/CT41/$CR$18 -> 0.18993826 | CV41: =($CU$12+$CW$12/$CR$18+$CY$12/$CR$18^3+$DA$12/$CR$18^4+$DC$12/$CR$18^5)*CU41 -> -0.066856623 | CW41: =($DE$12+$DG$12/$CR$18+$CU$13/$CR$18^2)*CU41^2 -> 0.007158524 | CX41: =$CW$13*($DG$12/$CR$18+$CU$13/$CR$18^2)*CU41^5 -> -9.1126291e-06 | CY41: =$CY$13*(1+$DA$13*CU41^2)*(CU41^2/$CR$18^3) -> 0.003777538 | CZ41: =EXP(-$DA$13*CU41^2) -> 0.97432419 | DA41: =1+CV41+CW41-CX41+CY41*CZ41 -> 0.94399156 | DB41: =DA41-CT41 -> 0.14399156 | DC41: 0.85 | DD41: =0.27*CS41/DC41/$CR$18 -> 0.17876542 | DE41: =($CU$12+$CW$12/$CR$18+$CY$12/$CR$18^3+$DA$12/$CR$18^4+$DC$12/$CR$18^5)*DD41 -> -0.062923881 | DF41: =($DE$12+$DG$12/$CR$18+$CU$13/$CR$18^2)*DD41^2 -> 0.0063411147 | DG41: =$CW$13*($DG$12/$CR$18+$CU$13/$CR$18^2)*DD41^5 -> -6.7297511e-06 | DH41: =$CY$13*(1+$DA$13*DD41^2)*DD41^2/$CR$18^3 -> 0.0033365062 | DI41: =EXP(-$DA$13*DD41^2) -> 0.97722237 | DJ41: =1+DE41+DF41-DG41+DH41*DI41 -> 0.94668447 | DK41: =DJ41-DC41 -> 0.096684472 | DL41: =(DK41-DB41)/(DC41-CT41) -> -0.94614176 | DM41: =CT41-DB41/DL41 -> 0.95218815 | DN41: =DC41 -> 0.85 | DO41: =0.27*CS41/DN41/$CR$18 -> 0.17876542 | DP41: =($CU$12+$CW$12/$CR$18+$CY$12/$CR$18^3+$DA$12/$CR$18^4+$DC$12/$CR$18^5)*DO41 -> -0.062923881 | DQ41: =($DE$12+$DG$12/$CR$18+$CU$13/$CR$18^2)*DO41^2 -> 0.0063411147 | DR41: =$CW$13*($DG$12/$CR$18+$CU$13/$CR$18^2)*DO41^5 -> -6.7297511e-06 | DS41: =$CY$13*(1+$DA$13*DO41^2)*(DO41^2/$CR$18^3) -> 0.0033365062 | DT41: =EXP(-$DA$13*DO41^2) -> 0.97722237 | DU41: =1+DP41+DQ41-DR41+DS41*DT41 -> 0.94668447 | DV41: =DU41-DN41 -> 0.096684472 | DW41: =DM41 -> 0.95218815 | DX41: =0.27*CS41/DW41/$CR$18 -> 0.15958044 | DY41: =($CU$12+$CW$12/$CR$18+$CY$12/$CR$18^3+$DA$12/$CR$18^4+$DC$12/$CR$18^5)*DX41 -> -0.056170935 | DZ41: =($DE$12+$DG$12/$CR$18+$CU$13/$CR$18^2)*DX41^2 -> 0.0050531003 | EA41: =$CW$13*($DG$12/$CR$18+$CU$13/$CR$18^2)*DX41^5 -> -3.8148703e-06 | EB41: =$CY$13*(1+$DA$13*DX41^2)*DX41^2/$CR$18^3 -> 0.002646628 | EC41: =EXP(-$DA$13*DX41^2) -> 0.98180661 | ED41: =1+DY41+DZ41-EA41+EB41*EC41 -> 0.95148446 | EE41: =ED41-DW41 -> -0.00070368923 | EF41: =(EE41-DV41)/(DW41-DN41) -> -0.95302797 | EG41: =DN41-DV41/EF41 -> 0.95144977 | EK41: =K41 -> 682.49869 | EU41: =(EK41*$EO$18)/(DM41*10.73*$EJ$18) -> 1.8498319 | EV41: =EU41/67.0176 -> 0.027602181 | EW41: =EXP($ES$18*EV41^$ET$18) -> 1.0463281 | EX41: =$ER$18*10^-4*EW41 -> 0.014348865
C42: =E41 -> 1083.8604 | D42: 317.2 | E42: =CK42 -> 1120.1845 | F42: =D42-E42 -> -802.9845 | G42: =AVERAGE(C42,D42) -> 700.5302 | I42: =Sheet10!K42 -> 1234.3132 | K42: =G42 -> 700.5302 | O42: =(($P$8*K42^1.187)/56.06)*10^(10.393*$N$18) -> 93.15567 | Q42: =1+(4.67*10^-4*O42)+(0.11*10^-4*$P$18)+(0.1337*10^-8*O42*$P$18) -> 1.1237258 | R42: =0.0283*AS42*($M$18)/K42 -> 0.026106055 | S42: =$P$3*($P$4+Q42) -> 5618.629 | T42: =S42*5.615 -> 31548.602 | U42: =IF($P$5>0,R42*($P$10-O42)*$P$3,0) -> 20472.933 | V42: =$X$14+$Y$13*(O42-$W$14) -> 0.87935364 | W42: =(8830/(131.5+$P$9)) -> 54.006116 | X42: =0.01361*V42*O42 -> 1.1148873 | Y42: =(W42+X42)/Q42 -> 49.052005 | Z42: =($P$4*$T$6)+(Q42*Y42) -> 55.121004 | AA42: =$P$4+Q42 -> 1.1237258 | AB42: =Z42/AA42 -> 49.052005 | AG42: =10.715*(O42+100)^-0.515 -> 0.71244252 | AH42: =5.44*(O42+150)^-0.338 -> 0.84951289 | AI42: =AG42*$AF$18^AH42 -> 1.2126908 | AJ42: =(($P$4*$T$6)/($P$4*$T$6+Q42*Y42))*$T$7 -> 0 | AK42: =((Q42*Y42)/($P$4*$T$6+Q42*Y42))*AI42 -> 1.2126908 | AL42: =AJ42+AK42 -> 1.2126908 | AM42: =(($P$4*$T$6)/($P$4*$T$6+Q42*Y42))*$T$8 -> 0 | AN42: =((Q42*Y42)/($P$4*$T$6+Q42*Y42))*$T$4 -> 30 | AO42: =AM42+AN42 -> 30 | AQ42: =CS42 -> 1.0502702 | AS42: =EG42 -> 0.95032632 | AU42: =(T42)*(1/86400)/$T$10 -> 4.1842535 | AV42: =(U42)*(1/86400)/$T$10 -> 2.7153008 | AW42: =AU42+AV42 -> 6.8995543 | AX42: =AU42/AW42 -> 0.60645273 | AY42: =1-AX42 -> 0.39354727 | AZ42: =1.071-(0.2218*((AW42^2)/($T$9))) -> -30.604601 | BA42: =IF(AZ42<0.13,0.13,AZ42) -> 0.13 | BB42: =1.938*AU42*(AB42/AO42)^(1/4) -> 9.1697108 | BC42: =1.938*AV42*(AB42/AO42)^(1/4) -> 5.9505292 | BD42: =120.872*$T$9*SQRT(AB42/AO42) -> 51.519567 | BE42: =0.15726*AL42*(1/(AB42*AO42^3))^(1/4) -> 0.0056216423 | BF42: =0.0019+0.0322*BE42-0.6642*BE42^2+4.9951*BE42^3 -> 0.0020609137 | BG42: =1-10.0147*BE42+33.8696*BE42^2+277.2817*BE42^3 -> 0.94482058 | BH42: =BF42/BG42 -> 0.0021812752 | BI42: =BB42*($K$18^0.1)*BH42 -> 0.035551888 | BJ42: =(BC42^0.575)*(14.7^0.1)*BD42 -> 187.96345 | BK42: =BI42/BJ42 -> 0.00018914256 | BL42: =(0.0047+1123.32*BK42+729489.64*BK42^2) -> 0.24326505 | BM42: =(1+1097.1566*BK42+722153.97*BK42^2) -> 1.233354 | BN42: =SQRT(BL42/BM42) -> 0.44411555 | BO42: =(BC42*BE42^0.38)/BD42^2.14 -> 0.00018025324 | BP42: =1.0886-69.9473*BO42+2334.3497*BO42^2-12896.683*BO42^3 -> 1.0760675 | BQ42: =1-53.4401*BO42+1517.9369*BO42^2-8419.8115*BO42^3 -> 0.99041652 | BR42: =BP42/BQ42 -> 1.0864798 | BS42: =IF(U42<=0,1,(BN42*BR42)) -> 0.48252258 | BT42: =IF(U42>1,BN42*BR42,1) -> 0.48252258 | BU42: =IF($P$5=0,1,BT42) -> 0.48252258 | BV42: =AB42*AU42 -> 205.24602 | BW42: =EU42*AV42 -> 5.1616951 | BX42: =$T$10*(BV42+BW42)*86400 -> 1586440.5 | BY42: =(AL42^BS42)*EX42^(1-BS42) -> 0.12217368 | BZ42: =2.2*10^-2*BX42/BY42/$T$9 -> 857018.3 | CA42: =$CB$15/3.7065 -> 0.00016187778 | CB42: =5.0452/BZ42 -> 5.8869221e-06 | CC42: =LOG(($CB$15^1.1098/2.8257)+(7.149/BZ42)^0.8981) -> -3.9154418 | CD42: =-4*LOG(CA42-(CB42*CC42)) -> 14.931992 | CE42: =1/CD42^2 -> 0.0044850211 | CF42: =BS42*AB42+(1-BS42)*EU42 -> 24.652407 | CG42: =CE42*BX42^2/($T$9)^5/CF42 -> 1.1126512e+11 | CH42: =(1/144)*(CF42+(CG42/74130000000)) -> 0.18162051 | CI42: =CH42*$CI$14 -> 36.324101 | CJ42: =CJ41+200 -> 5000 | CK42: =C42+CI42 -> 1120.1845 | CS42: =K42/$CQ$18 -> 1.0502702 | CT42: 0.8 | CU42: =0.27*CS42/CT42/$CR$18 -> 0.1949564 | CV42: =($CU$12+$CW$12/$CR$18+$CY$12/$CR$18^3+$DA$12/$CR$18^4+$DC$12/$CR$18^5)*CU42 -> -0.068622965 | CW42: =($DE$12+$DG$12/$CR$18+$CU$13/$CR$18^2)*CU42^2 -> 0.0075417749 | CX42: =$CW$13*($DG$12/$CR$18+$CU$13/$CR$18^2)*CU42^5 -> -1.038171e-05 | CY42: =$CY$13*(1+$DA$13*CU42^2)*(CU42^2/$CR$18^3) -> 0.0039851804 | CZ42: =EXP(-$DA$13*CU42^2) -> 0.97296831 | DA42: =1+CV42+CW42-CX42+CY42*CZ42 -> 0.94280665 | DB42: =DA42-CT42 -> 0.14280665 | DC42: 0.85 | DD42: =0.27*CS42/DC42/$CR$18 -> 0.18348838 | DE42: =($CU$12+$CW$12/$CR$18+$CY$12/$CR$18^3+$DA$12/$CR$18^4+$DC$12/$CR$18^5)*DD42 -> -0.06458632 | DF42: =($DE$12+$DG$12/$CR$18+$CU$13/$CR$18^2)*DD42^2 -> 0.0066806034 | DG42: =$CW$13*($DG$12/$CR$18+$CU$13/$CR$18^2)*DD42^5 -> -7.6669777e-06 | DH42: =$CY$13*(1+$DA$13*DD42^2)*DD42^2/$CR$18^3 -> 0.0035193735 | DI42: =EXP(-$DA$13*DD42^2) -> 0.97601764 | DJ42: =1+DE42+DF42-DG42+DH42*DI42 -> 0.94553692 | DK42: =DJ42-DC42 -> 0.095536921 | DL42: =(DK42-DB42)/(DC42-CT42) -> -0.9453945 | DM42: =CT42-DB42/DL42 -> 0.95105508 | DN42: =DC42 -> 0.85 | DO42: =0.27*CS42/DN42/$CR$18 -> 0.18348838 | DP42: =($CU$12+$CW$12/$CR$18+$CY$12/$CR$18^3+$DA$12/$CR$18^4+$DC$12/$CR$18^5)*DO42 -> -0.06458632 | DQ42: =($DE$12+$DG$12/$CR$18+$CU$13/$CR$18^2)*DO42^2 -> 0.0066806034 | DR42: =$CW$13*($DG$12/$CR$18+$CU$13/$CR$18^2)*DO42^5 -> -7.6669777e-06 | DS42: =$CY$13*(1+$DA$13*DO42^2)*(DO42^2/$CR$18^3) -> 0.0035193735 | DT42: =EXP(-$DA$13*DO42^2) -> 0.97601764 | DU42: =1+DP42+DQ42-DR42+DS42*DT42 -> 0.94553692 | DV42: =DU42-DN42 -> 0.095536921 | DW42: =DM42 -> 0.95105508 | DX42: =0.27*CS42/DW42/$CR$18 -> 0.16399168 | DY42: =($CU$12+$CW$12/$CR$18+$CY$12/$CR$18^3+$DA$12/$CR$18^4+$DC$12/$CR$18^5)*DX42 -> -0.057723651 | DZ42: =($DE$12+$DG$12/$CR$18+$CU$13/$CR$18^2)*DX42^2 -> 0.0053363241 | EA42: =$CW$13*($DG$12/$CR$18+$CU$13/$CR$18^2)*DX42^5 -> -4.3721039e-06 | EB42: =$CY$13*(1+$DA$13*DX42^2)*DX42^2/$CR$18^3 -> 0.0027977947 | EC42: =EXP(-$DA$13*DX42^2) -> 0.98079673 | ED42: =1+DY42+DZ42-EA42+EB42*EC42 -> 0.95036111 | EE42: =ED42-DW42 -> -0.00069397188 | EF42: =(EE42-DV42)/(DW42-DN42) -> -0.95226176 | EG42: =DN42-DV42/EF42 -> 0.95032632 | EK42: =K42 -> 700.5302 | EU42: =(EK42*$EO$18)/(DM42*10.73*$EJ$18) -> 1.9009663 | EV42: =EU42/67.0176 -> 0.02836518 | EW42: =EXP($ES$18*EV42^$ET$18) -> 1.0480598 | EX42: =$ER$18*10^-4*EW42 -> 0.014372613
C43: =E42 -> 1120.1845 | D43: 317.3 | E43: =CK43 -> 1156.874 | F43: =D43-E43 -> -839.57402 | G43: =AVERAGE(C43,D43) -> 718.74225 | I43: =Sheet10!K43 -> 1284.4627 | K43: =G43 -> 718.74225 | O43: =(($P$8*K43^1.187)/56.06)*10^(10.393*$N$18) -> 96.037306 | Q43: =1+(4.67*10^-4*O43)+(0.11*10^-4*$P$18)+(0.1337*10^-8*O43*$P$18) -> 1.1250993 | R43: =0.0283*AS43*($M$18)/K43 -> 0.025414438 | S43: =$P$3*($P$4+Q43) -> 5625.4965 | T43: =S43*5.615 -> 31587.163 | U43: =IF($P$5>0,R43*($P$10-O43)*$P$3,0) -> 19564.377 | V43: =$X$14+$Y$13*(O43-$W$14) -> 0.87902431 | W43: =(8830/(131.5+$P$9)) -> 54.006116 | X43: =0.01361*V43*O43 -> 1.1489443 | Y43: =(W43+X43)/Q43 -> 49.022393 | Z43: =($P$4*$T$6)+(Q43*Y43) -> 55.155061 | AA43: =$P$4+Q43 -> 1.1250993 | AB43: =Z43/AA43 -> 49.022393 | AG43: =10.715*(O43+100)^-0.515 -> 0.70702982 | AH43: =5.44*(O43+150)^-0.338 -> 0.84613678 | AI43: =AG43*$AF$18^AH43 -> 1.2009362 | AJ43: =(($P$4*$T$6)/($P$4*$T$6+Q43*Y43))*$T$7 -> 0 | AK43: =((Q43*Y43)/($P$4*$T$6+Q43*Y43))*AI43 -> 1.2009362 | AL43: =AJ43+AK43 -> 1.2009362 | AM43: =(($P$4*$T$6)/($P$4*$T$6+Q43*Y43))*$T$8 -> 0 | AN43: =((Q43*Y43)/($P$4*$T$6+Q43*Y43))*$T$4 -> 30 | AO43: =AM43+AN43 -> 30 | AQ43: =CS43 -> 1.0775746 | AS43: =EG43 -> 0.94920134 | AU43: =(T43)*(1/86400)/$T$10 -> 4.1893678 | AV43: =(U43)*(1/86400)/$T$10 -> 2.5948 | AW43: =AU43+AV43 -> 6.7841678 | AX43: =AU43/AW43 -> 0.61752125 | AY43: =1-AX43 -> 0.38247875 | AZ43: =1.071-(0.2218*((AW43^2)/($T$9))) -> -29.553991 | BA43: =IF(AZ43<0.13,0.13,AZ43) -> 0.13 | BB43: =1.938*AU43*(AB43/AO43)^(1/4) -> 9.1795328 | BC43: =1.938*AV43*(AB43/AO43)^(1/4) -> 5.6855958 | BD43: =120.872*$T$9*SQRT(AB43/AO43) -> 51.504014 | BE43: =0.15726*AL43*(1/(AB43*AO43^3))^(1/4) -> 0.0055679924 | BF43: =0.0019+0.0322*BE43-0.6642*BE43^2+4.9951*BE43^3 -> 0.0020595597 | BG43: =1-10.0147*BE43+33.8696*BE43^2+277.2817*BE43^3 -> 0.94533613 | BH43: =BF43/BG43 -> 0.0021786533 | BI43: =BB43*($K$18^0.1)*BH43 -> 0.035547191 | BJ43: =(BC43^0.575)*(14.7^0.1)*BD43 -> 183.04969 | BK43: =BI43/BJ43 -> 0.00019419421 | BL43: =(0.0047+1123.32*BK43+729489.64*BK43^2) -> 0.25035231 | BM43: =(1+1097.1566*BK43+722153.97*BK43^2) -> 1.2402949 | BN43: =SQRT(BL43/BM43) -> 0.44927611 | BO43: =(BC43*BE43^0.38)/BD43^2.14 -> 0.00017171236 | BP43: =1.0886-69.9473*BO43+2334.3497*BO43^2-12896.683*BO43^3 -> 1.0766579 | BQ43: =1-53.4401*BO43+1517.9369*BO43^2-8419.8115*BO43^3 -> 0.99086839 | BR43: =BP43/BQ43 -> 1.0865802 | BS43: =IF(U43<=0,1,(BN43*BR43)) -> 0.48817451 | BT43: =IF(U43>1,BN43*BR43,1) -> 0.48817451 | BU43: =IF($P$5=0,1,BT43) -> 0.48817451 | BV43: =AB43*AU43 -> 205.37284 | BW43: =EU43*AV43 -> 5.066913 | BX43: =$T$10*(BV43+BW43)*86400 -> 1586682 | BY43: =(AL43^BS43)*EX43^(1-BS43) -> 0.12478853 | BZ43: =2.2*10^-2*BX43/BY43/$T$9 -> 839187.85 | CA43: =$CB$15/3.7065 -> 0.00016187778 | CB43: =5.0452/BZ43 -> 6.0120031e-06 | CC43: =LOG(($CB$15^1.1098/2.8257)+(7.149/BZ43)^0.8981) -> -3.9135745 | CD43: =-4*LOG(CA43-(CB43*CC43)) -> 14.927503 | CE43: =1/CD43^2 -> 0.0044877191 | CF43: =BS43*AB43+(1-BS43)*EU43 -> 24.930934 | CG43: =CE43*BX43^2/($T$9)^5/CF43 -> 1.1012178e+11 | CH43: =(1/144)*(CF43+(CG43/74130000000)) -> 0.18344761 | CI43: =CH43*$CI$14 -> 36.689523 | CJ43: =CJ42+200 -> 5200 | CK43: =C43+CI43 -> 1156.874 | CS43: =K43/$CQ$18 -> 1.0775746 | CT43: 0.8 | CU43: =0.27*CS43/CT43/$CR$18 -> 0.20002478 | CV43: =($CU$12+$CW$12/$CR$18+$CY$12/$CR$18^3+$DA$12/$CR$18^4+$DC$12/$CR$18^5)*CU43 -> -0.070406992 | CW43: =($DE$12+$DG$12/$CR$18+$CU$13/$CR$18^2)*CU43^2 -> 0.0079390071 | CX43: =$CW$13*($DG$12/$CR$18+$CU$13/$CR$18^2)*CU43^5 -> -1.1803219e-05 | CY43: =$CY$13*(1+$DA$13*CU43^2)*(CU43^2/$CR$18^3) -> 0.0042009771 | CZ43: =EXP(-$DA$13*CU43^2) -> 0.97156496 | DA43: =1+CV43+CW43-CX43+CY43*CZ43 -> 0.94162534 | DB43: =DA43-CT43 -> 0.14162534 | DC43: 0.85 | DD43: =0.27*CS43/DC43/$CR$18 -> 0.18825862 | DE43: =($CU$12+$CW$12/$CR$18+$CY$12/$CR$18^3+$DA$12/$CR$18^4+$DC$12/$CR$18^5)*DD43 -> -0.066265404 | DF43: =($DE$12+$DG$12/$CR$18+$CU$13/$CR$18^2)*DD43^2 -> 0.0070324769 | DG43: =$CW$13*($DG$12/$CR$18+$CU$13/$CR$18^2)*DD43^5 -> -8.7167736e-06 | DH43: =$CY$13*(1+$DA$13*DD43^2)*DD43^2/$CR$18^3 -> 0.0037093667 | DI43: =EXP(-$DA$13*DD43^2) -> 0.97477054 | DJ43: =1+DE43+DF43-DG43+DH43*DI43 -> 0.94439157 | DK43: =DJ43-DC43 -> 0.094391571 | DL43: =(DK43-DB43)/(DC43-CT43) -> -0.94467539 | DM43: =CT43-DB43/DL43 -> 0.94991958 | DN43: =DC43 -> 0.85 | DO43: =0.27*CS43/DN43/$CR$18 -> 0.18825862 | DP43: =($CU$12+$CW$12/$CR$18+$CY$12/$CR$18^3+$DA$12/$CR$18^4+$DC$12/$CR$18^5)*DO43 -> -0.066265404 | DQ43: =($DE$12+$DG$12/$CR$18+$CU$13/$CR$18^2)*DO43^2 -> 0.0070324769 | DR43: =$CW$13*($DG$12/$CR$18+$CU$13/$CR$18^2)*DO43^5 -> -8.7167736e-06 | DS43: =$CY$13*(1+$DA$13*DO43^2)*(DO43^2/$CR$18^3) -> 0.0037093667 | DT43: =EXP(-$DA$13*DO43^2) -> 0.97477054 | DU43: =1+DP43+DQ43-DR43+DS43*DT43 -> 0.94439157 | DV43: =DU43-DN43 -> 0.094391571 | DW43: =DM43 -> 0.94991958 | DX43: =0.27*CS43/DW43/$CR$18 -> 0.16845618 | DY43: =($CU$12+$CW$12/$CR$18+$CY$12/$CR$18^3+$DA$12/$CR$18^4+$DC$12/$CR$18^5)*DX43 -> -0.059295118 | DZ43: =($DE$12+$DG$12/$CR$18+$CU$13/$CR$18^2)*DX43^2 -> 0.0056308309 | EA43: =$CW$13*($DG$12/$CR$18+$CU$13/$CR$18^2)*DX43^5 -> -5.0005318e-06 | EB43: =$CY$13*(1+$DA$13*DX43^2)*DX43^2/$CR$18^3 -> 0.0029553016 | EC43: =EXP(-$DA$13*DX43^2) -> 0.97974772 | ED43: =1+DY43+DZ43-EA43+EB43*EC43 -> 0.94923616 | EE43: =ED43-DW43 -> -0.00068341874 | EF43: =(EE43-DV43)/(DW43-DN43) -> -0.95151508 | EG43: =DN43-DV43/EF43 -> 0.94920134 | EK43: =K43 -> 718.74225 | EU43: =(EK43*$EO$18)/(DM43*10.73*$EJ$18) -> 1.9527181 | EV43: =EU43/67.0176 -> 0.029137392 | EW43: =EXP($ES$18*EV43^$ET$18) -> 1.0498304 | EX43: =$ER$18*10^-4*EW43 -> 0.014396894
C44: =E43 -> 1156.874 | D44: 317.4 | E44: =CK44 -> 1193.9337 | F44: =D44-E44 -> -876.53366 | G44: =AVERAGE(C44,D44) -> 737.13701 | I44: =Sheet10!K44 -> 1336.4145 | K44: =G44 -> 737.13701 | O44: =(($P$8*K44^1.187)/56.06)*10^(10.393*$N$18) -> 98.961744 | Q44: =1+(4.67*10^-4*O44)+(0.11*10^-4*$P$18)+(0.1337*10^-8*O44*$P$18) -> 1.1264932 | R44: =0.0283*AS44*($M$18)/K44 -> 0.024750836 | S44: =$P$3*($P$4+Q44) -> 5632.4661 | T44: =S44*5.615 -> 31626.297 | U44: =IF($P$5>0,R44*($P$10-O44)*$P$3,0) -> 18691.615 | V44: =$X$14+$Y$13*(O44-$W$14) -> 0.87869009 | W44: =(8830/(131.5+$P$9)) -> 54.006116 | X44: =0.01361*V44*O44 -> 1.1834807 | Y44: =(W44+X44)/Q44 -> 48.992392 | Z44: =($P$4*$T$6)+(Q44*Y44) -> 55.189597 | AA44: =$P$4+Q44 -> 1.1264932 | AB44: =Z44/AA44 -> 48.992392 | AG44: =10.715*(O44+100)^-0.515 -> 0.70165858 | AH44: =5.44*(O44+150)^-0.338 -> 0.84276419 | AI44: =AG44*$AF$18^AH44 -> 1.1892988 | AJ44: =(($P$4*$T$6)/($P$4*$T$6+Q44*Y44))*$T$7 -> 0 | AK44: =((Q44*Y44)/($P$4*$T$6+Q44*Y44))*AI44 -> 1.1892988 | AL44: =AJ44+AK44 -> 1.1892988 | AM44: =(($P$4*$T$6)/($P$4*$T$6+Q44*Y44))*$T$8 -> 0 | AN44: =((Q44*Y44)/($P$4*$T$6+Q44*Y44))*$T$4 -> 30 | AO44: =AM44+AN44 -> 30 | AQ44: =CS44 -> 1.1051529 | AS44: =EG44 -> 0.94807509 | AU44: =(T44)*(1/86400)/$T$10 -> 4.1945581 | AV44: =(U44)*(1/86400)/$T$10 -> 2.4790467 | AW44: =AU44+AV44 -> 6.6736048 | AX44: =AU44/AW44 -> 0.6285296 | AY44: =1-AX44 -> 0.3714704 | AZ44: =1.071-(0.2218*((AW44^2)/($T$9))) -> -28.56392 | BA44: =IF(AZ44<0.13,0.13,AZ44) -> 0.13 | BB44: =1.938*AU44*(AB44/AO44)^(1/4) -> 9.189499 | BC44: =1.938*AV44*(AB44/AO44)^(1/4) -> 5.4311315 | BD44: =120.872*$T$9*SQRT(AB44/AO44) -> 51.488252 | BE44: =0.15726*AL44*(1/(AB44*AO44^3))^(1/4) -> 0.0055148809 | BF44: =0.0019+0.0322*BE44-0.6642*BE44^2+4.9951*BE44^3 -> 0.0020582161 | BG44: =1-10.0147*BE44+33.8696*BE44^2+277.2817*BE44^3 -> 0.94584674 | BH44: =BF44/BG44 -> 0.0021760566 | BI44: =BB44*($K$18^0.1)*BH44 -> 0.03554337 | BJ44: =(BC44^0.575)*(14.7^0.1)*BD44 -> 178.23862 | BK44: =BI44/BJ44 -> 0.00019941452 | BL44: =(0.0047+1123.32*BK44+729489.64*BK44^2) -> 0.25771532 | BM44: =(1+1097.1566*BK44+722153.97*BK44^2) -> 1.2475062 | BN44: =SQRT(BL44/BM44) -> 0.45451556 | BO44: =(BC44*BE44^0.38)/BD44^2.14 -> 0.00016353798 | BP44: =1.0886-69.9473*BO44+2334.3497*BO44^2-12896.683*BO44^3 -> 1.0772233 | BQ44: =1-53.4401*BO44+1517.9369*BO44^2-8419.8115*BO44^3 -> 0.99130107 | BR44: =BP44/BQ44 -> 1.0866763 | BS44: =IF(U44<=0,1,(BN44*BR44)) -> 0.49391126 | BT44: =IF(U44>1,BN44*BR44,1) -> 0.49391126 | BU44: =IF($P$5=0,1,BT44) -> 0.49391126 | BV44: =AB44*AU44 -> 205.50143 | BW44: =EU44*AV44 -> 4.970725 | BX44: =$T$10*(BV44+BW44)*86400 -> 1586926.4 | BY44: =(AL44^BS44)*EX44^(1-BS44) -> 0.12749299 | BZ44: =2.2*10^-2*BX44/BY44/$T$9 -> 821512.94 | CA44: =$CB$15/3.7065 -> 0.00016187778 | CB44: =5.0452/BZ44 -> 6.1413518e-06 | CC44: =LOG(($CB$15^1.1098/2.8257)+(7.149/BZ44)^0.8981) -> -3.9116559 | CD44: =-4*LOG(CA44-(CB44*CC44)) -> 14.922876 | CE44: =1/CD44^2 -> 0.0044905022 | CF44: =BS44*AB44+(1-BS44)*EU44 -> 25.21265 | CG44: =CE44*BX44^2/($T$9)^5/CF44 -> 1.0899241e+11 | CH44: =(1/144)*(CF44+(CG44/74130000000)) -> 0.18529818 | CI44: =CH44*$CI$14 -> 37.059636 | CJ44: =CJ43+200 -> 5400 | CK44: =C44+CI44 -> 1193.9337 | CS44: =K44/$CQ$18 -> 1.1051529 | CT44: 0.8 | CU44: =0.27*CS44/CT44/$CR$18 -> 0.20514401 | CV44: =($CU$12+$CW$12/$CR$18+$CY$12/$CR$18^3+$DA$12/$CR$18^4+$DC$12/$CR$18^5)*CU44 -> -0.072208917 | CW44: =($DE$12+$DG$12/$CR$18+$CU$13/$CR$18^2)*CU44^2 -> 0.008350573 | CX44: =$CW$13*($DG$12/$CR$18+$CU$13/$CR$18^2)*CU44^5 -> -1.3392932e-05 | CY44: =$CY$13*(1+$DA$13*CU44^2)*(CU44^2/$CR$18^3) -> 0.0044251827 | CZ44: =EXP(-$DA$13*CU44^2) -> 0.9701131 | DA44: =1+CV44+CW44-CX44+CY44*CZ44 -> 0.94044798 | DB44: =DA44-CT44 -> 0.14044798 | DC44: 0.85 | DD44: =0.27*CS44/DC44/$CR$18 -> 0.19307672 | DE44: =($CU$12+$CW$12/$CR$18+$CY$12/$CR$18^3+$DA$12/$CR$18^4+$DC$12/$CR$18^5)*DD44 -> -0.067961334 | DF44: =($DE$12+$DG$12/$CR$18+$CU$13/$CR$18^2)*DD44^2 -> 0.0073970474 | DG44: =$CW$13*($DG$12/$CR$18+$CU$13/$CR$18^2)*DD44^5 -> -9.8907899e-06 | DH44: =$CY$13*(1+$DA$13*DD44^2)*DD44^2/$CR$18^3 -> 0.0039067036 | DI44: =EXP(-$DA$13*DD44^2) -> 0.97348011 | DJ44: =1+DE44+DF44-DG44+DH44*DI44 -> 0.9432487 | DK44: =DJ44-DC44 -> 0.093248703 | DL44: =(DK44-DB44)/(DC44-CT44) -> -0.94398548 | DM44: =CT44-DB44/DL44 -> 0.94878192 | DN44: =DC44 -> 0.85 | DO44: =0.27*CS44/DN44/$CR$18 -> 0.19307672 | DP44: =($CU$12+$CW$12/$CR$18+$CY$12/$CR$18^3+$DA$12/$CR$18^4+$DC$12/$CR$18^5)*DO44 -> -0.067961334 | DQ44: =($DE$12+$DG$12/$CR$18+$CU$13/$CR$18^2)*DO44^2 -> 0.0073970474 | DR44: =$CW$13*($DG$12/$CR$18+$CU$13/$CR$18^2)*DO44^5 -> -9.8907899e-06 | DS44: =$CY$13*(1+$DA$13*DO44^2)*(DO44^2/$CR$18^3) -> 0.0039067036 | DT44: =EXP(-$DA$13*DO44^2) -> 0.97348011 | DU44: =1+DP44+DQ44-DR44+DS44*DT44 -> 0.9432487 | DV44: =DU44-DN44 -> 0.093248703 | DW44: =DM44 -> 0.94878192 | DX44: =0.27*CS44/DW44/$CR$18 -> 0.17297464 | DY44: =($CU$12+$CW$12/$CR$18+$CY$12/$CR$18^3+$DA$12/$CR$18^4+$DC$12/$CR$18^5)*DX44 -> -0.060885576 | DZ44: =($DE$12+$DG$12/$CR$18+$CU$13/$CR$18^2)*DX44^2 -> 0.0059369508 | EA44: =$CW$13*($DG$12/$CR$18+$CU$13/$CR$18^2)*DX44^5 -> -5.7081266e-06 | EB44: =$CY$13*(1+$DA$13*DX44^2)*DX44^2/$CR$18^3 -> 0.0031193629 | EC44: =EXP(-$DA$13*DX44^2) -> 0.97865854 | ED44: =1+DY44+DZ44-EA44+EB44*EC44 -> 0.94810987 | EE44: =ED44-DW44 -> -0.0006720508 | EF44: =(EE44-DV44)/(DW44-DN44) -> -0.95078885 | EG44: =DN44-DV44/EF44 -> 0.94807509 | EK44: =K44 -> 737.13701 | EU44: =(EK44*$EO$18)/(DM44*10.73*$EJ$18) -> 2.0050954 | EV44: =EU44/67.0176 -> 0.029918937 | EW44: =EXP($ES$18*EV44^$ET$18) -> 1.0516407 | EX44: =$ER$18*10^-4*EW44 -> 0.014421719
C45: =E44 -> 1193.9337 | D45: 317.5 | E45: =CK45 -> 1231.3685 | F45: =D45-E45 -> -913.86847 | G45: =AVERAGE(C45,D45) -> 755.71683 | I45: =Sheet10!K45 -> 1390.5004 | K45: =G45 -> 755.71683 | O45: =(($P$8*K45^1.187)/56.06)*10^(10.393*$N$18) -> 101.92949 | Q45: =1+(4.67*10^-4*O45)+(0.11*10^-4*$P$18)+(0.1337*10^-8*O45*$P$18) -> 1.1279078 | R45: =0.0283*AS45*($M$18)/K45 -> 0.024113615 | S45: =$P$3*($P$4+Q45) -> 5639.5388 | T45: =S45*5.615 -> 31666.011 | U45: =IF($P$5>0,R45*($P$10-O45)*$P$3,0) -> 17852.576 | V45: =$X$14+$Y$13*(O45-$W$14) -> 0.87835092 | W45: =(8830/(131.5+$P$9)) -> 54.006116 | X45: =0.01361*V45*O45 -> 1.2185014 | Y45: =(W45+X45)/Q45 -> 48.961998 | Z45: =($P$4*$T$6)+(Q45*Y45) -> 55.224618 | AA45: =$P$4+Q45 -> 1.1279078 | AB45: =Z45/AA45 -> 48.961998 | AG45: =10.715*(O45+100)^-0.515 -> 0.69632871 | AH45: =5.44*(O45+150)^-0.338 -> 0.83939542 | AI45: =AG45*$AF$18^AH45 -> 1.1777779 | AJ45: =(($P$4*$T$6)/($P$4*$T$6+Q45*Y45))*$T$7 -> 0 | AK45: =((Q45*Y45)/($P$4*$T$6+Q45*Y45))*AI45 -> 1.1777779 | AL45: =AJ45+AK45 -> 1.1777779 | AM45: =(($P$4*$T$6)/($P$4*$T$6+Q45*Y45))*$T$8 -> 0 | AN45: =((Q45*Y45)/($P$4*$T$6+Q45*Y45))*$T$4 -> 30 | AO45: =AM45+AN45 -> 30 | AQ45: =CS45 -> 1.1330087 | AS45: =EG45 -> 0.94694784 | AU45: =(T45)*(1/86400)/$T$10 -> 4.1998253 | AV45: =(U45)*(1/86400)/$T$10 -> 2.3677659 | AW45: =AU45+AV45 -> 6.5675912 | AX45: =AU45/AW45 -> 0.63947727 | AY45: =1-AX45 -> 0.36052273 | AZ45: =1.071-(0.2218*((AW45^2)/($T$9))) -> -27.629867 | BA45: =IF(AZ45<0.13,0.13,AZ45) -> 0.13 | BB45: =1.938*AU45*(AB45/AO45)^(1/4) -> 9.199611 | BC45: =1.938*AV45*(AB45/AO45)^(1/4) -> 5.1865313 | BD45: =120.872*$T$9*SQRT(AB45/AO45) -> 51.472278 | BE45: =0.15726*AL45*(1/(AB45*AO45^3))^(1/4) -> 0.0054623049 | BF45: =0.0019+0.0322*BE45-0.6642*BE45^2+4.9951*BE45^3 -> 0.0020568827 | BG45: =1-10.0147*BE45+33.8696*BE45^2+277.2817*BE45^3 -> 0.94635241 | BH45: =BF45/BG45 -> 0.002173485 | BI45: =BB45*($K$18^0.1)*BH45 -> 0.03554043 | BJ45: =(BC45^0.575)*(14.7^0.1)*BD45 -> 173.52394 | BK45: =BI45/BJ45 -> 0.00020481571 | BL45: =(0.0047+1123.32*BK45+729489.64*BK45^2) -> 0.2653753 | BM45: =(1+1097.1566*BK45+722153.97*BK45^2) -> 1.2550089 | BN45: =SQRT(BL45/BM45) -> 0.4598401 | BO45: =(BC45*BE45^0.38)/BD45^2.14 -> 0.00015570867 | BP45: =1.0886-69.9473*BO45+2334.3497*BO45^2-12896.683*BO45^3 -> 1.0777651 | BQ45: =1-53.4401*BO45+1517.9369*BO45^2-8419.8115*BO45^3 -> 0.99171568 | BR45: =BP45/BQ45 -> 1.0867683 | BS45: =IF(U45<=0,1,(BN45*BR45)) -> 0.49973964 | BT45: =IF(U45>1,BN45*BR45,1) -> 0.49973964 | BU45: =IF($P$5=0,1,BT45) -> 0.49973964 | BV45: =AB45*AU45 -> 205.63184 | BW45: =EU45*AV45 -> 4.8731142 | BX45: =$T$10*(BV45+BW45)*86400 -> 1587173.6 | BY45: =(AL45^BS45)*EX45^(1-BS45) -> 0.13029399 | BZ45: =2.2*10^-2*BX45/BY45/$T$9 -> 803977.7 | CA45: =$CB$15/3.7065 -> 0.00016187778 | CB45: =5.0452/BZ45 -> 6.2752984e-06 | CC45: =LOG(($CB$15^1.1098/2.8257)+(7.149/BZ45)^0.8981) -> -3.9096824 | CD45: =-4*LOG(CA45-(CB45*CC45)) -> 14.918103 | CE45: =1/CD45^2 -> 0.0044933766 | CF45: =BS45*AB45+(1-BS45)*EU45 -> 25.49784 | CG45: =CE45*BX45^2/($T$9)^5/CF45 -> 1.0787594e+11 | CH45: =(1/144)*(CF45+(CG45/74130000000)) -> 0.18717407 | CI45: =CH45*$CI$14 -> 37.434815 | CJ45: =CJ44+200 -> 5600 | CK45: =C45+CI45 -> 1231.3685 | CS45: =K45/$CQ$18 -> 1.1330087 | CT45: 0.8 | CU45: =0.27*CS45/CT45/$CR$18 -> 0.21031475 | CV45: =($CU$12+$CW$12/$CR$18+$CY$12/$CR$18^3+$DA$12/$CR$18^4+$DC$12/$CR$18^5)*CU45 -> -0.07402897 | CW45: =($DE$12+$DG$12/$CR$18+$CU$13/$CR$18^2)*CU45^2 -> 0.008776837 | CX45: =$CW$13*($DG$12/$CR$18+$CU$13/$CR$18^2)*CU45^5 -> -1.5168061e-05 | CY45: =$CY$13*(1+$DA$13*CU45^2)*(CU45^2/$CR$18^3) -> 0.0046580626 | CZ45: =EXP(-$DA$13*CU45^2) -> 0.96861169 | DA45: =1+CV45+CW45-CX45+CY45*CZ45 -> 0.93927489 | DB45: =DA45-CT45 -> 0.13927489 | DC45: 0.85 | DD45: =0.27*CS45/DC45/$CR$18 -> 0.19794329 | DE45: =($CU$12+$CW$12/$CR$18+$CY$12/$CR$18^3+$DA$12/$CR$18^4+$DC$12/$CR$18^5)*DD45 -> -0.069674325 | DF45: =($DE$12+$DG$12/$CR$18+$CU$13/$CR$18^2)*DD45^2 -> 0.0077746376 | DG45: =$CW$13*($DG$12/$CR$18+$CU$13/$CR$18^2)*DD45^5 -> -1.1201737e-05 | DH45: =$CY$13*(1+$DA$13*DD45^2)*DD45^2/$CR$18^3 -> 0.0041116117 | DI45: =EXP(-$DA$13*DD45^2) -> 0.9721454 | DJ45: =1+DE45+DF45-DG45+DH45*DI45 -> 0.9421086 | DK45: =DJ45-DC45 -> 0.092108599 | DL45: =(DK45-DB45)/(DC45-CT45) -> -0.9433258 | DM45: =CT45-DB45/DL45 -> 0.9476424 | DN45: =DC45 -> 0.85 | DO45: =0.27*CS45/DN45/$CR$18 -> 0.19794329 | DP45: =($CU$12+$CW$12/$CR$18+$CY$12/$CR$18^3+$DA$12/$CR$18^4+$DC$12/$CR$18^5)*DO45 -> -0.069674325 | DQ45: =($DE$12+$DG$12/$CR$18+$CU$13/$CR$18^2)*DO45^2 -> 0.0077746376 | DR45: =$CW$13*($DG$12/$CR$18+$CU$13/$CR$18^2)*DO45^5 -> -1.1201737e-05 | DS45: =$CY$13*(1+$DA$13*DO45^2)*(DO45^2/$CR$18^3) -> 0.0041116117 | DT45: =EXP(-$DA$13*DO45^2) -> 0.9721454 | DU45: =1+DP45+DQ45-DR45+DS45*DT45 -> 0.9421086 | DV45: =DU45-DN45 -> 0.092108599 | DW45: =DM45 -> 0.9476424 | DX45: =0.27*CS45/DW45/$CR$18 -> 0.17754777 | DY45: =($CU$12+$CW$12/$CR$18+$CY$12/$CR$18^3+$DA$12/$CR$18^4+$DC$12/$CR$18^5)*DX45 -> -0.062495279 | DZ45: =($DE$12+$DG$12/$CR$18+$CU$13/$CR$18^2)*DX45^2 -> 0.0062550248 | EA45: =$CW$13*($DG$12/$CR$18+$CU$13/$CR$18^2)*DX45^5 -> -6.503656e-06 | EB45: =$CY$13*(1+$DA$13*DX45^2)*DX45^2/$CR$18^3 -> 0.0032902018 | EC45: =EXP(-$DA$13*DX45^2) -> 0.97752811 | ED45: =1+DY45+DZ45-EA45+EB45*EC45 -> 0.94698251 | EE45: =ED45-DW45 -> -0.00065988966 | EF45: =(EE45-DV45)/(DW45-DN45) -> -0.95008403 | EG45: =DN45-DV45/EF45 -> 0.94694784 | EK45: =K45 -> 755.71683 | EU45: =(EK45*$EO$18)/(DM45*10.73*$EJ$18) -> 2.0581064 | EV45: =EU45/67.0176 -> 0.030709939 | EW45: =EXP($ES$18*EV45^$ET$18) -> 1.0534913 | EX45: =$ER$18*10^-4*EW45 -> 0.014447097
C46: =E45 -> 1231.3685 | D46: 317.6 | E46: =CK46 -> 1269.1839 | F46: =D46-E46 -> -951.58393 | G46: =AVERAGE(C46,D46) -> 774.48424 | I46: =Sheet10!K46 -> 1447.2008 | K46: =G46 -> 774.48424 | O46: =(($P$8*K46^1.187)/56.06)*10^(10.393*$N$18) -> 104.94108 | Q46: =1+(4.67*10^-4*O46)+(0.11*10^-4*$P$18)+(0.1337*10^-8*O46*$P$18) -> 1.1293432 | R46: =0.0283*AS46*($M$18)/K46 -> 0.023501263 | S46: =$P$3*($P$4+Q46) -> 5646.7161 | T46: =S46*5.615 -> 31706.311 | U46: =IF($P$5>0,R46*($P$10-O46)*$P$3,0) -> 17045.339 | V46: =$X$14+$Y$13*(O46-$W$14) -> 0.87800673 | W46: =(8830/(131.5+$P$9)) -> 54.006116 | X46: =0.01361*V46*O46 -> 1.2540115 | Y46: =(W46+X46)/Q46 -> 48.931208 | Z46: =($P$4*$T$6)+(Q46*Y46) -> 55.260128 | AA46: =$P$4+Q46 -> 1.1293432 | AB46: =Z46/AA46 -> 48.931208 | AG46: =10.715*(O46+100)^-0.515 -> 0.69104006 | AH46: =5.44*(O46+150)^-0.338 -> 0.83603072 | AI46: =AG46*$AF$18^AH46 -> 1.1663728 | AJ46: =(($P$4*$T$6)/($P$4*$T$6+Q46*Y46))*$T$7 -> 0 | AK46: =((Q46*Y46)/($P$4*$T$6+Q46*Y46))*AI46 -> 1.1663728 | AL46: =AJ46+AK46 -> 1.1663728 | AM46: =(($P$4*$T$6)/($P$4*$T$6+Q46*Y46))*$T$8 -> 0 | AN46: =((Q46*Y46)/($P$4*$T$6+Q46*Y46))*$T$4 -> 30 | AO46: =AM46+AN46 -> 30 | AQ46: =CS46 -> 1.1611458 | AS46: =EG46 -> 0.94581988 | AU46: =(T46)*(1/86400)/$T$10 -> 4.2051702 | AV46: =(U46)*(1/86400)/$T$10 -> 2.260703 | AW46: =AU46+AV46 -> 6.4658732 | AX46: =AU46/AW46 -> 0.65036386 | AY46: =1-AX46 -> 0.34963614 | AZ46: =1.071-(0.2218*((AW46^2)/($T$9))) -> -26.747721 | BA46: =IF(AZ46<0.13,0.13,AZ46) -> 0.13 | BB46: =1.938*AU46*(AB46/AO46)^(1/4) -> 9.2098705 | BC46: =1.938*AV46*(AB46/AO46)^(1/4) -> 4.951234 | BD46: =120.872*$T$9*SQRT(AB46/AO46) -> 51.456091 | BE46: =0.15726*AL46*(1/(AB46*AO46^3))^(1/4) -> 0.0054102611 | BF46: =0.0019+0.0322*BE46-0.6642*BE46^2+4.9951*BE46^3 -> 0.0020555597 | BG46: =1-10.0147*BE46+33.8696*BE46^2+277.2817*BE46^3 -> 0.94685316 | BH46: =BF46/BG46 -> 0.0021709382 | BI46: =BB46*($K$18^0.1)*BH46 -> 0.035538374 | BJ46: =(BC46^0.575)*(14.7^0.1)*BD46 -> 168.89965 | BK46: =BI46/BJ46 -> 0.00021041117 | BL46: =(0.0047+1123.32*BK46+729489.64*BK46^2) -> 0.27335567 | BM46: =(1+1097.1566*BK46+722153.97*BK46^2) -> 1.2628258 | BN46: =SQRT(BL46/BM46) -> 0.46525636 | BO46: =(BC46*BE46^0.38)/BD46^2.14 -> 0.00014820458 | BP46: =1.0886-69.9473*BO46+2334.3497*BO46^2-12896.683*BO46^3 -> 1.0782847 | BQ46: =1-53.4401*BO46+1517.9369*BO46^2-8419.8115*BO46^3 -> 0.99211325 | BR46: =BP46/BQ46 -> 1.0868565 | BS46: =IF(U46<=0,1,(BN46*BR46)) -> 0.50566689 | BT46: =IF(U46>1,BN46*BR46,1) -> 0.50566689 | BU46: =IF($P$5=0,1,BT46) -> 0.50566689 | BV46: =AB46*AU46 -> 205.76406 | BW46: =EU46*AV46 -> 4.7740623 | BX46: =$T$10*(BV46+BW46)*86400 -> 1587423.8 | BY46: =(AL46^BS46)*EX46^(1-BS46) -> 0.13319909 | BZ46: =2.2*10^-2*BX46/BY46/$T$9 -> 786566.71 | CA46: =$CB$15/3.7065 -> 0.00016187778 | CB46: =5.0452/BZ46 -> 6.4142048e-06 | CC46: =LOG(($CB$15^1.1098/2.8257)+(7.149/BZ46)^0.8981) -> -3.9076497 | CD46: =-4*LOG(CA46-(CB46*CC46)) -> 14.91317 | CE46: =1/CD46^2 -> 0.0044963494 | CF46: =BS46*AB46+(1-BS46)*EU46 -> 25.786805 | CG46: =CE46*BX46^2/($T$9)^5/CF46 -> 1.067713e+11 | CH46: =(1/144)*(CF46+(CG46/74130000000)) -> 0.18907729 | CI46: =CH46*$CI$14 -> 37.815458 | CJ46: =CJ45+200 -> 5800 | CK46: =C46+CI46 -> 1269.1839 | CS46: =K46/$CQ$18 -> 1.1611458 | CT46: 0.8 | CU46: =0.27*CS46/CT46/$CR$18 -> 0.21553769 | CV46: =($CU$12+$CW$12/$CR$18+$CY$12/$CR$18^3+$DA$12/$CR$18^4+$DC$12/$CR$18^5)*CU46 -> -0.0758674 | CW46: =($DE$12+$DG$12/$CR$18+$CU$13/$CR$18^2)*CU46^2 -> 0.0092181763 | CX46: =$CW$13*($DG$12/$CR$18+$CU$13/$CR$18^2)*CU46^5 -> -1.7147369e-05 | CY46: =$CY$13*(1+$DA$13*CU46^2)*(CU46^2/$CR$18^3) -> 0.0048998942 | CZ46: =EXP(-$DA$13*CU46^2) -> 0.96705962 | DA46: =1+CV46+CW46-CX46+CY46*CZ46 -> 0.93810641 | DB46: =DA46-CT46 -> 0.13810641 | DC46: 0.85 | DD46: =0.27*CS46/DC46/$CR$18 -> 0.202859 | DE46: =($CU$12+$CW$12/$CR$18+$CY$12/$CR$18^3+$DA$12/$CR$18^4+$DC$12/$CR$18^5)*DD46 -> -0.071404611 | DF46: =($DE$12+$DG$12/$CR$18+$CU$13/$CR$18^2)*DD46^2 -> 0.0081655818 | DG46: =$CW$13*($DG$12/$CR$18+$CU$13/$CR$18^2)*DD46^5 -> -1.2663472e-05 | DH46: =$CY$13*(1+$DA$13*DD46^2)*DD46^2/$CR$18^3 -> 0.0043243281 | DI46: =EXP(-$DA$13*DD46^2) -> 0.97076542 | DJ46: =1+DE46+DF46-DG46+DH46*DI46 -> 0.94097154 | DK46: =DJ46-DC46 -> 0.090971542 | DL46: =(DK46-DB46)/(DC46-CT46) -> -0.94269744 | DM46: =CT46-DB46/DL46 -> 0.94650131 | DN46: =DC46 -> 0.85 | DO46: =0.27*CS46/DN46/$CR$18 -> 0.202859 | DP46: =($CU$12+$CW$12/$CR$18+$CY$12/$CR$18^3+$DA$12/$CR$18^4+$DC$12/$CR$18^5)*DO46 -> -0.071404611 | DQ46: =($DE$12+$DG$12/$CR$18+$CU$13/$CR$18^2)*DO46^2 -> 0.0081655818 | DR46: =$CW$13*($DG$12/$CR$18+$CU$13/$CR$18^2)*DO46^5 -> -1.2663472e-05 | DS46: =$CY$13*(1+$DA$13*DO46^2)*(DO46^2/$CR$18^3) -> 0.0043243281 | DT46: =EXP(-$DA$13*DO46^2) -> 0.97076542 | DU46: =1+DP46+DQ46-DR46+DS46*DT46 -> 0.94097154 | DV46: =DU46-DN46 -> 0.090971542 | DW46: =DM46 -> 0.94650131 | DX46: =0.27*CS46/DW46/$CR$18 -> 0.18217634 | DY46: =($CU$12+$CW$12/$CR$18+$CY$12/$CR$18^3+$DA$12/$CR$18^4+$DC$12/$CR$18^5)*DX46 -> -0.064124496 | DZ46: =($DE$12+$DG$12/$CR$18+$CU$13/$CR$18^2)*DX46^2 -> 0.0065854058 | EA46: =$CW$13*($DG$12/$CR$18+$CU$13/$CR$18^2)*DX46^5 -> -7.3967566e-06 | EB46: =$CY$13*(1+$DA$13*DX46^2)*DX46^2/$CR$18^3 -> 0.0034680514 | EC46: =EXP(-$DA$13*DX46^2) -> 0.97635531 | ED46: =1+DY46+DZ46-EA46+EB46*EC46 -> 0.94585436 | EE46: =ED46-DW46 -> -0.00064695748 | EF46: =(EE46-DV46)/(DW46-DN46) -> -0.94940157 | EG46: =DN46-DV46/EF46 -> 0.94581988 | EK46: =K46 -> 774.48424 | EU46: =(EK46*$EO$18)/(DM46*10.73*$EJ$18) -> 2.1117601 | EV46: =EU46/67.0176 -> 0.03151053 | EW46: =EXP($ES$18*EV46^$ET$18) -> 1.055383 | EX46: =$ER$18*10^-4*EW46 -> 0.01447304
C47: =E46 -> 1269.1839 | D47: 317.7 | E47: =CK47 -> 1307.3859 | F47: =D47-E47 -> -989.68592 | G47: =AVERAGE(C47,D47) -> 793.44197 | I47: =Sheet10!K47 -> 1507.3705 | K47: =G47 -> 793.44197 | O47: =(($P$8*K47^1.187)/56.06)*10^(10.393*$N$18) -> 107.9971 | Q47: =1+(4.67*10^-4*O47)+(0.11*10^-4*$P$18)+(0.1337*10^-8*O47*$P$18) -> 1.1307998 | R47: =0.0283*AS47*($M$18)/K47 -> 0.022912378 | S47: =$P$3*($P$4+Q47) -> 5653.9992 | T47: =S47*5.615 -> 31747.206 | U47: =IF($P$5>0,R47*($P$10-O47)*$P$3,0) -> 16268.12 | V47: =$X$14+$Y$13*(O47-$W$14) -> 0.87765747 | W47: =(8830/(131.5+$P$9)) -> 54.006116 | X47: =0.01361*V47*O47 -> 1.2900166 | Y47: =(W47+X47)/Q47 -> 48.900018 | Z47: =($P$4*$T$6)+(Q47*Y47) -> 55.296133 | AA47: =$P$4+Q47 -> 1.1307998 | AB47: =Z47/AA47 -> 48.900018 | AG47: =10.715*(O47+100)^-0.515 -> 0.68579241 | AH47: =5.44*(O47+150)^-0.338 -> 0.83267032 | AI47: =AG47*$AF$18^AH47 -> 1.1550827 | AJ47: =(($P$4*$T$6)/($P$4*$T$6+Q47*Y47))*$T$7 -> 0 | AK47: =((Q47*Y47)/($P$4*$T$6+Q47*Y47))*AI47 -> 1.1550827 | AL47: =AJ47+AK47 -> 1.1550827 | AM47: =(($P$4*$T$6)/($P$4*$T$6+Q47*Y47))*$T$8 -> 0 | AN47: =((Q47*Y47)/($P$4*$T$6+Q47*Y47))*$T$4 -> 30 | AO47: =AM47+AN47 -> 30 | AQ47: =CS47 -> 1.1895682 | AS47: =EG47 -> 0.94469147 | AU47: =(T47)*(1/86400)/$T$10 -> 4.2105941 | AV47: =(U47)*(1/86400)/$T$10 -> 2.1576214 | AW47: =AU47+AV47 -> 6.3682155 | AX47: =AU47/AW47 -> 0.661189 | AY47: =1-AX47 -> 0.338811 | AZ47: =1.071-(0.2218*((AW47^2)/($T$9))) -> -25.913744 | BA47: =IF(AZ47<0.13,0.13,AZ47) -> 0.13 | BB47: =1.938*AU47*(AB47/AO47)^(1/4) -> 9.2202795 | BC47: =1.938*AV47*(AB47/AO47)^(1/4) -> 4.7247188 | BD47: =120.872*$T$9*SQRT(AB47/AO47) -> 51.439689 | BE47: =0.15726*AL47*(1/(AB47*AO47^3))^(1/4) -> 0.0053587456 | BF47: =0.0019+0.0322*BE47-0.6642*BE47^2+4.9951*BE47^3 -> 0.002054247 | BG47: =1-10.0147*BE47+33.8696*BE47^2+277.2817*BE47^3 -> 0.94734904 | BH47: =BF47/BG47 -> 0.0021684162 | BI47: =BB47*($K$18^0.1)*BH47 -> 0.035537208 | BJ47: =(BC47^0.575)*(14.7^0.1)*BD47 -> 164.36004 | BK47: =BI47/BJ47 -> 0.00021621561 | BL47: =(0.0047+1123.32*BK47+729489.64*BK47^2) -> 0.28168237 | BM47: =(1+1097.1566*BK47+722153.97*BK47^2) -> 1.2709825 | BN47: =SQRT(BL47/BM47) -> 0.47077138 | BO47: =(BC47*BE47^0.38)/BD47^2.14 -> 0.00014100727 | BP47: =1.0886-69.9473*BO47+2334.3497*BO47^2-12896.683*BO47^3 -> 1.0787833 | BQ47: =1-53.4401*BO47+1517.9369*BO47^2-8419.8115*BO47^3 -> 0.99249471 | BR47: =BP47/BQ47 -> 1.0869411 | BS47: =IF(U47<=0,1,(BN47*BR47)) -> 0.51170076 | BT47: =IF(U47>1,BN47*BR47,1) -> 0.51170076 | BU47: =IF($P$5=0,1,BT47) -> 0.51170076 | BV47: =AB47*AU47 -> 205.89813 | BW47: =EU47*AV47 -> 4.67355 | BX47: =$T$10*(BV47+BW47)*86400 -> 1587676.7 | BY47: =(AL47^BS47)*EX47^(1-BS47) -> 0.13621662 | BZ47: =2.2*10^-2*BX47/BY47/$T$9 -> 769264.92 | CA47: =$CB$15/3.7065 -> 0.00016187778 | CB47: =5.0452/BZ47 -> 6.5584688e-06 | CC47: =LOG(($CB$15^1.1098/2.8257)+(7.149/BZ47)^0.8981) -> -3.9055533 | CD47: =-4*LOG(CA47-(CB47*CC47)) -> 14.908067 | CE47: =1/CD47^2 -> 0.0044994283 | CF47: =BS47*AB47+(1-BS47)*EU47 -> 26.079865 | CG47: =CE47*BX47^2/($T$9)^5/CF47 -> 1.0567748e+11 | CH47: =(1/144)*(CF47+(CG47/74130000000)) -> 0.19100996 | CI47: =CH47*$CI$14 -> 38.201992 | CJ47: =CJ46+200 -> 6000 | CK47: =C47+CI47 -> 1307.3859 | CS47: =K47/$CQ$18 -> 1.1895682 | CT47: 0.8 | CU47: =0.27*CS47/CT47/$CR$18 -> 0.22081359 | CV47: =($CU$12+$CW$12/$CR$18+$CY$12/$CR$18^3+$DA$12/$CR$18^4+$DC$12/$CR$18^5)*CU47 -> -0.077724472 | CW47: =($DE$12+$DG$12/$CR$18+$CU$13/$CR$18^2)*CU47^2 -> 0.0096749823 | CX47: =$CW$13*($DG$12/$CR$18+$CU$13/$CR$18^2)*CU47^5 -> -1.9351312e-05 | CY47: =$CY$13*(1+$DA$13*CU47^2)*(CU47^2/$CR$18^3) -> 0.0051509676 | CZ47: =EXP(-$DA$13*CU47^2) -> 0.96545578 | DA47: =1+CV47+CW47-CX47+CY47*CZ47 -> 0.93694289 | DB47: =DA47-CT47 -> 0.13694289 | DC47: 0.85 | DD47: =0.27*CS47/DC47/$CR$18 -> 0.20782456 | DE47: =($CU$12+$CW$12/$CR$18+$CY$12/$CR$18^3+$DA$12/$CR$18^4+$DC$12/$CR$18^5)*DD47 -> -0.073152445 | DF47: =($DE$12+$DG$12/$CR$18+$CU$13/$CR$18^2)*DD47^2 -> 0.0085702265 | DG47: =$CW$13*($DG$12/$CR$18+$CU$13/$CR$18^2)*DD47^5 -> -1.4291102e-05 | DH47: =$CY$13*(1+$DA$13*DD47^2)*DD47^2/$CR$18^3 -> 0.0045451007 | DI47: =EXP(-$DA$13*DD47^2) -> 0.96933913 | DJ47: =1+DE47+DF47-DG47+DH47*DI47 -> 0.93983782 | DK47: =DJ47-DC47 -> 0.089837817 | DL47: =(DK47-DB47)/(DC47-CT47) -> -0.94210151 | DM47: =CT47-DB47/DL47 -> 0.94535896 | DN47: =DC47 -> 0.85 | DO47: =0.27*CS47/DN47/$CR$18 -> 0.20782456 | DP47: =($CU$12+$CW$12/$CR$18+$CY$12/$CR$18^3+$DA$12/$CR$18^4+$DC$12/$CR$18^5)*DO47 -> -0.073152445 | DQ47: =($DE$12+$DG$12/$CR$18+$CU$13/$CR$18^2)*DO47^2 -> 0.0085702265 | DR47: =$CW$13*($DG$12/$CR$18+$CU$13/$CR$18^2)*DO47^5 -> -1.4291102e-05 | DS47: =$CY$13*(1+$DA$13*DO47^2)*(DO47^2/$CR$18^3) -> 0.0045451007 | DT47: =EXP(-$DA$13*DO47^2) -> 0.96933913 | DU47: =1+DP47+DQ47-DR47+DS47*DT47 -> 0.93983782 | DV47: =DU47-DN47 -> 0.089837817 | DW47: =DM47 -> 0.94535896 | DX47: =0.27*CS47/DW47/$CR$18 -> 0.18686116 | DY47: =($CU$12+$CW$12/$CR$18+$CY$12/$CR$18^3+$DA$12/$CR$18^4+$DC$12/$CR$18^5)*DX47 -> -0.065773511 | DZ47: =($DE$12+$DG$12/$CR$18+$CU$13/$CR$18^2)*DX47^2 -> 0.0069284592 | EA47: =$CW$13*($DG$12/$CR$18+$CU$13/$CR$18^2)*DX47^5 -> -8.3980149e-06 | EB47: =$CY$13*(1+$DA$13*DX47^2)*DX47^2/$CR$18^3 -> 0.0036531544 | EC47: =EXP(-$DA$13*DX47^2) -> 0.97513903 | ED47: =1+DY47+DZ47-EA47+EB47*EC47 -> 0.94472568 | EE47: =ED47-DW47 -> -0.00063327689 | EF47: =(EE47-DV47)/(DW47-DN47) -> -0.94874249 | EG47: =DN47-DV47/EF47 -> 0.94469147 | EK47: =K47 -> 793.44197 | EU47: =(EK47*$EO$18)/(DM47*10.73*$EJ$18) -> 2.1660658 | EV47: =EU47/67.0176 -> 0.03232085 | EW47: =EXP($ES$18*EV47^$ET$18) -> 1.0573168 | EX47: =$ER$18*10^-4*EW47 -> 0.014499559
... C57: =E56 -> 1669.829 | D57: 318.7 | E57: =CK57 -> 1712.3429 | F57: =D57-E57 -> -1393.6429 | G57: =AVERAGE(C57,D57) -> 994.26452 | I57: =Sheet10!K57 -> 2171.6839 | K57: =G57 -> 994.26452 | O57: =(($P$8*K57^1.187)/56.06)*10^(10.393*$N$18) -> 141.1635 | Q57: =1+(4.67*10^-4*O57)+(0.11*10^-4*$P$18)+(0.1337*10^-8*O57*$P$18) -> 1.1466083 | R57: =0.0283*AS57*($M$18)/K57 -> 0.018066875 | S57: =$P$3*($P$4+Q57) -> 5733.0416 | T57: =S57*5.615 -> 32191.029 | U57: =IF($P$5>0,R57*($P$10-O57)*$P$3,0) -> 9831.6777 | V57: =$X$14+$Y$13*(O57-$W$14) -> 0.87386703 | W57: =(8830/(131.5+$P$9)) -> 54.006116 | X57: =0.01361*V57*O57 -> 1.6789041 | Y57: =(W57+X57)/Q57 -> 48.564989 | Z57: =($P$4*$T$6)+(Q57*Y57) -> 55.68502 | AA57: =$P$4+Q57 -> 1.1466083 | AB57: =Z57/AA57 -> 48.564989 | AG57: =10.715*(O57+100)^-0.515 -> 0.63547975 | AH57: =5.44*(O57+150)^-0.338 -> 0.79931989 | AI57: =AG57*$AF$18^AH57 -> 1.0482224 | AJ57: =(($P$4*$T$6)/($P$4*$T$6+Q57*Y57))*$T$7 -> 0 | AK57: =((Q57*Y57)/($P$4*$T$6+Q57*Y57))*AI57 -> 1.0482224 | AL57: =AJ57+AK57 -> 1.0482224 | AM57: =(($P$4*$T$6)/($P$4*$T$6+Q57*Y57))*$T$8 -> 0 | AN57: =((Q57*Y57)/($P$4*$T$6+Q57*Y57))*$T$4 -> 30 | AO57: =AM57+AN57 -> 30 | AQ57: =CS57 -> 1.4906514 | AS57: =EG57 -> 0.93344695 | AU57: =(T57)*(1/86400)/$T$10 -> 4.2694578 | AV57: =(U57)*(1/86400)/$T$10 -> 1.3039637 | AW57: =AU57+AV57 -> 5.5734215 | AX57: =AU57/AW57 -> 0.76603892 | AY57: =1-AX57 -> 0.23396108 | AZ57: =1.071-(0.2218*((AW57^2)/($T$9))) -> -19.598338 | BA57: =IF(AZ57<0.13,0.13,AZ57) -> 0.13 | BB57: =1.938*AU57*(AB57/AO57)^(1/4) -> 9.3331234 | BC57: =1.938*AV57*(AB57/AO57)^(1/4) -> 2.8504917 | BD57: =120.872*$T$9*SQRT(AB57/AO57) -> 51.263172 | BE57: =0.15726*AL57*(1/(AB57*AO57^3))^(1/4) -> 0.0048713567 | BF57: =0.0019+0.0322*BE57-0.6642*BE57^2+4.9951*BE57^3 -> 0.0020416736 | BG57: =1-10.0147*BE57+33.8696*BE57^2+277.2817*BE57^3 -> 0.95205061 | BH57: =BF57/BG57 -> 0.0021445011 | BI57: =BB57*($K$18^0.1)*BH57 -> 0.035575405 | BJ57: =(BC57^0.575)*(14.7^0.1)*BD57 -> 122.49436 | BK57: =BI57/BJ57 -> 0.00029042485 | BL57: =(0.0047+1123.32*BK57+729489.64*BK57^2) -> 0.39247 | BM57: =(1+1097.1566*BK57+722153.97*BK57^2) -> 1.3795528 | BN57: =SQRT(BL57/BM57) -> 0.53337675 | BO57: =(BC57*BE57^0.38)/BD57^2.14 -> 8.2650036e-05 | BP57: =1.0886-69.9473*BO57+2334.3497*BO57^2-12896.683*BO57^3 -> 1.0828348 | BQ57: =1-53.4401*BO57+1517.9369*BO57^2-8419.8115*BO57^3 -> 0.99559354 | BR57: =BP57/BQ57 -> 1.0876274 | BS57: =IF(U57<=0,1,(BN57*BR57)) -> 0.58011515 | BT57: =IF(U57>1,BN57*BR57,1) -> 0.58011515 | BU57: =IF($P$5=0,1,BT57) -> 0.58011515 | BV57: =AB57*AU57 -> 207.34617 | BW57: =EU57*AV57 -> 3.5826472 | BX57: =$T$10*(BV57+BW57)*86400 -> 1590369.5 | BY57: =(AL57^BS57)*EX57^(1-BS57) -> 0.17521767 | BZ57: =2.2*10^-2*BX57/BY57/$T$9 -> 599051.4 | CA57: =$CB$15/3.7065 -> 0.00016187778 | CB57: =5.0452/BZ57 -> 8.4219818e-06 | CC57: =LOG(($CB$15^1.1098/2.8257)+(7.149/BZ57)^0.8981) -> -3.8797089 | CD57: =-4*LOG(CA57-(CB57*CC57)) -> 14.843852 | CE57: =1/CD57^2 -> 0.004538442 | CF57: =BS57*AB57+(1-BS57)*EU57 -> 29.326922 | CG57: =CE57*BX57^2/($T$9)^5/CF57 -> 9.5113612e+10 | CH57: =(1/144)*(CF57+(CG57/74130000000)) -> 0.21256935 | CI57: =CH57*$CI$14 -> 42.513871 | CJ57: =CJ56+200 -> 8000 | CK57: =C57+CI57 -> 1712.3429 | CS57: =K57/$CQ$18 -> 1.4906514 | CT57: 0.8 | CU57: =0.27*CS57/CT57/$CR$18 -> 0.27670217 | CV57: =($CU$12+$CW$12/$CR$18+$CY$12/$CR$18^3+$DA$12/$CR$18^4+$DC$12/$CR$18^5)*CU57 -> -0.09739677 | CW57: =($DE$12+$DG$12/$CR$18+$CU$13/$CR$18^2)*CU57^2 -> 0.015192307 | CX57: =$CW$13*($DG$12/$CR$18+$CU$13/$CR$18^2)*CU57^5 -> -5.9792166e-05 | CY57: =$CY$13*(1+$DA$13*CU57^2)*(CU57^2/$CR$18^3) -> 0.0082450422 | CZ57: =EXP(-$DA$13*CU57^2) -> 0.9462933 | DA57: =1+CV57+CW57-CX57+CY57*CZ57 -> 0.92565756 | DB57: =DA57-CT57 -> 0.12565756 | DC57: 0.85 | DD57: =0.27*CS57/DC57/$CR$18 -> 0.26042558 | DE57: =($CU$12+$CW$12/$CR$18+$CY$12/$CR$18^3+$DA$12/$CR$18^4+$DC$12/$CR$18^5)*DD57 -> -0.091667548 | DF57: =($DE$12+$DG$12/$CR$18+$CU$13/$CR$18^2)*DD57^2 -> 0.013457545 | DG57: =$CW$13*($DG$12/$CR$18+$CU$13/$CR$18^2)*DD57^5 -> -4.4157003e-05 | DH57: =$CY$13*(1+$DA$13*DD57^2)*DD57^2/$CR$18^3 -> 0.0072599378 | DI57: =EXP(-$DA$13*DD57^2) -> 0.95227703 | DJ57: =1+DE57+DF57-DG57+DH57*DI57 -> 0.92874763 | DK57: =DJ57-DC57 -> 0.078747626 | DL57: =(DK57-DB57)/(DC57-CT57) -> -0.93819863 | DM57: =CT57-DB57/DL57 -> 0.93393492 | DN57: =DC57 -> 0.85 | DO57: =0.27*CS57/DN57/$CR$18 -> 0.26042558 | DP57: =($CU$12+$CW$12/$CR$18+$CY$12/$CR$18^3+$DA$12/$CR$18^4+$DC$12/$CR$18^5)*DO57 -> -0.091667548 | DQ57: =($DE$12+$DG$12/$CR$18+$CU$13/$CR$18^2)*DO57^2 -> 0.013457545 | DR57: =$CW$13*($DG$12/$CR$18+$CU$13/$CR$18^2)*DO57^5 -> -4.4157003e-05 | DS57: =$CY$13*(1+$DA$13*DO57^2)*(DO57^2/$CR$18^3) -> 0.0072599378 | DT57: =EXP(-$DA$13*DO57^2) -> 0.95227703 | DU57: =1+DP57+DQ57-DR57+DS57*DT57 -> 0.92874763 | DV57: =DU57-DN57 -> 0.078747626 | DW57: =DM57 -> 0.93393492 | DX57: =0.27*CS57/DW57/$CR$18 -> 0.23702052 | DY57: =($CU$12+$CW$12/$CR$18+$CY$12/$CR$18^3+$DA$12/$CR$18^4+$DC$12/$CR$18^5)*DX57 -> -0.083429171 | DZ57: =($DE$12+$DG$12/$CR$18+$CU$13/$CR$18^2)*DX57^2 -> 0.01114732 | EA57: =$CW$13*($DG$12/$CR$18+$CU$13/$CR$18^2)*DX57^5 -> -2.7574723e-05 | EB57: =$CY$13*(1+$DA$13*DX57^2)*DX57^2/$CR$18^3 -> 0.0059655137 | EC57: =EXP(-$DA$13*DX57^2) -> 0.9603045 | ED57: =1+DY57+DZ57-EA57+EB57*EC57 -> 0.93347443 | EE57: =ED57-DW57 -> -0.00046048575 | EF57: =(EE57-DV57)/(DW57-DN57) -> -0.94368485 | EG57: =DN57-DV57/EF57 -> 0.93344695 | EK57: =K57 -> 994.26452 | EU57: =(EK57*$EO$18)/(DM57*10.73*$EJ$18) -> 2.7475053 | EV57: =EU57/67.0176 -> 0.040996773 | EW57: =EXP($ES$18*EV57^$ET$18) -> 1.0791774 | EX57: =$ER$18*10^-4*EW57 -> 0.014799345

Sheet Sheet2
Q3: q0 | R3: =Sheet1!P3 -> 5000 | S3: STB/d | U3: qw | V3: =Sheet1!T3 -> 0 | W3: STB water/STB
Q4: WOR | R4: =Sheet1!P4 -> 0 | S4: STB Water/STB | U4: s oil | V4: =Sheet1!T4 -> 30 | W4: dyne/cm
Q5: GLR | R5: =Sheet1!P5 -> 250 | S5: scf/STB | U5: g w | V5: =Sheet1!T5 -> 1.074
Q6: g g | R6: =Sheet1!P6 -> 0.71 | U6: r w | V6: =Sheet1!T6 -> 67.0176 | W6: lbm/ft3
Q7: Psep | R7: =Sheet1!P7 -> 100 | S7: psig | U7: m w | V7: =Sheet1!T7 -> 1 | W7: cp
Q8: g sep | R8: =Sheet1!P8 -> 0.71 | U8: sw | V8: =Sheet1!T8 -> 72 | W8: dyne/cm
Q9: g l | R9: =Sheet1!P9 -> 32 | S9: 0API | U9: D | V9: =Sheet1!T9 -> 0.33333333 | W9: ft
Q10: GOR | R10: =Sheet1!P10 -> 250 | S10: scf/STB | U10: Area | V10: =Sheet1!T10 -> 0.087266667 | W10: ft2
Q11: ql | R11: =Sheet1!P11 -> 5000 | S11: STB/d
Q12: qg | R12: =Sheet1!P12 -> 1250000 | S12: scf/d | Y12: Rs | Z12: g gd | AA12: slope | CV12: A1 | CW12: 0.3265 | CX12: A2 | CY12: -1.07 | CZ12: A3 | DA12: =-0.5339 -> -0.5339 | DB12: A4 | DC12: =0.01569 -> 0.01569 | DD12: A5 | DE12: =-0.05165 -> -0.05165 | DF12: A6 | DG12: 0.5475 | DH12: A7 | DI12: -0.7361
Y13: 1400 | Z13: =Sheet1!X13 -> 0.73 | AA13: =SLOPE(Z13:Z14,Y13:Y14) -> -0.00011428571 | CV13: A8 | CW13: =0.1844 -> 0.1844 | CX13: A9 | CY13: =0.1056 -> 0.1056 | CZ13: A10 | DA13: =0.6134 -> 0.6134 | DB13: A11 | DC13: 0.721
Y14: 0 | Z14: =Sheet1!X14 -> 0.89 | AS14: From DAK | CJ14: DL | CK14: =Sheet1!CI14 -> 200 | CL14: ft | CP14: DAK Correlation | EK14: LGE Correlation
CC15: e | CD15: 0.0006 | CE15: (assumed) | FB15: From Graph
P16: Const. T | R16: Const. T | X16: from fig:3.4 | BU16: For qg=0 or <1 | BV16: For yl >1 | BW16: For GLR=0 | FB16: GLR=400 | FE16: GLR=0
C17: P (psia) | D17: P (assumed) | E17: P (output) | F17: Err | G17: P (assumed in sheet 1) | H17: Err(sheet 1) | I17: Slope | J17: P (Output) | K17: p(avg) | M17: P (avg) | N17: T0F (const.) | O17: T0 R (const.) | P17: A | Q17: Rs (scf/STB) | R17: F | S17: B0 (res bbl/STB) | T17: Bg (res ft3/SCF) | U17: ql (res bbl/d) | V17: ql (res ft3/d) | W17: qg (res ft3/d) | X17: γgd | Y17: ρ0 (part1) | Z17: ρ0 (part 2) | AA17: ρ0 (lb / ft3) | AB17: ρl (part 1) | AC17: ρl (part 2) | AD17: ρl (lbm/ft3) | AE17: C | AF17: B | AG17: A | AH17: m od | AI17: a | AJ17: b | AK17: m o (cp) | AL17: Weight 1 | AM17: Weight 2 | AN17: ml (cp) | AO17: weight 1 | AP17: weight 2 | AQ17: s l (dyne/cm) | AS17: Ppr | AT17: Tpr | AU17: Z | AW17: usl (ft/s) | AX17: usg (ft/s) | AY17: um (ft/s) | AZ17: l l | BA17: l g | BB17: LB | BC17: LB(final) | BD17: Nvl | BE17: Nvg | BF17: ND | BG17: NL | BH17: CNL(1) | BI17: CNL(2) | BJ17: CNL | BK17: H(1) | BL17: H(2) | BM17: H | BN17: y1/(1) | BO17: y1/(2) | BP17: y1/ | BQ17: B | BR17: (1) | BS17: (2) | BT17:  | BU17: yl | BV17: yl | BW17: yl | BX17: m(1) | BY17: m(2) | BZ17: m (lbm/d) | CA17: m m | CB17: Nre | CC17: f(1) | CD17: f(2) | CE17: f(3) | CF17: 1/sqrt(f) | CG17: f | CH17: r(avg) | CI17: fm2/D5rho | CJ17: dp/dl | CK17: DP | CL17: L | CM17: P (psi) | CP17: T (0F) | CQ17: T (0R) | CR17: Tc (0R) | CS17: Pc | CT17: Tpr | CU17: Ppr | CV17: Z | CW17: ρpr | CX17: Part 1 | CY17: Part 2 | CZ17: Part 3 | DA17: Part 4 | DB17: Part 5 | DC17: Z(1) | DD17: Err(1) | DE17: Z | DF17: ρpr | DG17: Part 1 | DH17: Part 2 | DI17: Part 3 | DJ17: Part 4 | DK17: Part 5 | DL17: Z(2) | DM17: Err(2) | DN17: Slope | DO17: Z | DP17: Z | DQ17: ρpr | DR17: Part 1 | DS17: Part 2 | DT17: Part 3 | DU17: Part 4 | DV17: Part 5 | DW17: Z(1) | DX17: Err(1) | DY17: Z | DZ17: ρpr | EA17: Part 1 | EB17: Part 2 | EC17: Part 3 | ED17: Part 4 | EE17: Part 5 | EF17: Z(2) | EG17: Err(2) | EH17: Slope | EI17: Z | EK17: T (0F) | EL17: T (0R) | EM17: P (psi) | EN17: Tc (0R) | EO17: Pc (psi) | EP17: γg | EQ17: MW | ER17: A1 | ES17: A2 | ET17: A | EU17: B | EV17: C | EW17: ρg (lbm/ft3) | EX17: ρg (g/cm3) | EY17: EXP(Bρgc) | EZ17: µg (cp) | FB17: Pressure | FC17: Depth | FE17: Pressure | FF17: Depth
C18: =Sheet1!C18 -> 314.7 | D18: 345 | E18: =CM18 -> 343.31907 | F18: =D18-E18 -> 1.6809338 | G18: =Sheet1!D18 -> 314.8 | H18: =Sheet1!F18 -> -28.113346 | I18: =ABS((F18-H18)/(D18-G18)) -> 0.98656557 | J18: =D18-F18*(1/I18) -> 343.29618 | K18: =AVERAGE(C18,D18) -> 329.85 | M18: =K18 -> 329.85 | N18: =Sheet1!L18 -> 220 | O18: =460+N18 -> 680 | P18: =$R$9/($N$18+460) -> 0.047058824 | Q18: =(($R$8*M18^1.187)/56.06)*10^(10.393*$P$18) -> 38.100378 | R18: =($N$18-60)*($R$9/$R$8) -> 7211.2676 | S18: =1+(4.67*10^-4*Q18)+(0.11*10^-4*$R$18)+(0.1337*10^-8*Q18*$R$18) -> 1.0974842 | T18: =0.0283*AU18*($O$18)/M18 -> 0.056894508 | U18: =$R$3*($R$4+S18) -> 5487.4208 | V18: =U18*5.615 -> 30811.868 | W18: =IF($R$5>0,T18*($R$10-Q18)*$R$3,0) -> 60279.624 | X18: =$Z$14+$AA$13*(Q18-$Y$14) -> 0.88564567 | Y18: =(8830/(131.5+$R$9)) -> 54.006116 | Z18: =0.01361*X18*Q18 -> 0.45924814 | AA18: =(Y18+Z18)/S18 -> 49.627472 | AB18: =($V$6*$R$4)+(S18*AA18) -> 54.465364 | AC18: =$R$4+S18 -> 1.0974842 | AD18: =AB18/AC18 -> 49.627472 | AE18: =3.0324-0.02023*$R$9 -> 2.38504 | AF18: =10^$AE$18 -> 242.68336 | AG18: =$AF$18*$N$18^-1.163 -> 0.45793351 | AH18: =10^$AG$18-1 -> 1.8703411 | AI18: =10.715*(Q18+100)^-0.515 -> 0.84682139 | AJ18: =5.44*(Q18+150)^-0.338 -> 0.92652084 | AK18: =AI18*$AH$18^AJ18 -> 1.5126279 | AL18: =(($R$4*$V$6)/($R$4*$V$6+S18*AA18))*$V$7 -> 0 | AM18: =((S18*AA18)/($R$4*$V$6+S18*AA18))*AK18 -> 1.5126279 | AN18: =AL18+AM18 -> 1.5126279 | AO18: =(($R$4*$V$6)/($R$4*$V$6+S18*AA18))*$V$8 -> 0 | AP18: =((S18*AA18)/($R$4*$V$6+S18*AA18))*$V$4 -> 30 | AQ18: =AO18+AP18 -> 30 | AS18: =CU18 -> 0.49452774 | AT18: =CT18 -> 1.8181818 | AU18: =EI18 -> 0.97519504 | AW18: =(V18)*(1/86400)/$V$10 -> 4.0865413 | AX18: =(W18)*(1/86400)/$V$10 -> 7.9948147 | AY18: =AW18+AX18 -> 12.081356 | AZ18: =AW18/AY18 -> 0.33825188 | BA18: =1-AZ18 -> 0.66174812 | BB18: =1.071-(0.2218*((AY18^2)/($V$9))) -> -96.050227 | BC18: =IF(BB18<0.13,0.13,BB18) -> 0.13 | BD18: =1.938*AW18*(AD18/AQ18)^(1/4) -> 8.9817279 | BE18: =1.938*AX18*(AD18/AQ18)^(1/4) -> 17.571644 | BF18: =120.872*$V$9*SQRT(AD18/AQ18) -> 51.820894 | BG18: =0.15726*AN18*(1/(AD18*AQ18^3))^(1/4) -> 0.0069916377 | BH18: =0.0019+0.0322*BG18-0.6642*BG18^2+4.9951*BG18^3 -> 0.0020943698 | BI18: =1-10.0147*BG18+33.8696*BG18^2+277.2817*BG18^3 -> 0.93173126 | BJ18: =BH18/BI18 -> 0.0022478261 | BK18: =BD18*($M$18^0.1)*BJ18 -> 0.036054066 | BL18: =(BE18^0.575)*(14.7^0.1)*BF18 -> 352.37393 | BM18: =BK18/BL18 -> 0.00010231763 | BN18: =(0.0047+1123.32*BM18+729489.64*BM18^2) -> 0.1272724 | BO18: =(1+1097.1566*BM18+722153.97*BM18^2) -> 1.1198186 | BP18: =SQRT(BN18/BO18) -> 0.33712679 | BQ18: =(BE18*BG18^0.38)/BF18^2.14 -> 0.00057109965 | BR18: =1.0886-69.9473*BQ18+2334.3497*BQ18^2-12896.683*BQ18^3 -> 1.0494121 | BS18: =1-53.4401*BQ18+1517.9369*BQ18^2-8419.8115*BQ18^3 -> 0.96997389 | BT18: =BR18/BS18 -> 1.0818972 | BU18: =IF(W18<=0,1,(BP18*BT18)) -> 0.36473655 | BV18: =IF(W18>1,BP18*BT18,1) -> 0.36473655 | BW18: =IF($R$5=0,1,BV18) -> 0.36473655 | BX18: =AD18*AW18 -> 202.80472 | BY18: =EW18*AX18 -> 6.9739277 | BZ18: =$V$10*(BX18+BY18)*86400 -> 1581697.4 | CA18: =(AN18^BU18)*EZ18^(1-BU18) -> 0.077055325 | CB18: =2.2*10^-2*BZ18/CA18/$V$9 -> 1354767.2 | CC18: =$CD$15/3.7065 -> 0.00016187778 | CD18: =5.0452/CB18 -> 3.7240346e-06 | CE18: =LOG(($CD$15^1.1098/2.8257)+(7.149/CB18)^0.8981) -> -3.9498752 | CF18: =-4*LOG(CC18-(CD18*CE18)) -> 15.012163 | CG18: =1/CF18^2 -> 0.0044372457 | CH18: =BU18*AD18+(1-BU18)*EW18 -> 18.655097 | CI18: =CG18*BZ18^2/($V$9)^5/CH18 -> 1.4460025e+11 | CJ18: =(1/144)*(CH18+(CI18/74130000000)) -> 0.14309533 | CK18: =CJ18*$CK$14 -> 28.619066 | CL18: 200 | CM18: =C18+CK18 -> 343.31907 | CP18: =N18 -> 220 | CQ18: =CP18+460 -> 680 | CR18: 374 | CS18: 667 | CT18: =CQ18/CR18 -> 1.8181818 | CU18: =M18/$CS$18 -> 0.49452774 | CV18: 0.8 | CW18: =0.27*CU18/CV18/$CT$18 -> 0.091796711 | CX18: =($CW$12+$CY$12/$CT$18+$DA$12/$CT$18^3+$DC$12/$CT$18^4+$DE$12/$CT$18^5)*CW18 -> -0.032311648 | CY18: =($DG$12+$DI$12/$CT$18+$CW$13/$CT$18^2)*CW18^2 -> 0.0016720637 | CZ18: =$CY$13*($DI$12/$CT$18+$CW$13/$CT$18^2)*CW18^5 -> -2.4027967e-07 | DA18: =$DA$13*(1+$DC$13*CW18^2)*(CW18^2/$CT$18^3) -> 0.00086520038 | DB18: =EXP(-$DC$13*CW18^2) -> 0.99394281 | DC18: =1+CX18+CY18-CZ18+DA18*DB18 -> 0.97022062 | DD18: =DC18-CV18 -> 0.17022062 | DE18: 0.85 | DF18: =0.27*CU18/DE18/$CT$18 -> 0.086396904 | DG18: =($CW$12+$CY$12/$CT$18+$DA$12/$CT$18^3+$DC$12/$CT$18^4+$DE$12/$CT$18^5)*DF18 -> -0.030410962 | DH18: =($DG$12+$DI$12/$CT$18+$CW$13/$CT$18^2)*DF18^2 -> 0.001481136 | DI18: =$CY$13*($DI$12/$CT$18+$CW$13/$CT$18^2)*DF18^5 -> -1.774485e-07 | DJ18: =$DA$13*(1+$DC$13*DF18^2)*DF18^2/$CT$18^3 -> 0.00076587739 | DK18: =EXP(-$DC$13*DF18^2) -> 0.99463261 | DL18: =1+DG18+DH18-DI18+DJ18*DK18 -> 0.97183212 | DM18: =DL18-DE18 -> 0.12183212 | DN18: =(DM18-DD18)/(DE18-CV18) -> -0.96776997 | DO18: =CV18-DD18/DN18 -> 0.97588954 | DP18: =DE18 -> 0.85 | DQ18: =0.27*CU18/DP18/$CT$18 -> 0.086396904 | DR18: =($CW$12+$CY$12/$CT$18+$DA$12/$CT$18^3+$DC$12/$CT$18^4+$DE$12/$CT$18^5)*DQ18 -> -0.030410962 | DS18: =($DG$12+$DI$12/$CT$18+$CW$13/$CT$18^2)*DQ18^2 -> 0.001481136 | DT18: =$CY$13*($DI$12/$CT$18+$CW$13/$CT$18^2)*DQ18^5 -> -1.774485e-07 | DU18: =$DA$13*(1+$DC$13*DQ18^2)*(DQ18^2/$CT$18^3) -> 0.00076587739 | DV18: =EXP(-$DC$13*DQ18^2) -> 0.99463261 | DW18: =1+DR18+DS18-DT18+DU18*DV18 -> 0.97183212 | DX18: =DW18-DP18 -> 0.12183212 | DY18: =DO18 -> 0.97588954 | DZ18: =0.27*CU18/DY18/$CT$18 -> 0.075251722 | EA18: =($CW$12+$CY$12/$CT$18+$DA$12/$CT$18^3+$DC$12/$CT$18^4+$DE$12/$CT$18^5)*DZ18 -> -0.026487955 | EB18: =($DG$12+$DI$12/$CT$18+$CW$13/$CT$18^2)*DZ18^2 -> 0.0011236511 | EC18: =$CY$13*($DI$12/$CT$18+$CW$13/$CT$18^2)*DZ18^5 -> -8.8953623e-08 | ED18: =$DA$13*(1+$DC$13*DZ18^2)*DZ18^2/$CT$18^3 -> 0.00058027558 | EE18: =EXP(-$DC$13*DZ18^2) -> 0.99592543 | EF18: =1+EA18+EB18-EC18+ED18*EE18 -> 0.9752137 | EG18: =EF18-DY18 -> -0.00067584506 | EH18: =(EG18-DX18)/(DY18-DP18) -> -0.97313852 | EI18: =DP18-DX18/EH18 -> 0.97519504 | EK18: =N18 -> 220 | EL18: =460+EK18 -> 680 | EM18: =M18 -> 329.85 | EN18: =CR18 -> 374 | EO18: =CS18 -> 667 | EP18: 0.65 | EQ18: =28.97*$EP$18 -> 18.8305 | ER18: =((9.379+0.01607*$EQ$18)*$EL$18^1.5) -> 171676.47 | ES18: =209.2+19.26*EQ18+EL18 -> 1251.8754 | ET18: =ER18/ES18 -> 137.13543 | EU18: =3.448+(986.4/EL18)+0.01009*EQ18 -> 5.088588 | EV18: =2.447-0.2224*EU18 -> 1.315298 | EW18: =(EM18*$EQ$18)/(DO18*10.73*$EL$18) -> 0.87230637 | EX18: =EW18/67.0176 -> 0.013016079 | EY18: =EXP($EU$18*EX18^$EV$18) -> 1.0169918 | EZ18: =$ET$18*10^-4*EY18 -> 0.013946561 | FB18: 84.5 | FC18: 38.9 | FE18: 108.5 | FF18: 20.1
C19: =E18 -> 343.31907 | D19: 346 | E19: =CM19 -> 372.28422 | F19: =D19-E19 -> -26.284219 | G19: =Sheet1!D19 -> 314.9 | H19: =Sheet1!F19 -> -56.562967 | I19: =ABS((F19-H19)/(D19-G19)) -> 0.97359318 | J19: =D19-F19*(1/I19) -> 372.99713 | K19: =AVERAGE(C19,D19) -> 344.65953 | M19: =K19 -> 344.65953 | Q19: =(($R$8*M19^1.187)/56.06)*10^(10.393*$P$18) -> 40.139309 | S19: =1+(4.67*10^-4*Q19)+(0.11*10^-4*$R$18)+(0.1337*10^-8*Q19*$R$18) -> 1.098456 | T19: =0.0283*AU19*($O$18)/M19 -> 0.054390657 | U19: =$R$3*($R$4+S19) -> 5492.28 | V19: =U19*5.615 -> 30839.152 | W19: =IF($R$5>0,T19*($R$10-Q19)*$R$3,0) -> 57072.304 | X19: =$Z$14+$AA$13*(Q19-$Y$14) -> 0.88541265 | Y19: =(8830/(131.5+$R$9)) -> 54.006116 | Z19: =0.01361*X19*Q19 -> 0.48369738 | AA19: =(Y19+Z19)/S19 -> 49.605823 | AB19: =($R$4*$V$6)+(S19*AA19) -> 54.489814 | AC19: =$R$4+S19 -> 1.098456 | AD19: =AB19/AC19 -> 49.605823 | AI19: =10.715*(Q19+100)^-0.515 -> 0.84045369 | AJ19: =5.44*(Q19+150)^-0.338 -> 0.92315068 | AK19: =AI19*$AH$18^AJ19 -> 1.4980892 | AL19: =(($R$4*$V$6)/($R$4*$V$6+S19*AA19))*$V$7 -> 0 | AM19: =((S19*AA19)/($R$4*$V$6+S19*AA19))*AK19 -> 1.4980892 | AN19: =AL19+AM19 -> 1.4980892 | AO19: =(($R$4*$V$6)/($R$4*$V$6+S19*AA19))*$V$8 -> 0 | AP19: =((S19*AA19)/($R$4*$V$6+S19*AA19))*$V$4 -> 30 | AQ19: =AO19+AP19 -> 30 | AS19: =CU19 -> 0.51673093 | AU19: =EI19 -> 0.97413523 | AW19: =(V19)*(1/86400)/$V$10 -> 4.09016 | AX19: =(W19)*(1/86400)/$V$10 -> 7.5694317 | AY19: =AW19+AX19 -> 11.659592 | AZ19: =AW19/AY19 -> 0.35079788 | BA19: =1-AZ19 -> 0.64920212 | BB19: =1.071-(0.2218*((AY19^2)/($V$9))) -> -89.387521 | BC19: =IF(BB19<0.13,0.13,BB19) -> 0.13 | BD19: =1.938*AW19*(AD19/AQ19)^(1/4) -> 8.9887008 | BE19: =1.938*AX19*(AD19/AQ19)^(1/4) -> 16.634889 | BF19: =120.872*$V$9*SQRT(AD19/AQ19) -> 51.80959 | BG19: =0.15726*AN19*(1/(AD19*AQ19^3))^(1/4) -> 0.0069251924 | BH19: =0.0019+0.0322*BG19-0.6642*BG19^2+4.9951*BG19^3 -> 0.0020927963 | BI19: =1-10.0147*BG19+33.8696*BG19^2+277.2817*BG19^3 -> 0.9323627 | BJ19: =BH19/BI19 -> 0.0022446161 | BK19: =BD19*($M$18^0.1)*BJ19 -> 0.036030529 | BL19: =(BE19^0.575)*(14.7^0.1)*BF19 -> 341.37234 | BM19: =BK19/BL19 -> 0.00010554613 | BN19: =(0.0047+1123.32*BM19+729489.64*BM19^2) -> 0.13138858 | BO19: =(1+1097.1566*BM19+722153.97*BM19^2) -> 1.1238454 | BP19: =SQRT(BN19/BO19) -> 0.3419208 | BQ19: =(BE19*BG19^0.38)/BF19^2.14 -> 0.00053894726 | BR19: =1.0886-69.9473*BQ19+2334.3497*BQ19^2-12896.683*BQ19^3 -> 1.0515781 | BS19: =1-53.4401*BQ19+1517.9369*BQ19^2-8419.8115*BQ19^3 -> 0.97163819 | BT19: =BR19/BS19 -> 1.0822733 | BU19: =IF(W19<=0,1,(BP19*BT19)) -> 0.37005177 | BV19: =IF(W19>1,BP19*BT19,1) -> 0.37005177 | BW19: =IF($R$5=0,1,BV19) -> 0.37005177 | BX19: =AD19*AW19 -> 202.89575 | BY19: =EW19*AX19 -> 6.906723 | BZ19: =$V$10*(BX19+BY19)*86400 -> 1581877.1 | CA19: =(AN19^BU19)*EZ19^(1-BU19) -> 0.078767925 | CB19: =2.2*10^-2*BZ19/CA19/$V$9 -> 1325462 | CC19: =$CD$15/3.7065 -> 0.00016187778 | CD19: =5.0452/CB19 -> 3.806371e-06 | CE19: =LOG(($CD$15^1.1098/2.8257)+(7.149/CB19)^0.8981) -> -3.9484803 | CF19: =-4*LOG(CC19-(CD19*CE19)) -> 15.009018 | CG19: =1/CF19^2 -> 0.0044391051 | CH19: =BU19*AD19+(1-BU19)*EW19 -> 18.931518 | CI19: =CG19*BZ19^2/($V$9)^5/CH19 -> 1.4258102e+11 | CJ19: =(1/144)*(CH19+(CI19/74130000000)) -> 0.14482576 | CK19: =CJ19*$CK$14 -> 28.965153 | CL19: =CL18+200 -> 400 | CM19: =C19+CK19 -> 372.28422 | CU19: =M19/$CS$18 -> 0.51673093 | CV19: 0.8 | CW19: =0.27*CU19/CV19/$CT$18 -> 0.09591818 | CX19: =($CW$12+$CY$12/$CT$18+$DA$12/$CT$18^3+$DC$12/$CT$18^4+$DE$12/$CT$18^5)*CW19 -> -0.033762369 | CY19: =($DG$12+$DI$12/$CT$18+$CW$13/$CT$18^2)*CW19^2 -> 0.0018255782 | CZ19: =$CY$13*($DI$12/$CT$18+$CW$13/$CT$18^2)*CW19^5 -> -2.9928577e-07 | DA19: =$DA$13*(1+$DC$13*CW19^2)*(CW19^2/$CT$18^3) -> 0.00094515936 | DB19: =EXP(-$DC$13*CW19^2) -> 0.99338854 | DC19: =1+CX19+CY19-CZ19+DA19*DB19 -> 0.96900242 | DD19: =DC19-CV19 -> 0.16900242 | DE19: 0.85 | DF19: =0.27*CU19/DE19/$CT$18 -> 0.090275934 | DG19: =($CW$12+$CY$12/$CT$18+$DA$12/$CT$18^3+$DC$12/$CT$18^4+$DE$12/$CT$18^5)*DF19 -> -0.031776347 | DH19: =($DG$12+$DI$12/$CT$18+$CW$13/$CT$18^2)*DF19^2 -> 0.0016171211 | DI19: =$CY$13*($DI$12/$CT$18+$CW$13/$CT$18^2)*DF19^5 -> -2.2102498e-07 | DJ19: =$DA$13*(1+$DC$13*DF19^2)*DF19^2/$CT$18^3 -> 0.0008366046 | DK19: =EXP(-$DC$13*DF19^2) -> 0.99414126 | DL19: =1+DG19+DH19-DI19+DJ19*DK19 -> 0.9706727 | DM19: =DL19-DE19 -> 0.1206727 | DN19: =(DM19-DD19)/(DE19-CV19) -> -0.96659442 | DO19: =CV19-DD19/DN19 -> 0.97484316 | DP19: =DE19 -> 0.85 | DQ19: =0.27*CU19/DP19/$CT$18 -> 0.090275934 | DR19: =($CW$12+$CY$12/$CT$18+$DA$12/$CT$18^3+$DC$12/$CT$18^4+$DE$12/$CT$18^5)*DQ19 -> -0.031776347 | DS19: =($DG$12+$DI$12/$CT$18+$CW$13/$CT$18^2)*DQ19^2 -> 0.0016171211 | DT19: =$CY$13*($DI$12/$CT$18+$CW$13/$CT$18^2)*DQ19^5 -> -2.2102498e-07 | DU19: =$DA$13*(1+$DC$13*DQ19^2)*(DQ19^2/$CT$18^3) -> 0.0008366046 | DV19: =EXP(-$DC$13*DQ19^2) -> 0.99414126 | DW19: =1+DR19+DS19-DT19+DU19*DV19 -> 0.9706727 | DX19: =DW19-DP19 -> 0.1206727 | DY19: =DO19 -> 0.97484316 | DZ19: =0.27*CU19/DY19/$CT$18 -> 0.078714759 | EA19: =($CW$12+$CY$12/$CT$18+$DA$12/$CT$18^3+$DC$12/$CT$18^4+$DE$12/$CT$18^5)*DZ19 -> -0.027706914 | EB19: =($DG$12+$DI$12/$CT$18+$CW$13/$CT$18^2)*DZ19^2 -> 0.0012294501 | EC19: =$CY$13*($DI$12/$CT$18+$CW$13/$CT$18^2)*DZ19^5 -> -1.1139412e-07 | ED19: =$DA$13*(1+$DC$13*DZ19^2)*DZ19^2/$CT$18^3 -> 0.00063515539 | EE19: =EXP(-$DC$13*DZ19^2) -> 0.99554264 | EF19: =1+EA19+EB19-EC19+ED19*EE19 -> 0.97415497 | EG19: =EF19-DY19 -> -0.00068818426 | EH19: =(EG19-DX19)/(DY19-DP19) -> -0.97210681 | EI19: =DP19-DX19/EH19 -> 0.97413523 | EM19: =M19 -> 344.65953 | EW19: =(EM19*$EQ$18)/(DO19*10.73*$EL$18) -> 0.91244935 | EX19: =EW19/67.0176 -> 0.01361507 | EY19: =EXP($EU$18*EX19^$EV$18) -> 1.018037 | EZ19: =$ET$18*10^-4*EY19 -> 0.013960894 | FB19: 190.6 | FC19: 803.1 | FE19: 240 | FF19: 366
