Workbook

Sheet Sheet1
N3: q0 | O3: 100 | P3: STB/d | R3: qw | S3: =O3*O4 -> 0 | T3: STB water/STB | V3: At Bubble Point
N4: WOR | O4: 0 | P4: STB Water/STB | R4: s oil | S4: 30 | T4: dyne/cm | V4: Rs | W4: 250 | X4: scf/STB
N5: GLR | O5: 250 | P5: scf/STB | R5: g w | S5: 1.074 | V5: Pb | W5: 1697 | X5: Psi
N6: g g | O6: 0.65 | R6: r w | S6: =S5*62.4 -> 67.0176 | T6: lbm/ft3 | V6: Bob | W6: 1.2 | X6: res bbl/STB
N7: Psep | O7: 100 | P7: psig | R7: m w | S7: 1 | T7: cp | V7: rob | W7: 48.33 | X7: lbm/ft3
N8: g sep | O8: 0.71 | R8: sw | S8: 72 | T8: dyne/cm
N9: g l | O9: 28 | P9: 0API | R9: D | S9: =2/12 -> 0.16666667 | T9: ft | V9: C0 | W9: =(-1.433+5*$W$4+17.2*$M$19-1.18*$O$8+12.61*$O$9)/($S$11*10^5) -> 2.1703786e-05
N10: GOR | O10: =O12/O3 -> 250 | P10: scf/STB | R10: Area | S10: =(3.1416/4)*(S9)^2 -> 0.021816667 | T10: ft2
N11: ql | O11: =O3+S3 -> 100 | P11: STB/d | R11: P | S11: 5651 | T11: Psi
N12: qg | O12: =O5*O11 -> 25000 | P12: scf/d
X13: Rs | Y13: g gd | Z13: slope | CU13: A1 | CV13: 0.3265 | CW13: A2 | CX13: -1.07 | CY13: A3 | CZ13: =-0.5339 -> -0.5339 | DA13: A4 | DB13: =0.01569 -> 0.01569 | DC13: A5 | DD13: =-0.05165 -> -0.05165 | DE13: A6 | DF13: 0.5475 | DG13: A7 | DH13: -0.7361
X14: 1400 | Y14: 0.67 | Z14: =SLOPE(Y14:Y15,X14:X15) -> -0.0001 | CU14: A8 | CV14: =0.1844 -> 0.1844 | CW14: A9 | CX14: =0.1056 -> 0.1056 | CY14: A10 | CZ14: =0.6134 -> 0.6134 | DA14: A11 | DB14: 0.721
X15: 0 | Y15: 0.81 | AR15: From DAK | CI15: DL | CJ15: 200 | CK15: ft | CO15: DAK Correlation | EJ15: LGE Correlation
CB16: e | CC16: 0.0006 | CD16: (assumed)
N17: Const. T | P17: Const. T | W17: from fig:3.4 | BT17: For qg=0 or <1 | BU17: For yl >1 | BV17: For GLR=0
C18: P (psia) | D18: P (assumed) | E18: P (output) | F18: Err | G18: p(avg) | I18: P (OUTPUT) | K18: P (avg) | L18: T0F (const.) | M18: T0 R (const.) | N18: A | O18: Rs (scf/STB) | P18: F | R18: B0 (res bbl/STB) | S18: Bg (res ft3/SCF) | T18: ql (res bbl/d) | U18: ql (res ft3/d) | V18: qg (res ft3/d) | W18: γgd | X18: ρ0 (part1) | Y18: ρ0 (part 2) | Z18: ρ0 (lb / ft3) | AA18: ρl (part 1) | AB18: ρl (part 2) | AC18: ρl (lbm/ft3) | AD18: C | AE18: B | AF18: A | AG18: m od | AH18: a | AI18: b | AJ18: m o (cp) | AK18: Weight 1 | AL18: Weight 2 | AM18: ml (cp) | AN18: weight 1 | AO18: weight 2 | AP18: s l (dyne/cm) | AR18: Ppr | AS18: Tpr | AT18: Z | AV18: usl (ft/s) | AW18: usg (ft/s) | AX18: um (ft/s) | AY18: l l | AZ18: l g | BA18: LB | BB18: LB(final) | BC18: Nvl | BD18: Nvg | BE18: ND | BF18: NL | BG18: CNL(1) | BH18: CNL(2) | BI18: CNL | BJ18: H(1) | BK18: H(2) | BL18: H | BM18: y1/(1) | BN18: y1/(2) | BO18: y1/ | BP18: B | BQ18: (1) | BR18: (2) | BS18:  | BT18: yl | BU18: yl | BV18: yl | BW18: m(1) | BX18: m(2) | BY18: m (lbm/d) | BZ18: m m | CA18: Nre | CB18: f(1) | CC18: f(2) | CD18: f(3) | CE18: 1/sqrt(f) | CF18: f | CG18: r(avg) | CH18: fm2/D5rho | CI18: dp/dl | CJ18: DP | CK18: L | CL18: P (psi) | CO18: T (0F) | CP18: T (0R) | CQ18: Tc (0R) | CR18: Pc | CS18: Tpr | CT18: Ppr | CU18: Z | CV18: ρpr | CW18: Part 1 | CX18: Part 2 | CY18: Part 3 | CZ18: Part 4 | DA18: Part 5 | DB18: Z(1) | DC18: Err(1) | DD18: Z | DE18: ρpr | DF18: Part 1 | DG18: Part 2 | DH18: Part 3 | DI18: Part 4 | DJ18: Part 5 | DK18: Z(2) | DL18: Err(2) | DM18: Slope | DN18: Z | DO18: Z | DP18: ρpr | DQ18: Part 1 | DR18: Part 2 | DS18: Part 3 | DT18: Part 4 | DU18: Part 5 | DV18: Z(1) | DW18: Err(1) | DX18: Z | DY18: ρpr | DZ18: Part 1 | EA18: Part 2 | EB18: Part 3 | EC18: Part 4 | ED18: Part 5 | EE18: Z(2) | EF18: Err(2) | EG18: Slope | EH18: Z | EJ18: T (0F) | EK18: T (0R) | EL18: P (psi) | EM18: Tc (0R) | EN18: Pc (psi) | EO18: γg | EP18: MW | EQ18: A1 | ER18: A2 | ES18: A | ET18: B | EU18: C | EV18: ρg (lbm/ft3) | EW18: ρg (g/cm3) | EX18: EXP(Bρgc) | EY18: µg (cp)
C19: 514.7 | D19: 514.8 | E19: =CL19 -> 545.76602 | F19: =D19-E19 -> -30.966015 | G19: =AVERAGE(C19,D19) -> 514.75 | I19: =Sheet10!K18 -> 531.43535 | K19: =G19 -> 514.75 | L19: 160 | M19: =460+L19 -> 620 | N19: =$O$9/($L$19+460) -> 0.04516129 | O19: =(($O$8*K19^1.0937)/27.64)*10^(11.172*$N$19) -> 75.846436 | P19: =($L$19-60)*($O$9/$O$8) -> 3943.662 | R19: =$W$6*EXP($W$9*(1697-G19)) -> 1.2311896 | S19: =0.0283*AT19*($M$19)/K19 -> 0.032287515 | T19: =$O$3*($O$4+R19) -> 123.11896 | U19: =T19*5.615 -> 691.31296 | V19: =IF($O$5>0,S19*($O$10-O19)*$O$3,0) -> 562.29859 | W19: =$Y$15+$Z$14*(O19-$X$15) -> 0.80241536 | X19: =$W$7 -> 48.33 | Y19: =R19/$W$6 -> 1.0259913 | Z19: =X19*Y19 -> 49.586161 | AA19: =($S$6*$O$4)+(R19*Z19) -> 61.049966 | AB19: =$O$4+R19 -> 1.2311896 | AC19: =AA19/AB19 -> 49.586161 | AD19: =3.0324-0.02023*$O$9 -> 2.46596 | AE19: =10^$AD$19 -> 292.38831 | AF19: =$AE$19*$L$19^-1.163 -> 0.79903989 | AG19: =10^$AF$19-1 -> 5.29564 | AH19: =10.715*(O19+100)^-0.515 -> 0.74773617 | AI19: =5.44*(O19+150)^-0.338 -> 0.87098369 | AJ19: =AH19*$AG$19^AI19 -> 3.1935194 | AK19: =(($O$4*$S$6)/($O$4*$S$6+R19*Z19))*$S$7 -> 0 | AL19: =((R19*Z19)/($O$4*$S$6+R19*Z19))*AJ19 -> 3.1935194 | AM19: =AK19+AL19 -> 3.1935194 | AN19: =(($O$4*$S$6)/($O$4*$S$6+R19*Z19))*$S$8 -> 0 | AO19: =((R19*Z19)/($O$4*$S$6+R19*Z19))*$S$4 -> 30 | AP19: =AN19+AO19 -> 30 | AR19: =CT19 -> 0.77173913 | AS19: =CS19 -> 1.657754 | AT19: =EH19 -> 0.94722436 | AV19: =(U19)*(1/86400)/$S$10 -> 0.36675206 | AW19: =(V19)*(1/86400)/$S$10 -> 0.29830797 | AX19: =AV19+AW19 -> 0.66506003 | AY19: =AV19/AX19 -> 0.55145708 | AZ19: =1-AY19 -> 0.44854292 | BA19: =1.071-(0.2218*((AX19^2)/($S$9))) -> 0.48238072 | BB19: =IF(BA19<0.13,0.13,BA19) -> 0.48238072 | BC19: =1.938*AV19*(AC19/AP19)^(1/4) -> 0.80590925 | BD19: =1.938*AW19*(AC19/AP19)^(1/4) -> 0.65550866 | BE19: =120.872*$S$9*SQRT(AC19/AP19) -> 25.899661 | BF19: =0.15726*AM19*(1/(AC19*AP19^3))^(1/4) -> 0.014764093 | BG19: =0.0019+0.0322*BF19-0.6642*BF19^2+4.9951*BF19^3 -> 0.002246698 | BH19: =1-10.0147*BF19+33.8696*BF19^2+277.2817*BF19^3 -> 0.86041725 | BI19: =BG19/BH19 -> 0.0026111727 | BJ19: =BC19*($K$19^0.1)*BI19 -> 0.0039289941 | BK19: =(BD19^0.575)*(14.7^0.1)*BE19 -> 26.58021 | BL19: =BJ19/BK19 -> 0.00014781652 | BM19: =(0.0047+1123.32*BL19+729489.64*BL19^2) -> 0.1866844 | BN19: =(1+1097.1566*BL19+722153.97*BL19^2) -> 1.1779567 | BO19: =SQRT(BM19/BN19) -> 0.3980974 | BP19: =(BD19*BF19^0.38)/BE19^2.14 -> 0.00012486125 | BQ19: =1.0886-69.9473*BP19+2334.3497*BP19^2-12896.683*BP19^3 -> 1.0799027 | BR19: =1-53.4401*BP19+1517.9369*BP19^2-8419.8115*BP19^3 -> 0.99335105 | BS19: =BQ19/BR19 -> 1.0871309 | BT19: =IF(V19<=0,1,(BO19*BS19)) -> 0.432784 | BU19: =IF(V19>1,BO19*BS19,1) -> 0.432784 | BV19: =IF($O$5=0,1,BU19) -> 0.432784 | BW19: =AC19*AV19 -> 18.185827 | BX19: =EV19*AW19 -> 0.45841666 | BY19: =$S$10*(BW19+BX19)*86400 -> 35143.653 | BZ19: =(AM19^BT19)*EY19^(1-BT19) -> 0.14114761 | CA19: =2.2*10^-2*BY19/BZ19/$S$9 -> 32866.033 | CB19: =$CC$16/3.7065 -> 0.00016187778 | CC19: =5.0452/CA19 -> 0.00015350803 | CD19: =LOG(($CC$16^1.1098/2.8257)+(7.149/CA19)^0.8981) -> -3.2162916 | CE19: =-4*LOG(CB19-(CC19*CD19)) -> 12.733433 | CF19: =1/CE19^2 -> 0.0061674979 | CG19: =BT19*AC19+(1-BT19)*EV19 -> 22.331751 | CH19: =CF19*BY19^2/($S$9)^5/CG19 -> 2.6523833e+09 | CI19: =(1/144)*(CG19+(CH19/74130000000)) -> 0.15533008 | CJ19: =CI19*$CJ$15 -> 31.066015 | CK19: 200 | CL19: =C19+CJ19 -> 545.76602 | CO19: =L19 -> 160 | CP19: =CO19+460 -> 620 | CQ19: 374 | CR19: 667 | CS19: =CP19/CQ19 -> 1.657754 | CT19: =K19/$CR$19 -> 0.77173913 | CU19: 0.8 | CV19: =0.27*CT19/CU19/$CS$19 -> 0.15711737 | CW19: =($CV$13+$CX$13/$CS$19+$CZ$13/$CS$19^3+$DB$13/$CS$19^4+$DD$13/$CS$19^5)*CV19 -> -0.068847576 | CX19: =($DF$13+$DH$13/$CS$19+$CV$14/$CS$19^2)*CV19^2 -> 0.0042105504 | CY19: =$CX$14*($DH$13/$CS$19+$CV$14/$CS$19^2)*CV19^5 -> -3.8111075e-06 | CZ19: =$CZ$14*(1+$DB$14*CV19^2)*(CV19^2/$CS$19^3) -> 0.0033829357 | DA19: =EXP(-$DB$14*CV19^2) -> 0.98235895 | DB19: =1+CW19+CX19-CY19+CZ19*DA19 -> 0.93869004 | DC19: =DB19-CU19 -> 0.13869004 | DD19: 0.85 | DE19: =0.27*CT19/DD19/$CS$19 -> 0.14787518 | DF19: =($CV$13+$CX$13/$CS$19+$CZ$13/$CS$19^3+$DB$13/$CS$19^4+$DD$13/$CS$19^5)*DE19 -> -0.064797719 | DG19: =($DF$13+$DH$13/$CS$19+$CV$14/$CS$19^2)*DE19^2 -> 0.0037297609 | DH19: =$CX$14*($DH$13/$CS$19+$CV$14/$CS$19^2)*DE19^5 -> -2.814534e-06 | DI19: =$CZ$14*(1+$DB$14*DE19^2)*DE19^2/$CS$19^3 -> 0.0029906652 | DJ19: =EXP(-$DB$14*DE19^2) -> 0.98435748 | DK19: =1+DF19+DG19-DH19+DI19*DJ19 -> 0.94187874 | DL19: =DK19-DD19 -> 0.09187874 | DM19: =(DL19-DC19)/(DD19-CU19) -> -0.93622604 | DN19: =CU19-DC19/DM19 -> 0.94813735 | DO19: =DD19 -> 0.85 | DP19: =0.27*CT19/DO19/$CS$19 -> 0.14787518 | DQ19: =($CV$13+$CX$13/$CS$19+$CZ$13/$CS$19^3+$DB$13/$CS$19^4+$DD$13/$CS$19^5)*DP19 -> -0.064797719 | DR19: =($DF$13+$DH$13/$CS$19+$CV$14/$CS$19^2)*DP19^2 -> 0.0037297609 | DS19: =$CX$14*($DH$13/$CS$19+$CV$14/$CS$19^2)*DP19^5 -> -2.814534e-06 | DT19: =$CZ$14*(1+$DB$14*DP19^2)*(DP19^2/$CS$19^3) -> 0.0029906652 | DU19: =EXP(-$DB$14*DP19^2) -> 0.98435748 | DV19: =1+DQ19+DR19-DS19+DT19*DU19 -> 0.94187874 | DW19: =DV19-DO19 -> 0.09187874 | DX19: =DN19 -> 0.94813735 | DY19: =0.27*CT19/DX19/$CS$19 -> 0.13256929 | DZ19: =($CV$13+$CX$13/$CS$19+$CZ$13/$CS$19^3+$DB$13/$CS$19^4+$DD$13/$CS$19^5)*DY19 -> -0.058090804 | EA19: =($DF$13+$DH$13/$CS$19+$CV$14/$CS$19^2)*DY19^2 -> 0.0029976184 | EB19: =$CX$14*($DH$13/$CS$19+$CV$14/$CS$19^2)*DY19^5 -> -1.6298396e-06 | EC19: =$CZ$14*(1+$DB$14*DY19^2)*DY19^2/$CS$19^3 -> 0.0023962819 | ED19: =EXP(-$DB$14*DY19^2) -> 0.98740864 | EE19: =1+DZ19+EA19-EB19+EC19*ED19 -> 0.94727455 | EF19: =EE19-DX19 -> -0.0008627938 | EG19: =(EF19-DW19)/(DX19-DO19) -> -0.94501774 | EH19: =DO19-DW19/EG19 -> 0.94722436 | EJ19: =L19 -> 160 | EK19: =460+EJ19 -> 620 | EL19: =K19 -> 514.75 | EM19: =CQ19 -> 374 | EN19: =CR19 -> 667 | EO19: 0.65 | EP19: =28.97*$EO$19 -> 18.8305 | EQ19: =((9.379+0.01607*$EP$19)*$EK$19^1.5) -> 149463.43 | ER19: =209.2+19.26*EP19+EK19 -> 1191.8754 | ES19: =EQ19/ER19 -> 125.40189 | ET19: =3.448+(986.4/EK19)+0.01009*EP19 -> 5.2289675 | EU19: =2.447-0.2224*ET19 -> 1.2840776 | EV19: =(EL19*$EP$19)/(DN19*10.73*$EK$19) -> 1.5367228 | EW19: =EV19/67.0176 -> 0.022930138 | EX19: =EXP($ET$19*EW19^$EU$19) -> 1.0418784 | EY19: =$ES$19*10^-4*EX19 -> 0.013065352
C20: =E19 -> 545.76602 | D20: 514.9 | E20: =CL20 -> 577.16051 | F20: =D20-E20 -> -62.260514 | G20: =AVERAGE(C20,D20) -> 530.33301 | I20: =Sheet10!K19 -> 563.53515 | K20: =G20 -> 530.33301 | O20: =(($O$8*K20^1.0937)/27.64)*10^(11.172*$N$19) -> 78.361206 | R20: =$W$6*EXP($W$9*(1697-G20)) -> 1.2307733 | S20: =0.0283*AT20*($M$19)/K20 -> 0.031288939 | T20: =$O$3*($O$4+R20) -> 123.07733 | U20: =T20*5.615 -> 691.07919 | V20: =IF($O$5>0,S20*($O$10-O20)*$O$3,0) -> 537.03957 | W20: =$Y$15+$Z$14*(O20-$X$15) -> 0.80216388 | X20: =$W$7 -> 48.33 | Y20: =R20/$W$6 -> 1.0256444 | Z20: =X20*Y20 -> 49.569393 | AA20: =($O$4*$S$6)+(R20*Z20) -> 61.008685 | AB20: =$O$4+R20 -> 1.2307733 | AC20: =AA20/AB20 -> 49.569393 | AH20: =10.715*(O20+100)^-0.515 -> 0.74228805 | AI20: =5.44*(O20+150)^-0.338 -> 0.86772988 | AJ20: =AH20*$AG$19^AI20 -> 3.1531029 | AK20: =(($O$4*$S$6)/($O$4*$S$6+R20*Z20))*$S$7 -> 0 | AL20: =((R20*Z20)/($O$4*$S$6+R20*Z20))*AJ20 -> 3.1531029 | AM20: =AK20+AL20 -> 3.1531029 | AN20: =(($O$4*$S$6)/($O$4*$S$6+R20*Z20))*$S$8 -> 0 | AO20: =((R20*Z20)/($O$4*$S$6+R20*Z20))*$S$4 -> 30 | AP20: =AN20+AO20 -> 30 | AR20: =CT20 -> 0.79510196 | AT20: =EH20 -> 0.94571738 | AV20: =(U20)*(1/86400)/$S$10 -> 0.36662804 | AW20: =(V20)*(1/86400)/$S$10 -> 0.28490768 | AX20: =AV20+AW20 -> 0.65153572 | AY20: =AV20/AX20 -> 0.56271365 | AZ20: =1-AY20 -> 0.43728635 | BA20: =1.071-(0.2218*((AX20^2)/($S$9))) -> 0.50607701 | BB20: =IF(BA20<0.13,0.13,BA20) -> 0.50607701 | BC20: =1.938*AV20*(AC20/AP20)^(1/4) -> 0.80556862 | BD20: =1.938*AW20*(AC20/AP20)^(1/4) -> 0.62600963 | BE20: =120.872*$S$9*SQRT(AC20/AP20) -> 25.895281 | BF20: =0.15726*AM20*(1/(AC20*AP20^3))^(1/4) -> 0.014578474 | BG20: =0.0019+0.0322*BF20-0.6642*BF20^2+4.9951*BF20^3 -> 0.0022437399 | BH20: =1-10.0147*BF20+33.8696*BF20^2+277.2817*BF20^3 -> 0.86205845 | BI20: =BG20/BH20 -> 0.0026027701 | BJ20: =BC20*($K$19^0.1)*BI20 -> 0.0039146954 | BK20: =(BD20^0.575)*(14.7^0.1)*BE20 -> 25.881322 | BL20: =BJ20/BK20 -> 0.00015125562 | BM20: =(0.0047+1123.32*BL20+729489.64*BL20^2) -> 0.19129792 | BN20: =(1+1097.1566*BL20+722153.97*BL20^2) -> 1.1824727 | BO20: =SQRT(BM20/BN20) -> 0.4022162 | BP20: =(BD20*BF20^0.38)/BE20^2.14 -> 0.00011871332 | BQ20: =1.0886-69.9473*BP20+2334.3497*BP20^2-12896.683*BP20^3 -> 1.0803292 | BR20: =1-53.4401*BP20+1517.9369*BP20^2-8419.8115*BP20^3 -> 0.99367733 | BS20: =BQ20/BR20 -> 1.0872032 | BT20: =IF(V20<=0,1,(BO20*BS20)) -> 0.43729075 | BU20: =IF(V20>1,BO20*BS20,1) -> 0.43729075 | BV20: =IF($O$5=0,1,BU20) -> 0.43729075 | BW20: =AC20*AV20 -> 18.17353 | BX20: =EV20*AW20 -> 0.45179935 | BY20: =$S$10*(BW20+BX20)*86400 -> 35108 | BZ20: =(AM20^BT20)*EY20^(1-BT20) -> 0.14402248 | CA20: =2.2*10^-2*BY20/BZ20/$S$9 -> 32177.31 | CB20: =$CC$16/3.7065 -> 0.00016187778 | CC20: =5.0452/CA20 -> 0.00015679372 | CD20: =LOG(($CC$16^1.1098/2.8257)+(7.149/CA20)^0.8981) -> -3.2092991 | CE20: =-4*LOG(CB20-(CC20*CD20)) -> 12.708516 | CF20: =1/CE20^2 -> 0.0061917062 | CG20: =BT20*AC20+(1-BT20)*EV20 -> 22.568567 | CH20: =CF20*BY20^2/($S$9)^5/CG20 -> 2.6295097e+09 | CI20: =(1/144)*(CG20+(CH20/74130000000)) -> 0.15697249 | CJ20: =CI20*$CJ$15 -> 31.394499 | CK20: =CK19+200 -> 400 | CL20: =C20+CJ20 -> 577.16051 | CT20: =K20/$CR$19 -> 0.79510196 | CU20: 0.8 | CV20: =0.27*CT20/CU20/$CS$19 -> 0.16187378 | CW20: =($CV$13+$CX$13/$CS$19+$CZ$13/$CS$19^3+$DB$13/$CS$19^4+$DD$13/$CS$19^5)*CV20 -> -0.070931796 | CX20: =($DF$13+$DH$13/$CS$19+$CV$14/$CS$19^2)*CV20^2 -> 0.0044693409 | CY20: =$CX$14*($DH$13/$CS$19+$CV$14/$CS$19^2)*CV20^5 -> -4.4239755e-06 | CZ20: =$CZ$14*(1+$DB$14*CV20^2)*(CV20^2/$CS$19^3) -> 0.0035947185 | DA20: =EXP(-$DB$14*CV20^2) -> 0.98128489 | DB20: =1+CW20+CX20-CY20+CZ20*DA20 -> 0.93706941 | DC20: =DB20-CU20 -> 0.13706941 | DD20: 0.85 | DE20: =0.27*CT20/DD20/$CS$19 -> 0.1523518 | DF20: =($CV$13+$CX$13/$CS$19+$CZ$13/$CS$19^3+$DB$13/$CS$19^4+$DD$13/$CS$19^5)*DE20 -> -0.066759338 | DG20: =($DF$13+$DH$13/$CS$19+$CV$14/$CS$19^2)*DE20^2 -> 0.0039590009 | DH20: =$CX$14*($DH$13/$CS$19+$CV$14/$CS$19^2)*DE20^5 -> -3.2671421e-06 | DI20: =$CZ$14*(1+$DB$14*DE20^2)*DE20^2/$CS$19^3 -> 0.003177507 | DJ20: =EXP(-$DB$14*DE20^2) -> 0.98340407 | DK20: =1+DF20+DG20-DH20+DI20*DJ20 -> 0.9403277 | DL20: =DK20-DD20 -> 0.090327704 | DM20: =(DL20-DC20)/(DD20-CU20) -> -0.93483416 | DN20: =CU20-DC20/DM20 -> 0.94662431 | DO20: =DD20 -> 0.85 | DP20: =0.27*CT20/DO20/$CS$19 -> 0.1523518 | DQ20: =($CV$13+$CX$13/$CS$19+$CZ$13/$CS$19^3+$DB$13/$CS$19^4+$DD$13/$CS$19^5)*DP20 -> -0.066759338 | DR20: =($DF$13+$DH$13/$CS$19+$CV$14/$CS$19^2)*DP20^2 -> 0.0039590009 | DS20: =$CX$14*($DH$13/$CS$19+$CV$14/$CS$19^2)*DP20^5 -> -3.2671421e-06 | DT20: =$CZ$14*(1+$DB$14*DP20^2)*(DP20^2/$CS$19^3) -> 0.003177507 | DU20: =EXP(-$DB$14*DP20^2) -> 0.98340407 | DV20: =1+DQ20+DR20-DS20+DT20*DU20 -> 0.9403277 | DW20: =DV20-DO20 -> 0.090327704 | DX20: =DN20 -> 0.94662431 | DY20: =0.27*CT20/DX20/$CS$19 -> 0.13680087 | DZ20: =($CV$13+$CX$13/$CS$19+$CZ$13/$CS$19^3+$DB$13/$CS$19^4+$DD$13/$CS$19^5)*DY20 -> -0.059945045 | EA20: =($DF$13+$DH$13/$CS$19+$CV$14/$CS$19^2)*DY20^2 -> 0.0031920387 | EB20: =$CX$14*($DH$13/$CS$19+$CV$14/$CS$19^2)*DY20^5 -> -1.907104e-06 | EC20: =$CZ$14*(1+$DB$14*DY20^2)*DY20^2/$CS$19^3 -> 0.0025537714 | ED20: =EXP(-$DB$14*DY20^2) -> 0.98659749 | EE20: =1+DZ20+EA20-EB20+EC20*ED20 -> 0.94576845 | EF20: =EE20-DX20 -> -0.00085586328 | EG20: =(EF20-DW20)/(DX20-DO20) -> -0.9436918 | EH20: =DO20-DW20/EG20 -> 0.94571738 | EL20: =K20 -> 530.33301 | EV20: =(EL20*$EP$19)/(DN20*10.73*$EK$19) -> 1.5857746 | EW20: =EV20/67.0176 -> 0.023662061 | EX20: =EXP($ET$19*EW20^$EU$19) -> 1.0436397 | EY20: =$ES$19*10^-4*EX20 -> 0.013087439
C21: =E20 -> 577.16051 | D21: 515 | E21: =CL21 -> 608.88497 | F21: =D21-E21 -> -93.884966 | G21: =AVERAGE(C21,D21) -> 546.08026 | I21: =Sheet10!K20 -> 596.3076 | K21: =G21 -> 546.08026 | O21: =(($O$8*K21^1.0937)/27.64)*10^(11.172*$N$19) -> 80.909525 | R21: =$W$6*EXP($W$9*(1697-G21)) -> 1.2303527 | S21: =0.0283*AT21*($M$19)/K21 -> 0.030337948 | T21: =$O$3*($O$4+R21) -> 123.03527 | U21: =T21*5.615 -> 690.84304 | V21: =IF($O$5>0,S21*($O$10-O21)*$O$3,0) -> 512.9858 | W21: =$Y$15+$Z$14*(O21-$X$15) -> 0.80190905 | X21: =$W$7 -> 48.33 | Y21: =R21/$W$6 -> 1.0252939 | Z21: =X21*Y21 -> 49.552455 | AA21: =($O$4*$S$6)+(R21*Z21) -> 60.966996 | AB21: =$O$4+R21 -> 1.2303527 | AC21: =AA21/AB21 -> 49.552455 | AH21: =10.715*(O21+100)^-0.515 -> 0.7368847 | AI21: =5.44*(O21+150)^-0.338 -> 0.8644812 | AJ21: =AH21*$AG$19^AI21 -> 3.113246 | AK21: =(($O$4*$S$6)/($O$4*$S$6+R21*Z21))*$S$7 -> 0 | AL21: =((R21*Z21)/($O$4*$S$6+R21*Z21))*AJ21 -> 3.113246 | AM21: =AK21+AL21 -> 3.113246 | AN21: =(($O$4*$S$6)/($O$4*$S$6+R21*Z21))*$S$8 -> 0 | AO21: =((R21*Z21)/($O$4*$S$6+R21*Z21))*$S$4 -> 30 | AP21: =AN21+AO21 -> 30 | AR21: =CT21 -> 0.81871103 | AT21: =EH21 -> 0.9442012 | AV21: =(U21)*(1/86400)/$S$10 -> 0.36650276 | AW21: =(V21)*(1/86400)/$S$10 -> 0.27214678 | AX21: =AV21+AW21 -> 0.63864954 | AY21: =AV21/AX21 -> 0.57387148 | AZ21: =1-AY21 -> 0.42612852 | BA21: =1.071-(0.2218*((AX21^2)/($S$9))) -> 0.5282023 | BB21: =IF(BA21<0.13,0.13,BA21) -> 0.5282023 | BC21: =1.938*AV21*(AC21/AP21)^(1/4) -> 0.80522454 | BD21: =1.938*AW21*(AC21/AP21)^(1/4) -> 0.59791983 | BE21: =120.872*$S$9*SQRT(AC21/AP21) -> 25.890856 | BF21: =0.15726*AM21*(1/(AC21*AP21^3))^(1/4) -> 0.014395424 | BG21: =0.0019+0.0322*BF21-0.6642*BF21^2+4.9951*BF21^3 -> 0.0022407927 | BH21: =1-10.0147*BF21+33.8696*BF21^2+277.2817*BF21^3 -> 0.86368005 | BI21: =BG21/BH21 -> 0.0025944709 | BJ21: =BC21*($K$19^0.1)*BI21 -> 0.0039005463 | BK21: =(BD21^0.575)*(14.7^0.1)*BE21 -> 25.202745 | BL21: =BJ21/BK21 -> 0.00015476672 | BM21: =(0.0047+1123.32*BL21+729489.64*BL21^2) -> 0.19602583 | BN21: =(1+1097.1566*BL21+722153.97*BL21^2) -> 1.1871009 | BO21: =SQRT(BM21/BN21) -> 0.40636176 | BP21: =(BD21*BF21^0.38)/BE21^2.14 -> 0.00011288466 | BQ21: =1.0886-69.9473*BP21+2334.3497*BP21^2-12896.683*BP21^3 -> 1.0807338 | BR21: =1-53.4401*BP21+1517.9369*BP21^2-8419.8115*BP21^3 -> 0.99398676 | BS21: =BQ21/BR21 -> 1.0872718 | BT21: =IF(V21<=0,1,(BO21*BS21)) -> 0.44182567 | BU21: =IF(V21>1,BO21*BS21,1) -> 0.44182567 | BV21: =IF($O$5=0,1,BU21) -> 0.44182567 | BW21: =AC21*AV21 -> 18.161111 | BX21: =EV21*AW21 -> 0.44509425 | BY21: =$S$10*(BW21+BX21)*86400 -> 35071.953 | BZ21: =(AM21^BT21)*EY21^(1-BT21) -> 0.14696357 | CA21: =2.2*10^-2*BY21/BZ21/$S$9 -> 31500.99 | CB21: =$CC$16/3.7065 -> 0.00016187778 | CC21: =5.0452/CA21 -> 0.00016016005 | CD21: =LOG(($CC$16^1.1098/2.8257)+(7.149/CA21)^0.8981) -> -3.202265 | CE21: =-4*LOG(CB21-(CC21*CD21)) -> 12.683422 | CF21: =1/CE21^2 -> 0.0062162311 | CG21: =BT21*AC21+(1-BT21)*EV21 -> 22.806437 | CH21: =CF21*BY21^2/($S$9)^5/CG21 -> 2.607029e+09 | CI21: =(1/144)*(CG21+(CH21/74130000000)) -> 0.15862226 | CJ21: =CI21*$CJ$15 -> 31.724452 | CK21: =CK20+200 -> 600 | CL21: =C21+CJ21 -> 608.88497 | CT21: =K21/$CR$19 -> 0.81871103 | CU21: 0.8 | CV21: =0.27*CT21/CU21/$CS$19 -> 0.16668032 | CW21: =($CV$13+$CX$13/$CS$19+$CZ$13/$CS$19^3+$DB$13/$CS$19^4+$DD$13/$CS$19^5)*CV21 -> -0.073037984 | CX21: =($DF$13+$DH$13/$CS$19+$CV$14/$CS$19^2)*CV21^2 -> 0.0047386989 | CY21: =$CX$14*($DH$13/$CS$19+$CV$14/$CS$19^2)*CV21^5 -> -5.1209649e-06 | CZ21: =$CZ$14*(1+$DB$14*CV21^2)*(CV21^2/$CS$19^3) -> 0.003815624 | DA21: =EXP(-$DB$14*CV21^2) -> 0.98016823 | DB21: =1+CW21+CX21-CY21+CZ21*DA21 -> 0.93544579 | DC21: =DB21-CU21 -> 0.13544579 | DD21: 0.85 | DE21: =0.27*CT21/DD21/$CS$19 -> 0.1568756 | DF21: =($CV$13+$CX$13/$CS$19+$CZ$13/$CS$19^3+$DB$13/$CS$19^4+$DD$13/$CS$19^5)*DE21 -> -0.068741632 | DG21: =($DF$13+$DH$13/$CS$19+$CV$14/$CS$19^2)*DE21^2 -> 0.0041976018 | DH21: =$CX$14*($DH$13/$CS$19+$CV$14/$CS$19^2)*DE21^5 -> -3.7818744e-06 | DI21: =$CZ$14*(1+$DB$14*DE21^2)*DE21^2/$CS$19^3 -> 0.0033723508 | DJ21: =EXP(-$DB$14*DE21^2) -> 0.98241272 | DK21: =1+DF21+DG21-DH21+DI21*DJ21 -> 0.93877279 | DL21: =DK21-DD21 -> 0.088772792 | DM21: =(DL21-DC21)/(DD21-CU21) -> -0.93345995 | DN21: =CU21-DC21/DM21 -> 0.94510081 | DO21: =DD21 -> 0.85 | DP21: =0.27*CT21/DO21/$CS$19 -> 0.1568756 | DQ21: =($CV$13+$CX$13/$CS$19+$CZ$13/$CS$19^3+$DB$13/$CS$19^4+$DD$13/$CS$19^5)*DP21 -> -0.068741632 | DR21: =($DF$13+$DH$13/$CS$19+$CV$14/$CS$19^2)*DP21^2 -> 0.0041976018 | DS21: =$CX$14*($DH$13/$CS$19+$CV$14/$CS$19^2)*DP21^5 -> -3.7818744e-06 | DT21: =$CZ$14*(1+$DB$14*DP21^2)*(DP21^2/$CS$19^3) -> 0.0033723508 | DU21: =EXP(-$DB$14*DP21^2) -> 0.98241272 | DV21: =1+DQ21+DR21-DS21+DT21*DU21 -> 0.93877279 | DW21: =DV21-DO21 -> 0.088772792 | DX21: =DN21 -> 0.94510081 | DY21: =0.27*CT21/DX21/$CS$19 -> 0.14108998 | DZ21: =($CV$13+$CX$13/$CS$19+$CZ$13/$CS$19^3+$DB$13/$CS$19^4+$DD$13/$CS$19^5)*DY21 -> -0.061824502 | EA21: =($DF$13+$DH$13/$CS$19+$CV$14/$CS$19^2)*DY21^2 -> 0.0033953365 | EB21: =$CX$14*($DH$13/$CS$19+$CV$14/$CS$19^2)*DY21^5 -> -2.2254153e-06 | EC21: =$CZ$14*(1+$DB$14*DY21^2)*DY21^2/$CS$19^3 -> 0.0027187219 | ED21: =EXP(-$DB$14*DY21^2) -> 0.98575 | EE21: =1+DZ21+EA21-EB21+EC21*ED21 -> 0.94425304 | EF21: =EE21-DX21 -> -0.00084776544 | EG21: =(EF21-DW21)/(DX21-DO21) -> -0.94237433 | EH21: =DO21-DW21/EG21 -> 0.9442012 | EL21: =K21 -> 546.08026 | EV21: =(EL21*$EP$19)/(DN21*10.73*$EK$19) -> 1.6354933 | EW21: =EV21/67.0176 -> 0.024403938 | EX21: =EXP($ET$19*EW21^$EU$19) -> 1.0454439 | EY21: =$ES$19*10^-4*EX21 -> 0.013110064
C22: =E21 -> 608.88497 | D22: 515.1 | E22: =CL22 -> 640.94112 | F22: =D22-E22 -> -125.84112 | G22: =AVERAGE(C22,D22) -> 561.99248 | I22: =Sheet10!K21 -> 629.76327 | K22: =G22 -> 561.99248 | O22: =(($O$8*K22^1.0937)/27.64)*10^(11.172*$N$19) -> 83.491546 | R22: =$W$6*EXP($W$9*(1697-G22)) -> 1.2299279 | S22: =0.0283*AT22*($M$19)/K22 -> 0.029431345 | T22: =$O$3*($O$4+R22) -> 122.99279 | U22: =T22*5.615 -> 690.60449 | V22: =IF($O$5>0,S22*($O$10-O22)*$O$3,0) -> 490.05677 | W22: =$Y$15+$Z$14*(O22-$X$15) -> 0.80165085 | X22: =$W$7 -> 48.33 | Y22: =R22/$W$6 -> 1.0249399 | Z22: =X22*Y22 -> 49.535345 | AA22: =($O$4*$S$6)+(R22*Z22) -> 60.9249 | AB22: =$O$4+R22 -> 1.2299279 | AC22: =AA22/AB22 -> 49.535345 | AH22: =10.715*(O22+100)^-0.515 -> 0.73152623 | AI22: =5.44*(O22+150)^-0.338 -> 0.86123813 | AJ22: =AH22*$AG$19^AI22 -> 3.0739449 | AK22: =(($O$4*$S$6)/($O$4*$S$6+R22*Z22))*$S$7 -> 0 | AL22: =((R22*Z22)/($O$4*$S$6+R22*Z22))*AJ22 -> 3.0739449 | AM22: =AK22+AL22 -> 3.0739449 | AN22: =(($O$4*$S$6)/($O$4*$S$6+R22*Z22))*$S$8 -> 0 | AO22: =((R22*Z22)/($O$4*$S$6+R22*Z22))*$S$4 -> 30 | AP22: =AN22+AO22 -> 30 | AR22: =CT22 -> 0.84256744 | AT22: =EH22 -> 0.94267608 | AV22: =(U22)*(1/86400)/$S$10 -> 0.36637621 | AW22: =(V22)*(1/86400)/$S$10 -> 0.25998259 | AX22: =AV22+AW22 -> 0.62635879 | AY22: =AV22/AX22 -> 0.58493025 | AZ22: =1-AY22 -> 0.41506975 | BA22: =1.071-(0.2218*((AX22^2)/($S$9))) -> 0.54889344 | BB22: =IF(BA22<0.13,0.13,BA22) -> 0.54889344 | BC22: =1.938*AV22*(AC22/AP22)^(1/4) -> 0.804877 | BD22: =1.938*AW22*(AC22/AP22)^(1/4) -> 0.57114518 | BE22: =120.872*$S$9*SQRT(AC22/AP22) -> 25.886386 | BF22: =0.15726*AM22*(1/(AC22*AP22^3))^(1/4) -> 0.014214926 | BG22: =0.0019+0.0322*BF22-0.6642*BF22^2+4.9951*BF22^3 -> 0.0022378572 | BH22: =1-10.0147*BF22+33.8696*BF22^2+277.2817*BF22^3 -> 0.86528205 | BI22: =BG22/BH22 -> 0.0025862748 | BJ22: =BC22*($K$19^0.1)*BI22 -> 0.0038865461 | BK22: =(BD22^0.575)*(14.7^0.1)*BE22 -> 24.543269 | BL22: =BJ22/BK22 -> 0.00015835487 | BM22: =(0.0047+1123.32*BL22+729489.64*BL22^2) -> 0.20087607 | BN22: =(1+1097.1566*BL22+722153.97*BL22^2) -> 1.191849 | BO22: =SQRT(BM22/BN22) -> 0.41053811 | BP22: =(BD22*BF22^0.38)/BE22^2.14 -> 0.0001073536 | BQ22: =1.0886-69.9473*BP22+2334.3497*BP22^2-12896.683*BP22^3 -> 1.0811178 | BR22: =1-53.4401*BP22+1517.9369*BP22^2-8419.8115*BP22^3 -> 0.9942805 | BS22: =BQ22/BR22 -> 1.0873368 | BT22: =IF(V22<=0,1,(BO22*BS22)) -> 0.4463932 | BU22: =IF(V22>1,BO22*BS22,1) -> 0.4463932 | BV22: =IF($O$5=0,1,BU22) -> 0.4463932 | BW22: =AC22*AV22 -> 18.148572 | BX22: =EV22*AW22 -> 0.43830094 | BY22: =$S$10*(BW22+BX22)*86400 -> 35035.511 | BZ22: =(AM22^BT22)*EY22^(1-BT22) -> 0.14997609 | CA22: =2.2*10^-2*BY22/BZ22/$S$9 -> 30836.166 | CB22: =$CC$16/3.7065 -> 0.00016187778 | CC22: =5.0452/CA22 -> 0.00016361308 | CD22: =LOG(($CC$16^1.1098/2.8257)+(7.149/CA22)^0.8981) -> -3.1951814 | CE22: =-4*LOG(CB22-(CC22*CD22)) -> 12.658122 | CF22: =1/CE22^2 -> 0.006241104 | CG22: =BT22*AC22+(1-BT22)*EV22 -> 23.045559 | CH22: =CF22*BY22^2/($S$9)^5/CG22 -> 2.5849214e+09 | CI22: =(1/144)*(CG22+(CH22/74130000000)) -> 0.16028076 | CJ22: =CI22*$CJ$15 -> 32.056151 | CK22: =CK21+200 -> 800 | CL22: =C22+CJ22 -> 640.94112 | CT22: =K22/$CR$19 -> 0.84256744 | CU22: 0.8 | CV22: =0.27*CT22/CU22/$CS$19 -> 0.17153722 | CW22: =($CV$13+$CX$13/$CS$19+$CZ$13/$CS$19^3+$DB$13/$CS$19^4+$DD$13/$CS$19^5)*CV22 -> -0.075166236 | CX22: =($DF$13+$DH$13/$CS$19+$CV$14/$CS$19^2)*CV22^2 -> 0.0050188842 | CY22: =$CX$14*($DH$13/$CS$19+$CV$14/$CS$19^2)*CV22^5 -> -5.9118303e-06 | CZ22: =$CZ$14*(1+$DB$14*CV22^2)*(CV22^2/$CS$19^3) -> 0.0040459229 | DA22: =EXP(-$DB$14*CV22^2) -> 0.97900803 | DB22: =1+CW22+CX22-CY22+CZ22*DA22 -> 0.93381955 | DC22: =DB22-CU22 -> 0.13381955 | DD22: 0.85 | DE22: =0.27*CT22/DD22/$CS$19 -> 0.16144679 | DF22: =($CV$13+$CX$13/$CS$19+$CZ$13/$CS$19^3+$DB$13/$CS$19^4+$DD$13/$CS$19^5)*DE22 -> -0.070744693 | DG22: =($DF$13+$DH$13/$CS$19+$CV$14/$CS$19^2)*DE22^2 -> 0.0044457936 | DH22: =$CX$14*($DH$13/$CS$19+$CV$14/$CS$19^2)*DE22^5 -> -4.365935e-06 | DI22: =$CZ$14*(1+$DB$14*DE22^2)*DE22^2/$CS$19^3 -> 0.0035754299 | DJ22: =EXP(-$DB$14*DE22^2) -> 0.98138257 | DK22: =1+DF22+DG22-DH22+DI22*DJ22 -> 0.93721433 | DL22: =DK22-DD22 -> 0.087214331 | DM22: =(DL22-DC22)/(DD22-CU22) -> -0.93210439 | DN22: =CU22-DC22/DM22 -> 0.94356713 | DO22: =DD22 -> 0.85 | DP22: =0.27*CT22/DO22/$CS$19 -> 0.16144679 | DQ22: =($CV$13+$CX$13/$CS$19+$CZ$13/$CS$19^3+$DB$13/$CS$19^4+$DD$13/$CS$19^5)*DP22 -> -0.070744693 | DR22: =($DF$13+$DH$13/$CS$19+$CV$14/$CS$19^2)*DP22^2 -> 0.0044457936 | DS22: =$CX$14*($DH$13/$CS$19+$CV$14/$CS$19^2)*DP22^5 -> -4.365935e-06 | DT22: =$CZ$14*(1+$DB$14*DP22^2)*(DP22^2/$CS$19^3) -> 0.0035754299 | DU22: =EXP(-$DB$14*DP22^2) -> 0.98138257 | DV22: =1+DQ22+DR22-DS22+DT22*DU22 -> 0.93721433 | DW22: =DV22-DO22 -> 0.087214331 | DX22: =DN22 -> 0.94356713 | DY22: =0.27*CT22/DX22/$CS$19 -> 0.14543721 | DZ22: =($CV$13+$CX$13/$CS$19+$CZ$13/$CS$19^3+$DB$13/$CS$19^4+$DD$13/$CS$19^5)*DY22 -> -0.063729424 | EA22: =($DF$13+$DH$13/$CS$19+$CV$14/$CS$19^2)*DY22^2 -> 0.0036077924 | EB22: =$CX$14*($DH$13/$CS$19+$CV$14/$CS$19^2)*DY22^5 -> -2.5900484e-06 | EC22: =$CZ$14*(1+$DB$14*DY22^2)*DY22^2/$CS$19^3 -> 0.0028913978 | ED22: =EXP(-$DB$14*DY22^2) -> 0.98486512 | EE22: =1+DZ22+EA22-EB22+EC22*ED22 -> 0.9427286 | EF22: =EE22-DX22 -> -0.0008385324 | EG22: =(EF22-DW22)/(DX22-DO22) -> -0.94106622 | EH22: =DO22-DW22/EG22 -> 0.94267608 | EL22: =K22 -> 561.99248 | EV22: =(EL22*$EP$19)/(DN22*10.73*$EK$19) -> 1.6858858 | EW22: =EV22/67.0176 -> 0.025155866 | EX22: =EXP($ET$19*EW22^$EU$19) -> 1.0472917 | EY22: =$ES$19*10^-4*EX22 -> 0.013133236
C23: =E22 -> 640.94112 | D23: 515.2 | E23: =CL23 -> 673.331 | F23: =D23-E23 -> -158.131 | G23: =AVERAGE(C23,D23) -> 578.07056 | I23: =Sheet10!K22 -> 663.91525 | K23: =G23 -> 578.07056 | O23: =(($O$8*K23^1.0937)/27.64)*10^(11.172*$N$19) -> 86.107445 | R23: =$W$6*EXP($W$9*(1697-G23)) -> 1.2294987 | S23: =0.0283*AT23*($M$19)/K23 -> 0.028566206 | T23: =$O$3*($O$4+R23) -> 122.94987 | U23: =T23*5.615 -> 690.36354 | V23: =IF($O$5>0,S23*($O$10-O23)*$O$3,0) -> 468.17885 | W23: =$Y$15+$Z$14*(O23-$X$15) -> 0.80138926 | X23: =$W$7 -> 48.33 | Y23: =R23/$W$6 -> 1.0245823 | Z23: =X23*Y23 -> 49.518062 | AA23: =($O$4*$S$6)+(R23*Z23) -> 60.882395 | AB23: =$O$4+R23 -> 1.2294987 | AC23: =AA23/AB23 -> 49.518062 | AH23: =10.715*(O23+100)^-0.515 -> 0.72621271 | AI23: =5.44*(O23+150)^-0.338 -> 0.85800107 | AJ23: =AH23*$AG$19^AI23 -> 3.0351954 | AK23: =(($O$4*$S$6)/($O$4*$S$6+R23*Z23))*$S$7 -> 0 | AL23: =((R23*Z23)/($O$4*$S$6+R23*Z23))*AJ23 -> 3.0351954 | AM23: =AK23+AL23 -> 3.0351954 | AN23: =(($O$4*$S$6)/($O$4*$S$6+R23*Z23))*$S$8 -> 0 | AO23: =((R23*Z23)/($O$4*$S$6+R23*Z23))*$S$4 -> 30 | AP23: =AN23+AO23 -> 30 | AR23: =CT23 -> 0.8666725 | AT23: =EH23 -> 0.94114229 | AV23: =(U23)*(1/86400)/$S$10 -> 0.36624838 | AW23: =(V23)*(1/86400)/$S$10 -> 0.24837601 | AX23: =AV23+AW23 -> 0.61462439 | AY23: =AV23/AX23 -> 0.59588976 | AZ23: =1-AY23 -> 0.40411024 | BA23: =1.071-(0.2218*((AX23^2)/($S$9))) -> 0.56827281 | BB23: =IF(BA23<0.13,0.13,BA23) -> 0.56827281 | BC23: =1.938*AV23*(AC23/AP23)^(1/4) -> 0.80452599 | BD23: =1.938*AW23*(AC23/AP23)^(1/4) -> 0.54559957 | BE23: =120.872*$S$9*SQRT(AC23/AP23) -> 25.88187 | BF23: =0.15726*AM23*(1/(AC23*AP23^3))^(1/4) -> 0.01403696 | BG23: =0.0019+0.0322*BF23-0.6642*BF23^2+4.9951*BF23^3 -> 0.002234934 | BH23: =1-10.0147*BF23+33.8696*BF23^2+277.2817*BF23^3 -> 0.8668645 | BI23: =BG23/BH23 -> 0.0025781815 | BJ23: =BC23*($K$19^0.1)*BI23 -> 0.0038726942 | BK23: =(BD23^0.575)*(14.7^0.1)*BE23 -> 23.901763 | BL23: =BJ23/BK23 -> 0.00016202546 | BM23: =(0.0047+1123.32*BL23+729489.64*BL23^2) -> 0.20585719 | BN23: =(1+1097.1566*BL23+722153.97*BL23^2) -> 1.1967255 | BO23: =SQRT(BM23/BN23) -> 0.41474938 | BP23: =(BD23*BF23^0.38)/BE23^2.14 -> 0.00010210032 | BQ23: =1.0886-69.9473*BP23+2334.3497*BP23^2-12896.683*BP23^3 -> 1.0814827 | BR23: =1-53.4401*BP23+1517.9369*BP23^2-8419.8115*BP23^3 -> 0.99455956 | BS23: =BQ23/BR23 -> 1.0873986 | BT23: =IF(V23<=0,1,(BO23*BS23)) -> 0.4509979 | BU23: =IF(V23>1,BO23*BS23,1) -> 0.4509979 | BV23: =IF($O$5=0,1,BU23) -> 0.4509979 | BW23: =AC23*AV23 -> 18.13591 | BX23: =EV23*AW23 -> 0.43141891 | BY23: =$S$10*(BW23+BX23)*86400 -> 34998.672 | BZ23: =(AM23^BT23)*EY23^(1-BT23) -> 0.15306564 | CA23: =2.2*10^-2*BY23/BZ23/$S$9 -> 30181.984 | CB23: =$CC$16/3.7065 -> 0.00016187778 | CC23: =5.0452/CA23 -> 0.00016715932 | CD23: =LOG(($CC$16^1.1098/2.8257)+(7.149/CA23)^0.8981) -> -3.1880403 | CE23: =-4*LOG(CB23-(CC23*CD23)) -> 12.63259 | CF23: =1/CE23^2 -> 0.0062663583 | CG23: =BT23*AC23+(1-BT23)*EV23 -> 23.286136 | CH23: =CF23*BY23^2/($S$9)^5/CG23 -> 2.5631686e+09 | CI23: =(1/144)*(CG23+(CH23/74130000000)) -> 0.16194939 | CJ23: =CI23*$CJ$15 -> 32.389879 | CK23: =CK22+200 -> 1000 | CL23: =C23+CJ23 -> 673.331 | CT23: =K23/$CR$19 -> 0.8666725 | CU23: 0.8 | CV23: =0.27*CT23/CU23/$CS$19 -> 0.17644474 | CW23: =($CV$13+$CX$13/$CS$19+$CZ$13/$CS$19^3+$DB$13/$CS$19^4+$DD$13/$CS$19^5)*CV23 -> -0.077316672 | CX23: =($DF$13+$DH$13/$CS$19+$CV$14/$CS$19^2)*CV23^2 -> 0.0053101632 | CY23: =$CX$14*($DH$13/$CS$19+$CV$14/$CS$19^2)*CV23^5 -> -6.807281e-06 | CZ23: =$CZ$14*(1+$DB$14*CV23^2)*(CV23^2/$CS$19^3) -> 0.0042858958 | DA23: =EXP(-$DB$14*CV23^2) -> 0.97780334 | DB23: =1+CW23+CX23-CY23+CZ23*DA23 -> 0.93219106 | DC23: =DB23-CU23 -> 0.13219106 | DD23: 0.85 | DE23: =0.27*CT23/DD23/$CS$19 -> 0.16606563 | DF23: =($CV$13+$CX$13/$CS$19+$CZ$13/$CS$19^3+$DB$13/$CS$19^4+$DD$13/$CS$19^5)*DE23 -> -0.072768632 | DG23: =($DF$13+$DH$13/$CS$19+$CV$14/$CS$19^2)*DE23^2 -> 0.0047038123 | DH23: =$CX$14*($DH$13/$CS$19+$CV$14/$CS$19^2)*DE23^5 -> -5.0272327e-06 | DI23: =$CZ$14*(1+$DB$14*DE23^2)*DE23^2/$CS$19^3 -> 0.0037869856 | DJ23: =EXP(-$DB$14*DE23^2) -> 0.98031278 | DK23: =1+DF23+DG23-DH23+DI23*DJ23 -> 0.93565264 | DL23: =DK23-DD23 -> 0.085652638 | DM23: =(DL23-DC23)/(DD23-CU23) -> -0.93076848 | DN23: =CU23-DC23/DM23 -> 0.94202357 | DO23: =DD23 -> 0.85 | DP23: =0.27*CT23/DO23/$CS$19 -> 0.16606563 | DQ23: =($CV$13+$CX$13/$CS$19+$CZ$13/$CS$19^3+$DB$13/$CS$19^4+$DD$13/$CS$19^5)*DP23 -> -0.072768632 | DR23: =($DF$13+$DH$13/$CS$19+$CV$14/$CS$19^2)*DP23^2 -> 0.0047038123 | DS23: =$CX$14*($DH$13/$CS$19+$CV$14/$CS$19^2)*DP23^5 -> -5.0272327e-06 | DT23: =$CZ$14*(1+$DB$14*DP23^2)*(DP23^2/$CS$19^3) -> 0.0037869856 | DU23: =EXP(-$DB$14*DP23^2) -> 0.98031278 | DV23: =1+DQ23+DR23-DS23+DT23*DU23 -> 0.93565264 | DW23: =DV23-DO23 -> 0.085652638 | DX23: =DN23 -> 0.94202357 | DY23: =0.27*CT23/DX23/$CS$19 -> 0.14984316 | DZ23: =($CV$13+$CX$13/$CS$19+$CZ$13/$CS$19^3+$DB$13/$CS$19^4+$DD$13/$CS$19^5)*DY23 -> -0.065660074 | EA23: =($DF$13+$DH$13/$CS$19+$CV$14/$CS$19^2)*DY23^2 -> 0.003829696 | EB23: =$CX$14*($DH$13/$CS$19+$CV$14/$CS$19^2)*DY23^5 -> -3.0068708e-06 | EC23: =$CZ$14*(1+$DB$14*DY23^2)*DY23^2/$CS$19^3 -> 0.003072074 | ED23: =EXP(-$DB$14*DY23^2) -> 0.98394174 | EE23: =1+DZ23+EA23-EB23+EC23*ED23 -> 0.94119537 | EF23: =EE23-DX23 -> -0.00082819836 | EG23: =(EF23-DW23)/(DX23-DO23) -> -0.93976833 | EH23: =DO23-DW23/EG23 -> 0.94114229 | EL23: =K23 -> 578.07056 | EV23: =(EL23*$EP$19)/(DN23*10.73*$EK$19) -> 1.7369588 | EW23: =EV23/67.0176 -> 0.02591795 | EX23: =EXP($ET$19*EW23^$EU$19) -> 1.049184 | EY23: =$ES$19*10^-4*EX23 -> 0.013156965
C24: =E23 -> 673.331 | D24: 515.3 | E24: =CL24 -> 706.05692 | F24: =D24-E24 -> -190.75692 | G24: =AVERAGE(C24,D24) -> 594.3155 | I24: =Sheet10!K23 -> 698.77943 | K24: =G24 -> 594.3155 | O24: =(($O$8*K24^1.0937)/27.64)*10^(11.172*$N$19) -> 88.757426 | R24: =$W$6*EXP($W$9*(1697-G24)) -> 1.2290653 | S24: =0.0283*AT24*($M$19)/K24 -> 0.02773985 | T24: =$O$3*($O$4+R24) -> 122.90653 | U24: =T24*5.615 -> 690.12018 | V24: =IF($O$5>0,S24*($O$10-O24)*$O$3,0) -> 447.28449 | W24: =$Y$15+$Z$14*(O24-$X$15) -> 0.80112426 | X24: =$W$7 -> 48.33 | Y24: =R24/$W$6 -> 1.0242211 | Z24: =X24*Y24 -> 49.500606 | AA24: =($O$4*$S$6)+(R24*Z24) -> 60.839479 | AB24: =$O$4+R24 -> 1.2290653 | AC24: =AA24/AB24 -> 49.500606 | AH24: =10.715*(O24+100)^-0.515 -> 0.7209441 | AI24: =5.44*(O24+150)^-0.338 -> 0.85477039 | AJ24: =AH24*$AG$19^AI24 -> 2.9969925 | AK24: =(($O$4*$S$6)/($O$4*$S$6+R24*Z24))*$S$7 -> 0 | AL24: =((R24*Z24)/($O$4*$S$6+R24*Z24))*AJ24 -> 2.9969925 | AM24: =AK24+AL24 -> 2.9969925 | AN24: =(($O$4*$S$6)/($O$4*$S$6+R24*Z24))*$S$8 -> 0 | AO24: =((R24*Z24)/($O$4*$S$6+R24*Z24))*$S$4 -> 30 | AP24: =AN24+AO24 -> 30 | AR24: =CT24 -> 0.89102773 | AT24: =EH24 -> 0.93960008 | AV24: =(U24)*(1/86400)/$S$10 -> 0.36611927 | AW24: =(V24)*(1/86400)/$S$10 -> 0.23729124 | AX24: =AV24+AW24 -> 0.60341051 | AY24: =AV24/AX24 -> 0.60674991 | AZ24: =1-AY24 -> 0.39325009 | BA24: =1.071-(0.2218*((AX24^2)/($S$9))) -> 0.58645008 | BB24: =IF(BA24<0.13,0.13,BA24) -> 0.58645008 | BC24: =1.938*AV24*(AC24/AP24)^(1/4) -> 0.8041715 | BD24: =1.938*AW24*(AC24/AP24)^(1/4) -> 0.52120406 | BE24: =120.872*$S$9*SQRT(AC24/AP24) -> 25.877308 | BF24: =0.15726*AM24*(1/(AC24*AP24^3))^(1/4) -> 0.013861504 | BG24: =0.0019+0.0322*BF24-0.6642*BF24^2+4.9951*BF24^3 -> 0.002232024 | BH24: =1-10.0147*BF24+33.8696*BF24^2+277.2817*BF24^3 -> 0.86842745 | BI24: =BG24/BH24 -> 0.0025701905 | BJ24: =BC24*($K$19^0.1)*BI24 -> 0.0038589898 | BK24: =(BD24^0.575)*(14.7^0.1)*BE24 -> 23.277176 | BL24: =BJ24/BK24 -> 0.00016578427 | BM24: =(0.0047+1123.32*BL24+729489.64*BL24^2) -> 0.21097839 | BN24: =(1+1097.1566*BL24+722153.97*BL24^2) -> 1.2017393 | BO24: =SQRT(BM24/BN24) -> 0.41899984 | BP24: =(BD24*BF24^0.38)/BE24^2.14 -> 9.7106628e-05 | BQ24: =1.0886-69.9473*BP24+2334.3497*BP24^2-12896.683*BP24^3 -> 1.0818297 | BR24: =1-53.4401*BP24+1517.9369*BP24^2-8419.8115*BP24^3 -> 0.99482492 | BS24: =BQ24/BR24 -> 1.0874573 | BT24: =IF(V24<=0,1,(BO24*BS24)) -> 0.45564445 | BU24: =IF(V24>1,BO24*BS24,1) -> 0.45564445 | BV24: =IF($O$5=0,1,BU24) -> 0.45564445 | BW24: =AC24*AV24 -> 18.123126 | BX24: =EV24*AW24 -> 0.42444757 | BY24: =$S$10*(BW24+BX24)*86400 -> 34961.434 | BZ24: =(AM24^BT24)*EY24^(1-BT24) -> 0.15623823 | CA24: =2.2*10^-2*BY24/BZ24/$S$9 -> 29537.644 | CB24: =$CC$16/3.7065 -> 0.00016187778 | CC24: =5.0452/CA24 -> 0.00017080577 | CD24: =LOG(($CC$16^1.1098/2.8257)+(7.149/CA24)^0.8981) -> -3.1808336 | CE24: =-4*LOG(CB24-(CC24*CD24)) -> 12.606794 | CF24: =1/CE24^2 -> 0.0062920287 | CG24: =BT24*AC24+(1-BT24)*EV24 -> 23.528376 | CH24: =CF24*BY24^2/($S$9)^5/CG24 -> 2.5417537e+09 | CI24: =(1/144)*(CG24+(CH24/74130000000)) -> 0.16362961 | CJ24: =CI24*$CJ$15 -> 32.725922 | CK24: =CK23+200 -> 1200 | CL24: =C24+CJ24 -> 706.05692 | CT24: =K24/$CR$19 -> 0.89102773 | CU24: 0.8 | CV24: =0.27*CT24/CU24/$CS$19 -> 0.18140319 | CW24: =($CV$13+$CX$13/$CS$19+$CZ$13/$CS$19^3+$DB$13/$CS$19^4+$DD$13/$CS$19^5)*CV24 -> -0.079489425 | CX24: =($DF$13+$DH$13/$CS$19+$CV$14/$CS$19^2)*CV24^2 -> 0.0056128091 | CY24: =$CX$14*($DH$13/$CS$19+$CV$14/$CS$19^2)*CV24^5 -> -7.8190628e-06 | CZ24: =$CZ$14*(1+$DB$14*CV24^2)*(CV24^2/$CS$19^3) -> 0.0045358332 | DA24: =EXP(-$DB$14*CV24^2) -> 0.97655322 | DB24: =1+CW24+CX24-CY24+CZ24*DA24 -> 0.93056069 | DC24: =DB24-CU24 -> 0.13056069 | DD24: 0.85 | DE24: =0.27*CT24/DD24/$CS$19 -> 0.17073241 | DF24: =($CV$13+$CX$13/$CS$19+$CZ$13/$CS$19^3+$DB$13/$CS$19^4+$DD$13/$CS$19^5)*DE24 -> -0.074813576 | DG24: =($DF$13+$DH$13/$CS$19+$CV$14/$CS$19^2)*DE24^2 -> 0.0049719001 | DH24: =$CX$14*($DH$13/$CS$19+$CV$14/$CS$19^2)*DE24^5 -> -5.7744418e-06 | DI24: =$CZ$14*(1+$DB$14*DE24^2)*DE24^2/$CS$19^3 -> 0.0040072677 | DJ24: =EXP(-$DB$14*DE24^2) -> 0.97920248 | DK24: =1+DF24+DG24-DH24+DI24*DJ24 -> 0.93408802 | DL24: =DK24-DD24 -> 0.084088025 | DM24: =(DL24-DC24)/(DD24-CU24) -> -0.92945322 | DN24: =CU24-DC24/DM24 -> 0.94047042 | DO24: =DD24 -> 0.85 | DP24: =0.27*CT24/DO24/$CS$19 -> 0.17073241 | DQ24: =($CV$13+$CX$13/$CS$19+$CZ$13/$CS$19^3+$DB$13/$CS$19^4+$DD$13/$CS$19^5)*DP24 -> -0.074813576 | DR24: =($DF$13+$DH$13/$CS$19+$CV$14/$CS$19^2)*DP24^2 -> 0.0049719001 | DS24: =$CX$14*($DH$13/$CS$19+$CV$14/$CS$19^2)*DP24^5 -> -5.7744418e-06 | DT24: =$CZ$14*(1+$DB$14*DP24^2)*(DP24^2/$CS$19^3) -> 0.0040072677 | DU24: =EXP(-$DB$14*DP24^2) -> 0.97920248 | DV24: =1+DQ24+DR24-DS24+DT24*DU24 -> 0.93408802 | DW24: =DV24-DO24 -> 0.084088025 | DX24: =DN24 -> 0.94047042 | DY24: =0.27*CT24/DX24/$CS$19 -> 0.15430847 | DZ24: =($CV$13+$CX$13/$CS$19+$CZ$13/$CS$19^3+$DB$13/$CS$19^4+$DD$13/$CS$19^5)*DY24 -> -0.067616736 | EA24: =($DF$13+$DH$13/$CS$19+$CV$14/$CS$19^2)*DY24^2 -> 0.0040613458 | EB24: =$CX$14*($DH$13/$CS$19+$CV$14/$CS$19^2)*DY24^5 -> -3.4824022e-06 | EC24: =$CZ$14*(1+$DB$14*DY24^2)*DY24^2/$CS$19^3 -> 0.0032610363 | ED24: =EXP(-$DB$14*DY24^2) -> 0.98297872 | EE24: =1+DZ24+EA24-EB24+EC24*ED24 -> 0.93965362 | EF24: =EE24-DX24 -> -0.00081679958 | EG24: =(EF24-DW24)/(DX24-DO24) -> -0.93848158 | EH24: =DO24-DW24/EG24 -> 0.93960008 | EL24: =K24 -> 594.3155 | EV24: =(EL24*$EP$19)/(DN24*10.73*$EK$19) -> 1.78872 | EW24: =EV24/67.0176 -> 0.026690302 | EX24: =EXP($ET$19*EW24^$EU$19) -> 1.0511214 | EY24: =$ES$19*10^-4*EX24 -> 0.013181261
C25: =E24 -> 706.05692 | D25: 515.4 | E25: =CL25 -> 739.1215 | F25: =D25-E25 -> -223.7215 | G25: =AVERAGE(C25,D25) -> 610.72846 | I25: =Sheet10!K24 -> 734.37474 | K25: =G25 -> 610.72846 | O25: =(($O$8*K25^1.0937)/27.64)*10^(11.172*$N$19) -> 91.441718 | R25: =$W$6*EXP($W$9*(1697-G25)) -> 1.2286276 | S25: =0.0283*AT25*($M$19)/K25 -> 0.026949817 | T25: =$O$3*($O$4+R25) -> 122.86276 | U25: =T25*5.615 -> 689.87439 | V25: =IF($O$5>0,S25*($O$10-O25)*$O$3,0) -> 427.31167 | W25: =$Y$15+$Z$14*(O25-$X$15) -> 0.80085583 | X25: =$W$7 -> 48.33 | Y25: =R25/$W$6 -> 1.0238563 | Z25: =X25*Y25 -> 49.482976 | AA25: =($O$4*$S$6)+(R25*Z25) -> 60.796149 | AB25: =$O$4+R25 -> 1.2286276 | AC25: =AA25/AB25 -> 49.482976 | AH25: =10.715*(O25+100)^-0.515 -> 0.7157203 | AI25: =5.44*(O25+150)^-0.338 -> 0.85154644 | AJ25: =AH25*$AG$19^AI25 -> 2.9593308 | AK25: =(($O$4*$S$6)/($O$4*$S$6+R25*Z25))*$S$7 -> 0 | AL25: =((R25*Z25)/($O$4*$S$6+R25*Z25))*AJ25 -> 2.9593308 | AM25: =AK25+AL25 -> 2.9593308 | AN25: =(($O$4*$S$6)/($O$4*$S$6+R25*Z25))*$S$8 -> 0 | AO25: =((R25*Z25)/($O$4*$S$6+R25*Z25))*$S$4 -> 30 | AP25: =AN25+AO25 -> 30 | AR25: =CT25 -> 0.91563487 | AT25: =EH25 -> 0.93804971 | AV25: =(U25)*(1/86400)/$S$10 -> 0.36598887 | AW25: =(V25)*(1/86400)/$S$10 -> 0.22669535 | AX25: =AV25+AW25 -> 0.59268423 | AY25: =AV25/AX25 -> 0.61751074 | AZ25: =1-AY25 -> 0.38248926 | BA25: =1.071-(0.2218*((AX25^2)/($S$9))) -> 0.60352377 | BB25: =IF(BA25<0.13,0.13,BA25) -> 0.60352377 | BC25: =1.938*AV25*(AC25/AP25)^(1/4) -> 0.8038135 | BD25: =1.938*AW25*(AC25/AP25)^(1/4) -> 0.49788613 | BE25: =120.872*$S$9*SQRT(AC25/AP25) -> 25.872699 | BF25: =0.15726*AM25*(1/(AC25*AP25^3))^(1/4) -> 0.013688533 | BG25: =0.0019+0.0322*BF25-0.6642*BF25^2+4.9951*BF25^3 -> 0.0022291276 | BH25: =1-10.0147*BF25+33.8696*BF25^2+277.2817*BF25^3 -> 0.869971 | BI25: =BG25/BH25 -> 0.002562301 | BJ25: =BC25*($K$19^0.1)*BI25 -> 0.0038454315 | BK25: =(BD25^0.575)*(14.7^0.1)*BE25 -> 22.668524 | BL25: =BJ25/BK25 -> 0.00016963749 | BM25: =(0.0047+1123.32*BL25+729489.64*BL25^2) -> 0.21624963 | BN25: =(1+1097.1566*BL25+722153.97*BL25^2) -> 1.2069002 | BO25: =SQRT(BM25/BN25) -> 0.42329389 | BP25: =(BD25*BF25^0.38)/BE25^2.14 -> 9.2355834e-05 | BQ25: =1.0886-69.9473*BP25+2334.3497*BP25^2-12896.683*BP25^3 -> 1.0821599 | BR25: =1-53.4401*BP25+1517.9369*BP25^2-8419.8115*BP25^3 -> 0.99507744 | BS25: =BQ25/BR25 -> 1.0875132 | BT25: =IF(V25<=0,1,(BO25*BS25)) -> 0.4603377 | BU25: =IF(V25>1,BO25*BS25,1) -> 0.4603377 | BV25: =IF($O$5=0,1,BU25) -> 0.4603377 | BW25: =AC25*AV25 -> 18.110219 | BX25: =EV25*AW25 -> 0.41738629 | BY25: =$S$10*(BW25+BX25)*86400 -> 34923.794 | BZ25: =(AM25^BT25)*EY25^(1-BT25) -> 0.15950035 | CA25: =2.2*10^-2*BY25/BZ25/$S$9 -> 28902.387 | CB25: =$CC$16/3.7065 -> 0.00016187778 | CC25: =5.0452/CA25 -> 0.00017455998 | CD25: =LOG(($CC$16^1.1098/2.8257)+(7.149/CA25)^0.8981) -> -3.1735527 | CE25: =-4*LOG(CB25-(CC25*CD25)) -> 12.580704 | CF25: =1/CE25^2 -> 0.0063181522 | CG25: =BT25*AC25+(1-BT25)*EV25 -> 23.772493 | CH25: =CF25*BY25^2/($S$9)^5/CG25 -> 2.520661e+09 | CI25: =(1/144)*(CG25+(CH25/74130000000)) -> 0.16532289 | CJ25: =CI25*$CJ$15 -> 33.064578 | CK25: =CK24+200 -> 1400 | CL25: =C25+CJ25 -> 739.1215 | CT25: =K25/$CR$19 -> 0.91563487 | CU25: 0.8 | CV25: =0.27*CT25/CU25/$CS$19 -> 0.18641292 | CW25: =($CV$13+$CX$13/$CS$19+$CZ$13/$CS$19^3+$DB$13/$CS$19^4+$DD$13/$CS$19^5)*CV25 -> -0.081684651 | CX25: =($DF$13+$DH$13/$CS$19+$CV$14/$CS$19^2)*CV25^2 -> 0.0059271031 | CY25: =$CX$14*($DH$13/$CS$19+$CV$14/$CS$19^2)*CV25^5 -> -8.9600454e-06 | CZ25: =$CZ$14*(1+$DB$14*CV25^2)*(CV25^2/$CS$19^3) -> 0.0047960371 | DA25: =EXP(-$DB$14*CV25^2) -> 0.97525667 | DB25: =1+CW25+CX25-CY25+CZ25*DA25 -> 0.92892878 | DC25: =DB25-CU25 -> 0.12892878 | DD25: 0.85 | DE25: =0.27*CT25/DD25/$CS$19 -> 0.17544746 | DF25: =($CV$13+$CX$13/$CS$19+$CZ$13/$CS$19^3+$DB$13/$CS$19^4+$DD$13/$CS$19^5)*DE25 -> -0.076879671 | DG25: =($DF$13+$DH$13/$CS$19+$CV$14/$CS$19^2)*DE25^2 -> 0.0052503058 | DH25: =$CX$14*($DH$13/$CS$19+$CV$14/$CS$19^2)*DE25^5 -> -6.6170668e-06 | DI25: =$CZ$14*(1+$DB$14*DE25^2)*DE25^2/$CS$19^3 -> 0.0042365355 | DJ25: =EXP(-$DB$14*DE25^2) -> 0.97805078 | DK25: =1+DF25+DG25-DH25+DI25*DJ25 -> 0.9325208 | DL25: =DK25-DD25 -> 0.082520798 | DM25: =(DL25-DC25)/(DD25-CU25) -> -0.92815962 | DN25: =CU25-DC25/DM25 -> 0.93890798 | DO25: =DD25 -> 0.85 | DP25: =0.27*CT25/DO25/$CS$19 -> 0.17544746 | DQ25: =($CV$13+$CX$13/$CS$19+$CZ$13/$CS$19^3+$DB$13/$CS$19^4+$DD$13/$CS$19^5)*DP25 -> -0.076879671 | DR25: =($DF$13+$DH$13/$CS$19+$CV$14/$CS$19^2)*DP25^2 -> 0.0052503058 | DS25: =$CX$14*($DH$13/$CS$19+$CV$14/$CS$19^2)*DP25^5 -> -6.6170668e-06 | DT25: =$CZ$14*(1+$DB$14*DP25^2)*(DP25^2/$CS$19^3) -> 0.0042365355 | DU25: =EXP(-$DB$14*DP25^2) -> 0.97805078 | DV25: =1+DQ25+DR25-DS25+DT25*DU25 -> 0.9325208 | DW25: =DV25-DO25 -> 0.082520798 | DX25: =DN25 -> 0.93890798 | DY25: =0.27*CT25/DX25/$CS$19 -> 0.15883382 | DZ25: =($CV$13+$CX$13/$CS$19+$CZ$13/$CS$19^3+$DB$13/$CS$19^4+$DD$13/$CS$19^5)*DY25 -> -0.069599707 | EA25: =($DF$13+$DH$13/$CS$19+$CV$14/$CS$19^2)*DY25^2 -> 0.00430305 | EB25: =$CX$14*($DH$13/$CS$19+$CV$14/$CS$19^2)*DY25^5 -> -4.0238797e-06 | EC25: =$CZ$14*(1+$DB$14*DY25^2)*DY25^2/$CS$19^3 -> 0.003458582 | ED25: =EXP(-$DB$14*DY25^2) -> 0.98197491 | EE25: =1+DZ25+EA25-EB25+EC25*ED25 -> 0.93810361 | EF25: =EE25-DX25 -> -0.00080437426 | EG25: =(EF25-DW25)/(DX25-DO25) -> -0.93720689 | EH25: =DO25-DW25/EG25 -> 0.93804971 | EL25: =K25 -> 610.72846 | EV25: =(EL25*$EP$19)/(DN25*10.73*$EK$19) -> 1.8411771 | EW25: =EV25/67.0176 -> 0.027473039 | EX25: =EXP($ET$19*EW25^$EU$19) -> 1.053105 | EY25: =$ES$19*10^-4*EX25 -> 0.013206135
C26: =E25 -> 739.1215 | D26: 515.5 | E26: =CL26 -> 772.52765 | F26: =D26-E26 -> -257.02765 | G26: =AVERAGE(C26,D26) -> 627.31075 | I26: =Sheet10!K25 -> 770.72356 | K26: =G26 -> 627.31075 | O26: =(($O$8*K26^1.0937)/27.64)*10^(11.172*$N$19) -> 94.160576 | R26: =$W$6*EXP($W$9*(1697-G26)) -> 1.2281855 | S26: =0.0283*AT26*($M$19)/K26 -> 0.026193843 | T26: =$O$3*($O$4+R26) -> 122.81855 | U26: =T26*5.615 -> 689.62615 | V26: =IF($O$5>0,S26*($O$10-O26)*$O$3,0) -> 408.20334 | W26: =$Y$15+$Z$14*(O26-$X$15) -> 0.80058394 | X26: =$W$7 -> 48.33 | Y26: =R26/$W$6 -> 1.0234879 | Z26: =X26*Y26 -> 49.46517 | AA26: =($O$4*$S$6)+(R26*Z26) -> 60.752404 | AB26: =$O$4+R26 -> 1.2281855 | AC26: =AA26/AB26 -> 49.46517 | AH26: =10.715*(O26+100)^-0.515 -> 0.71054115 | AI26: =5.44*(O26+150)^-0.338 -> 0.8483295 | AJ26: =AH26*$AG$19^AI26 -> 2.9222046 | AK26: =(($O$4*$S$6)/($O$4*$S$6+R26*Z26))*$S$7 -> 0 | AL26: =((R26*Z26)/($O$4*$S$6+R26*Z26))*AJ26 -> 2.9222046 | AM26: =AK26+AL26 -> 2.9222046 | AN26: =(($O$4*$S$6)/($O$4*$S$6+R26*Z26))*$S$8 -> 0 | AO26: =((R26*Z26)/($O$4*$S$6+R26*Z26))*$S$4 -> 30 | AP26: =AN26+AO26 -> 30 | AR26: =CT26 -> 0.94049587 | AT26: =EH26 -> 0.93649145 | AV26: =(U26)*(1/86400)/$S$10 -> 0.36585718 | AW26: =(V26)*(1/86400)/$S$10 -> 0.21655809 | AX26: =AV26+AW26 -> 0.58241527 | AY26: =AV26/AX26 -> 0.62817237 | AZ26: =1-AY26 -> 0.37182763 | BA26: =1.071-(0.2218*((AX26^2)/($S$9))) -> 0.6195826 | BB26: =IF(BA26<0.13,0.13,BA26) -> 0.6195826 | BC26: =1.938*AV26*(AC26/AP26)^(1/4) -> 0.80345197 | BD26: =1.938*AW26*(AC26/AP26)^(1/4) -> 0.47557909 | BE26: =120.872*$S$9*SQRT(AC26/AP26) -> 25.868044 | BF26: =0.15726*AM26*(1/(AC26*AP26^3))^(1/4) -> 0.013518019 | BG26: =0.0019+0.0322*BF26-0.6642*BF26^2+4.9951*BF26^3 -> 0.0022262455 | BH26: =1-10.0147*BF26+33.8696*BF26^2+277.2817*BF26^3 -> 0.87149527 | BI26: =BG26/BH26 -> 0.0025545124 | BJ26: =BC26*($K$19^0.1)*BI26 -> 0.0038320183 | BK26: =(BD26^0.575)*(14.7^0.1)*BE26 -> 22.074882 | BL26: =BJ26/BK26 -> 0.00017359179 | BM26: =(0.0047+1123.32*BL26+729489.64*BL26^2) -> 0.22168165 | BN26: =(1+1097.1566*BL26+722153.97*BL26^2) -> 1.2122188 | BO26: =SQRT(BM26/BN26) -> 0.4276361 | BP26: =(BD26*BF26^0.38)/BE26^2.14 -> 8.783258e-05 | BQ26: =1.0886-69.9473*BP26+2334.3497*BP26^2-12896.683*BP26^3 -> 1.0824743 | BR26: =1-53.4401*BP26+1517.9369*BP26^2-8419.8115*BP26^3 -> 0.99531792 | BS26: =BQ26/BR26 -> 1.0875664 | BT26: =IF(V26<=0,1,(BO26*BS26)) -> 0.46508266 | BU26: =IF(V26>1,BO26*BS26,1) -> 0.46508266 | BV26: =IF($O$5=0,1,BU26) -> 0.46508266 | BW26: =AC26*AV26 -> 18.097188 | BX26: =EV26*AW26 -> 0.41023436 | BY26: =$S$10*(BW26+BX26)*86400 -> 34885.75 | BZ26: =(AM26^BT26)*EY26^(1-BT26) -> 0.162859 | CA26: =2.2*10^-2*BY26/BZ26/$S$9 -> 28275.496 | CB26: =$CC$16/3.7065 -> 0.00016187778 | CC26: =5.0452/CA26 -> 0.00017843012 | CD26: =LOG(($CC$16^1.1098/2.8257)+(7.149/CA26)^0.8981) -> -3.1661889 | CE26: =-4*LOG(CB26-(CC26*CD26)) -> 12.55429 | CF26: =1/CE26^2 -> 0.0063447676 | CG26: =BT26*AC26+(1-BT26)*EV26 -> 24.018707 | CH26: =CF26*BY26^2/($S$9)^5/CG26 -> 2.499876e+09 | CI26: =(1/144)*(CG26+(CH26/74130000000)) -> 0.16703077 | CJ26: =CI26*$CJ$15 -> 33.406153 | CK26: =CK25+200 -> 1600 | CL26: =C26+CJ26 -> 772.52765 | CT26: =K26/$CR$19 -> 0.94049587 | CU26: 0.8 | CV26: =0.27*CT26/CU26/$CS$19 -> 0.19147434 | CW26: =($CV$13+$CX$13/$CS$19+$CZ$13/$CS$19^3+$DB$13/$CS$19^4+$DD$13/$CS$19^5)*CV26 -> -0.083902524 | CX26: =($DF$13+$DH$13/$CS$19+$CV$14/$CS$19^2)*CV26^2 -> 0.0062533339 | CY26: =$CX$14*($DH$13/$CS$19+$CV$14/$CS$19^2)*CV26^5 -> -1.0244318e-05 | CZ26: =$CZ$14*(1+$DB$14*CV26^2)*(CV26^2/$CS$19^3) -> 0.0050668208 | DA26: =EXP(-$DB$14*CV26^2) -> 0.9739127 | DB26: =1+CW26+CX26-CY26+CZ26*DA26 -> 0.92729569 | DC26: =DB26-CU26 -> 0.12729569 | DD26: 0.85 | DE26: =0.27*CT26/DD26/$CS$19 -> 0.18021114 | DF26: =($CV$13+$CX$13/$CS$19+$CZ$13/$CS$19^3+$DB$13/$CS$19^4+$DD$13/$CS$19^5)*DE26 -> -0.078967082 | DG26: =($DF$13+$DH$13/$CS$19+$CV$14/$CS$19^2)*DE26^2 -> 0.0055392854 | DH26: =$CX$14*($DH$13/$CS$19+$CV$14/$CS$19^2)*DE26^5 -> -7.5655128e-06 | DI26: =$CZ$14*(1+$DB$14*DE26^2)*DE26^2/$CS$19^3 -> 0.0044750581 | DJ26: =EXP(-$DB$14*DE26^2) -> 0.97685677 | DK26: =1+DF26+DG26-DH26+DI26*DJ26 -> 0.93095126 | DL26: =DK26-DD26 -> 0.08095126 | DM26: =(DL26-DC26)/(DD26-CU26) -> -0.9268887 | DN26: =CU26-DC26/DM26 -> 0.93733655 | DO26: =DD26 -> 0.85 | DP26: =0.27*CT26/DO26/$CS$19 -> 0.18021114 | DQ26: =($CV$13+$CX$13/$CS$19+$CZ$13/$CS$19^3+$DB$13/$CS$19^4+$DD$13/$CS$19^5)*DP26 -> -0.078967082 | DR26: =($DF$13+$DH$13/$CS$19+$CV$14/$CS$19^2)*DP26^2 -> 0.0055392854 | DS26: =$CX$14*($DH$13/$CS$19+$CV$14/$CS$19^2)*DP26^5 -> -7.5655128e-06 | DT26: =$CZ$14*(1+$DB$14*DP26^2)*(DP26^2/$CS$19^3) -> 0.0044750581 | DU26: =EXP(-$DB$14*DP26^2) -> 0.97685677 | DV26: =1+DQ26+DR26-DS26+DT26*DU26 -> 0.93095126 | DW26: =DV26-DO26 -> 0.08095126 | DX26: =DN26 -> 0.93733655 | DY26: =0.27*CT26/DX26/$CS$19 -> 0.16341993 | DZ26: =($CV$13+$CX$13/$CS$19+$CZ$13/$CS$19^3+$DB$13/$CS$19^4+$DD$13/$CS$19^5)*DY26 -> -0.071609306 | EA26: =($DF$13+$DH$13/$CS$19+$CV$14/$CS$19^2)*DY26^2 -> 0.004555127 | EB26: =$CX$14*($DH$13/$CS$19+$CV$14/$CS$19^2)*DY26^5 -> -4.6393298e-06 | EC26: =$CZ$14*(1+$DB$14*DY26^2)*DY26^2/$CS$19^3 -> 0.0036650207 | ED26: =EXP(-$DB$14*DY26^2) -> 0.98092912 | EE26: =1+DZ26+EA26-EB26+EC26*ED26 -> 0.93654559 | EF26: =EE26-DX26 -> -0.0007909625 | EG26: =(EF26-DW26)/(DX26-DO26) -> -0.93594519 | EH26: =DO26-DW26/EG26 -> 0.93649145 | EL26: =K26 -> 627.31075 | EV26: =(EL26*$EP$19)/(DN26*10.73*$EK$19) -> 1.8943386 | EW26: =EV26/67.0176 -> 0.028266286 | EX26: =EXP($ET$19*EW26^$EU$19) -> 1.0551355 | EY26: =$ES$19*10^-4*EX26 -> 0.013231598
C27: =E26 -> 772.52765 | D27: 515.6 | E27: =CL27 -> 806.27861 | F27: =D27-E27 -> -290.67861 | G27: =AVERAGE(C27,D27) -> 644.06382 | I27: =Sheet10!K26 -> 807.85222 | K27: =G27 -> 644.06382 | O27: =(($O$8*K27^1.0937)/27.64)*10^(11.172*$N$19) -> 96.914284 | R27: =$W$6*EXP($W$9*(1697-G27)) -> 1.227739 | S27: =0.0283*AT27*($M$19)/K27 -> 0.025469842 | T27: =$O$3*($O$4+R27) -> 122.7739 | U27: =T27*5.615 -> 689.37544 | V27: =IF($O$5>0,S27*($O$10-O27)*$O$3,0) -> 389.9069 | W27: =$Y$15+$Z$14*(O27-$X$15) -> 0.80030857 | X27: =$W$7 -> 48.33 | Y27: =R27/$W$6 -> 1.0231158 | Z27: =X27*Y27 -> 49.447188 | AA27: =($O$4*$S$6)+(R27*Z27) -> 60.70824 | AB27: =$O$4+R27 -> 1.227739 | AC27: =AA27/AB27 -> 49.447188 | AH27: =10.715*(O27+100)^-0.515 -> 0.70540642 | AI27: =5.44*(O27+150)^-0.338 -> 0.8451198 | AJ27: =AH27*$AG$19^AI27 -> 2.8856073 | AK27: =(($O$4*$S$6)/($O$4*$S$6+R27*Z27))*$S$7 -> 0 | AL27: =((R27*Z27)/($O$4*$S$6+R27*Z27))*AJ27 -> 2.8856073 | AM27: =AK27+AL27 -> 2.8856073 | AN27: =(($O$4*$S$6)/($O$4*$S$6+R27*Z27))*$S$8 -> 0 | AO27: =((R27*Z27)/($O$4*$S$6+R27*Z27))*$S$4 -> 30 | AP27: =AN27+AO27 -> 30 | AR27: =CT27 -> 0.96561293 | AT27: =EH27 -> 0.93492556 | AV27: =(U27)*(1/86400)/$S$10 -> 0.36572418 | AW27: =(V27)*(1/86400)/$S$10 -> 0.20685155 | AX27: =AV27+AW27 -> 0.57257573 | AY27: =AV27/AX27 -> 0.63873503 | AZ27: =1-AY27 -> 0.36126497 | BA27: =1.071-(0.2218*((AX27^2)/($S$9))) -> 0.63470658 | BB27: =IF(BA27<0.13,0.13,BA27) -> 0.63470658 | BC27: =1.938*AV27*(AC27/AP27)^(1/4) -> 0.80308687 | BD27: =1.938*AW27*(AC27/AP27)^(1/4) -> 0.45422145 | BE27: =120.872*$S$9*SQRT(AC27/AP27) -> 25.863341 | BF27: =0.15726*AM27*(1/(AC27*AP27^3))^(1/4) -> 0.013349935 | BG27: =0.0019+0.0322*BF27-0.6642*BF27^2+4.9951*BF27^3 -> 0.0022233782 | BH27: =1-10.0147*BF27+33.8696*BF27^2+277.2817*BF27^3 -> 0.87300039 | BI27: =BG27/BH27 -> 0.0025468238 | BJ27: =BC27*($K$19^0.1)*BI27 -> 0.0038187486 | BK27: =(BD27^0.575)*(14.7^0.1)*BE27 -> 21.495386 | BL27: =BJ27/BK27 -> 0.00017765434 | BM27: =(0.0047+1123.32*BL27+729489.64*BL27^2) -> 0.22728614 | BN27: =(1+1097.1566*BL27+722153.97*BL27^2) -> 1.2177066 | BO27: =SQRT(BM27/BN27) -> 0.43203124 | BP27: =(BD27*BF27^0.38)/BE27^2.14 -> 8.3522718e-05 | BQ27: =1.0886-69.9473*BP27+2334.3497*BP27^2-12896.683*BP27^3 -> 1.0827741 | BR27: =1-53.4401*BP27+1517.9369*BP27^2-8419.8115*BP27^3 -> 0.99554712 | BS27: =BQ27/BR27 -> 1.0876171 | BT27: =IF(V27<=0,1,(BO27*BS27)) -> 0.46988457 | BU27: =IF(V27>1,BO27*BS27,1) -> 0.46988457 | BV27: =IF($O$5=0,1,BU27) -> 0.46988457 | BW27: =AC27*AV27 -> 18.084032 | BX27: =EV27*AW27 -> 0.40299097 | BY27: =$S$10*(BW27+BX27)*86400 -> 34847.299 | BZ27: =(AM27^BT27)*EY27^(1-BT27) -> 0.16632177 | CA27: =2.2*10^-2*BY27/BZ27/$S$9 -> 27656.291 | CB27: =$CC$16/3.7065 -> 0.00016187778 | CC27: =5.0452/CA27 -> 0.00018242504 | CD27: =LOG(($CC$16^1.1098/2.8257)+(7.149/CA27)^0.8981) -> -3.158733 | CE27: =-4*LOG(CB27-(CC27*CD27)) -> 12.527516 | CF27: =1/CE27^2 -> 0.0063719162 | CG27: =BT27*AC27+(1-BT27)*EV27 -> 24.267249 | CH27: =CF27*BY27^2/($S$9)^5/CG27 -> 2.4793852e+09 | CI27: =(1/144)*(CG27+(CH27/74130000000)) -> 0.16875483 | CJ27: =CI27*$CJ$15 -> 33.750965 | CK27: =CK26+200 -> 1800 | CL27: =C27+CJ27 -> 806.27861 | CT27: =K27/$CR$19 -> 0.96561293 | CU27: 0.8 | CV27: =0.27*CT27/CU27/$CS$19 -> 0.19658789 | CW27: =($CV$13+$CX$13/$CS$19+$CZ$13/$CS$19^3+$DB$13/$CS$19^4+$DD$13/$CS$19^5)*CV27 -> -0.086143241 | CX27: =($DF$13+$DH$13/$CS$19+$CV$14/$CS$19^2)*CV27^2 -> 0.0065917993 | CY27: =$CX$14*($DH$13/$CS$19+$CV$14/$CS$19^2)*CV27^5 -> -1.1687294e-05 | CZ27: =$CZ$14*(1+$DB$14*CV27^2)*(CV27^2/$CS$19^3) -> 0.0053485103 | DA27: =EXP(-$DB$14*CV27^2) -> 0.97252029 | DB27: =1+CW27+CX27-CY27+CZ27*DA27 -> 0.92566178 | DC27: =DB27-CU27 -> 0.12566178 | DD27: 0.85 | DE27: =0.27*CT27/DD27/$CS$19 -> 0.1850239 | DF27: =($CV$13+$CX$13/$CS$19+$CZ$13/$CS$19^3+$DB$13/$CS$19^4+$DD$13/$CS$19^5)*DE27 -> -0.081075991 | DG27: =($DF$13+$DH$13/$CS$19+$CV$14/$CS$19^2)*DE27^2 -> 0.0058391025 | DH27: =$CX$14*($DH$13/$CS$19+$CV$14/$CS$19^2)*DE27^5 -> -8.6311619e-06 | DI27: =$CZ$14*(1+$DB$14*DE27^2)*DE27^2/$CS$19^3 -> 0.004723115 | DJ27: =EXP(-$DB$14*DE27^2) -> 0.97561952 | DK27: =1+DF27+DG27-DH27+DI27*DJ27 -> 0.92937971 | DL27: =DK27-DD27 -> 0.079379706 | DM27: =(DL27-DC27)/(DD27-CU27) -> -0.9256415 | DN27: =CU27-DC27/DM27 -> 0.93575642 | DO27: =DD27 -> 0.85 | DP27: =0.27*CT27/DO27/$CS$19 -> 0.1850239 | DQ27: =($CV$13+$CX$13/$CS$19+$CZ$13/$CS$19^3+$DB$13/$CS$19^4+$DD$13/$CS$19^5)*DP27 -> -0.081075991 | DR27: =($DF$13+$DH$13/$CS$19+$CV$14/$CS$19^2)*DP27^2 -> 0.0058391025 | DS27: =$CX$14*($DH$13/$CS$19+$CV$14/$CS$19^2)*DP27^5 -> -8.6311619e-06 | DT27: =$CZ$14*(1+$DB$14*DP27^2)*(DP27^2/$CS$19^3) -> 0.004723115 | DU27: =EXP(-$DB$14*DP27^2) -> 0.97561952 | DV27: =1+DQ27+DR27-DS27+DT27*DU27 -> 0.92937971 | DW27: =DV27-DO27 -> 0.079379706 | DX27: =DN27 -> 0.93575642 | DY27: =0.27*CT27/DX27/$CS$19 -> 0.16806757 | DZ27: =($CV$13+$CX$13/$CS$19+$CZ$13/$CS$19^3+$DB$13/$CS$19^4+$DD$13/$CS$19^5)*DY27 -> -0.073645866 | EA27: =($DF$13+$DH$13/$CS$19+$CV$14/$CS$19^2)*DY27^2 -> 0.0048179059 | EB27: =$CX$14*($DH$13/$CS$19+$CV$14/$CS$19^2)*DY27^5 -> -5.3376464e-06 | EC27: =$CZ$14*(1+$DB$14*DY27^2)*DY27^2/$CS$19^3 -> 0.0038806752 | ED27: =EXP(-$DB$14*DY27^2) -> 0.97984011 | EE27: =1+DZ27+EA27-EB27+EC27*ED27 -> 0.93497982 | EF27: =EE27-DX27 -> -0.00077660615 | EG27: =(EF27-DW27)/(DX27-DO27) -> -0.93469745 | EH27: =DO27-DW27/EG27 -> 0.93492556 | EL27: =K27 -> 644.06382 | EV27: =(EL27*$EP$19)/(DN27*10.73*$EK$19) -> 1.9482134 | EW27: =EV27/67.0176 -> 0.029070176 | EX27: =EXP($ET$19*EW27^$EU$19) -> 1.0572138 | EY27: =$ES$19*10^-4*EX27 -> 0.013257661
C28: =E27 -> 806.27861 | D28: 515.7 | E28: =CL28 -> 840.37796 | F28: =D28-E28 -> -324.67796 | G28: =AVERAGE(C28,D28) -> 660.98931 | I28: =Sheet10!K27 -> 845.79166 | K28: =G28 -> 660.98931 | O28: =(($O$8*K28^1.0937)/27.64)*10^(11.172*$N$19) -> 99.703154 | R28: =$W$6*EXP($W$9*(1697-G28)) -> 1.2272881 | S28: =0.0283*AT28*($M$19)/K28 -> 0.024775892 | T28: =$O$3*($O$4+R28) -> 122.72881 | U28: =T28*5.615 -> 689.12225 | V28: =IF($O$5>0,S28*($O$10-O28)*$O$3,0) -> 372.37384 | W28: =$Y$15+$Z$14*(O28-$X$15) -> 0.80002968 | X28: =$W$7 -> 48.33 | Y28: =R28/$W$6 -> 1.0227401 | Z28: =X28*Y28 -> 49.429027 | AA28: =($O$4*$S$6)+(R28*Z28) -> 60.663655 | AB28: =$O$4+R28 -> 1.2272881 | AC28: =AA28/AB28 -> 49.429027 | AH28: =10.715*(O28+100)^-0.515 -> 0.70031582 | AI28: =5.44*(O28+150)^-0.338 -> 0.84191758 | AJ28: =AH28*$AG$19^AI28 -> 2.8495325 | AK28: =(($O$4*$S$6)/($O$4*$S$6+R28*Z28))*$S$7 -> 0 | AL28: =((R28*Z28)/($O$4*$S$6+R28*Z28))*AJ28 -> 2.8495325 | AM28: =AK28+AL28 -> 2.8495325 | AN28: =(($O$4*$S$6)/($O$4*$S$6+R28*Z28))*$S$8 -> 0 | AO28: =((R28*Z28)/($O$4*$S$6+R28*Z28))*$S$4 -> 30 | AP28: =AN28+AO28 -> 30 | AR28: =CT28 -> 0.99098847 | AT28: =EH28 -> 0.9333523 | AV28: =(U28)*(1/86400)/$S$10 -> 0.36558985 | AW28: =(V28)*(1/86400)/$S$10 -> 0.19754999 | AX28: =AV28+AW28 -> 0.56313985 | AY28: =AV28/AX28 -> 0.64919905 | AZ28: =1-AY28 -> 0.35080095 | BA28: =1.071-(0.2218*((AX28^2)/($S$9))) -> 0.64896807 | BB28: =IF(BA28<0.13,0.13,BA28) -> 0.64896807 | BC28: =1.938*AV28*(AC28/AP28)^(1/4) -> 0.8027182 | BD28: =1.938*AW28*(AC28/AP28)^(1/4) -> 0.4337565 | BE28: =120.872*$S$9*SQRT(AC28/AP28) -> 25.858591 | BF28: =0.15726*AM28*(1/(AC28*AP28^3))^(1/4) -> 0.01318425 | BG28: =0.0019+0.0322*BF28-0.6642*BF28^2+4.9951*BF28^3 -> 0.0022205261 | BH28: =1-10.0147*BF28+33.8696*BF28^2+277.2817*BF28^3 -> 0.87448651 | BI28: =BG28/BH28 -> 0.0025392343 | BJ28: =BC28*($K$19^0.1)*BI28 -> 0.0038056208 | BK28: =(BD28^0.575)*(14.7^0.1)*BE28 -> 20.92922 | BL28: =BJ28/BK28 -> 0.0001818329 | BM28: =(0.0047+1123.32*BL28+729489.64*BL28^2) -> 0.2330758 | BN28: =(1+1097.1566*BL28+722153.97*BL28^2) -> 1.2233759 | BO28: =SQRT(BM28/BN28) -> 0.43648431 | BP28: =(BD28*BF28^0.38)/BE28^2.14 -> 7.9413193e-05 | BQ28: =1.0886-69.9473*BP28+2334.3497*BP28^2-12896.683*BP28^3 -> 1.08306 | BR28: =1-53.4401*BP28+1517.9369*BP28^2-8419.8115*BP28^3 -> 0.99576572 | BS28: =BQ28/BR28 -> 1.0876655 | BT28: =IF(V28<=0,1,(BO28*BS28)) -> 0.47474891 | BU28: =IF(V28>1,BO28*BS28,1) -> 0.47474891 | BV28: =IF($O$5=0,1,BU28) -> 0.47474891 | BW28: =AC28*AV28 -> 18.070751 | BX28: =EV28*AW28 -> 0.39565526 | BY28: =$S$10*(BW28+BX28)*86400 -> 34808.436 | BZ28: =(AM28^BT28)*EY28^(1-BT28) -> 0.16989691 | CA28: =2.2*10^-2*BY28/BZ28/$S$9 -> 27044.127 | CB28: =$CC$16/3.7065 -> 0.00016187778 | CC28: =5.0452/CA28 -> 0.00018655437 | CD28: =LOG(($CC$16^1.1098/2.8257)+(7.149/CA28)^0.8981) -> -3.1511755 | CE28: =-4*LOG(CB28-(CC28*CD28)) -> 12.50035 | CF28: =1/CE28^2 -> 0.0063996421 | CG28: =BT28*AC28+(1-BT28)*EV28 -> 24.518355 | CH28: =CF28*BY28^2/($S$9)^5/CG28 -> 2.4591762e+09 | CI28: =(1/144)*(CG28+(CH28/74130000000)) -> 0.17049673 | CJ28: =CI28*$CJ$15 -> 34.099346 | CK28: =CK27+200 -> 2000 | CL28: =C28+CJ28 -> 840.37796 | CT28: =K28/$CR$19 -> 0.99098847 | CU28: 0.8 | CV28: =0.27*CT28/CU28/$CS$19 -> 0.20175406 | CW28: =($CV$13+$CX$13/$CS$19+$CZ$13/$CS$19^3+$DB$13/$CS$19^4+$DD$13/$CS$19^5)*CV28 -> -0.088407016 | CX28: =($DF$13+$DH$13/$CS$19+$CV$14/$CS$19^2)*CV28^2 -> 0.006942806 | CY28: =$CX$14*($DH$13/$CS$19+$CV$14/$CS$19^2)*CV28^5 -> -1.3305818e-05 | CZ28: =$CZ$14*(1+$DB$14*CV28^2)*(CV28^2/$CS$19^3) -> 0.0056414449 | DA28: =EXP(-$DB$14*CV28^2) -> 0.97107838 | DB28: =1+CW28+CX28-CY28+CZ28*DA28 -> 0.92402738 | DC28: =DB28-CU28 -> 0.12402738 | DD28: 0.85 | DE28: =0.27*CT28/DD28/$CS$19 -> 0.18988618 | DF28: =($CV$13+$CX$13/$CS$19+$CZ$13/$CS$19^3+$DB$13/$CS$19^4+$DD$13/$CS$19^5)*DE28 -> -0.083206603 | DG28: =($DF$13+$DH$13/$CS$19+$CV$14/$CS$19^2)*DE28^2 -> 0.0061500289 | DH28: =$CX$14*($DH$13/$CS$19+$CV$14/$CS$19^2)*DE28^5 -> -9.8264557e-06 | DI28: =$CZ$14*(1+$DB$14*DE28^2)*DE28^2/$CS$19^3 -> 0.0049809969 | DJ28: =EXP(-$DB$14*DE28^2) -> 0.97433809 | DK28: =1+DF28+DG28-DH28+DI28*DJ28 -> 0.92780643 | DL28: =DK28-DD28 -> 0.077806427 | DM28: =(DL28-DC28)/(DD28-CU28) -> -0.92441908 | DN28: =CU28-DC28/DM28 -> 0.93416792 | DO28: =DD28 -> 0.85 | DP28: =0.27*CT28/DO28/$CS$19 -> 0.18988618 | DQ28: =($CV$13+$CX$13/$CS$19+$CZ$13/$CS$19^3+$DB$13/$CS$19^4+$DD$13/$CS$19^5)*DP28 -> -0.083206603 | DR28: =($DF$13+$DH$13/$CS$19+$CV$14/$CS$19^2)*DP28^2 -> 0.0061500289 | DS28: =$CX$14*($DH$13/$CS$19+$CV$14/$CS$19^2)*DP28^5 -> -9.8264557e-06 | DT28: =$CZ$14*(1+$DB$14*DP28^2)*(DP28^2/$CS$19^3) -> 0.0049809969 | DU28: =EXP(-$DB$14*DP28^2) -> 0.97433809 | DV28: =1+DQ28+DR28-DS28+DT28*DU28 -> 0.92780643 | DW28: =DV28-DO28 -> 0.077806427 | DX28: =DN28 -> 0.93416792 | DY28: =0.27*CT28/DX28/$CS$19 -> 0.17277756 | DZ28: =($CV$13+$CX$13/$CS$19+$CZ$13/$CS$19^3+$DB$13/$CS$19^4+$DD$13/$CS$19^5)*DY28 -> -0.075709743 | EA28: =($DF$13+$DH$13/$CS$19+$CV$14/$CS$19^2)*DY28^2 -> 0.005091727 | EB28: =$CX$14*($DH$13/$CS$19+$CV$14/$CS$19^2)*DY28^5 -> -6.1286778e-06 | EC28: =$CZ$14*(1+$DB$14*DY28^2)*DY28^2/$CS$19^3 -> 0.004105882 | ED28: =EXP(-$DB$14*DY28^2) -> 0.97870662 | EE28: =1+DZ28+EA28-EB28+EC28*ED28 -> 0.93340657 | EF28: =EE28-DX28 -> -0.00076134878 | EG28: =(EF28-DW28)/(DX28-DO28) -> -0.93346467 | EH28: =DO28-DW28/EG28 -> 0.9333523 | EL28: =K28 -> 660.98931 | EV28: =(EL28*$EP$19)/(DN28*10.73*$EK$19) -> 2.0028108 | EW28: =EV28/67.0176 -> 0.029884848 | EX28: =EXP($ET$19*EW28^$EU$19) -> 1.059341 | EY28: =$ES$19*10^-4*EX28 -> 0.013284336
C29: =E28 -> 840.37796 | D29: 515.8 | E29: =CL29 -> 874.8296 | F29: =D29-E29 -> -359.0296 | G29: =AVERAGE(C29,D29) -> 678.08898 | I29: =Sheet10!K28 -> 884.57827 | K29: =G29 -> 678.08898 | O29: =(($O$8*K29^1.0937)/27.64)*10^(11.172*$N$19) -> 102.52753 | R29: =$W$6*EXP($W$9*(1697-G29)) -> 1.2268327 | S29: =0.0283*AT29*($M$19)/K29 -> 0.024110214 | T29: =$O$3*($O$4+R29) -> 122.68327 | U29: =T29*5.615 -> 688.86654 | V29: =IF($O$5>0,S29*($O$10-O29)*$O$3,0) -> 355.55928 | W29: =$Y$15+$Z$14*(O29-$X$15) -> 0.79974725 | X29: =$W$7 -> 48.33 | Y29: =R29/$W$6 -> 1.0223606 | Z29: =X29*Y29 -> 49.410686 | AA29: =($O$4*$S$6)+(R29*Z29) -> 60.618644 | AB29: =$O$4+R29 -> 1.2268327 | AC29: =AA29/AB29 -> 49.410686 | AH29: =10.715*(O29+100)^-0.515 -> 0.69526902 | AI29: =5.44*(O29+150)^-0.338 -> 0.83872299 | AJ29: =AH29*$AG$19^AI29 -> 2.8139731 | AK29: =(($O$4*$S$6)/($O$4*$S$6+R29*Z29))*$S$7 -> 0 | AL29: =((R29*Z29)/($O$4*$S$6+R29*Z29))*AJ29 -> 2.8139731 | AM29: =AK29+AL29 -> 2.8139731 | AN29: =(($O$4*$S$6)/($O$4*$S$6+R29*Z29))*$S$8 -> 0 | AO29: =((R29*Z29)/($O$4*$S$6+R29*Z29))*$S$4 -> 30 | AP29: =AN29+AO29 -> 30 | AR29: =CT29 -> 1.0166252 | AT29: =EH29 -> 0.93177193 | AV29: =(U29)*(1/86400)/$S$10 -> 0.3654542 | AW29: =(V29)*(1/86400)/$S$10 -> 0.18862962 | AX29: =AV29+AW29 -> 0.55408381 | AY29: =AV29/AX29 -> 0.65956483 | AZ29: =1-AY29 -> 0.34043517 | BA29: =1.071-(0.2218*((AX29^2)/($S$9))) -> 0.66243259 | BB29: =IF(BA29<0.13,0.13,BA29) -> 0.66243259 | BC29: =1.938*AV29*(AC29/AP29)^(1/4) -> 0.80234589 | BD29: =1.938*AW29*(AC29/AP29)^(1/4) -> 0.41413178 | BE29: =120.872*$S$9*SQRT(AC29/AP29) -> 25.853793 | BF29: =0.15726*AM29*(1/(AC29*AP29^3))^(1/4) -> 0.013020931 | BG29: =0.0019+0.0322*BF29-0.6642*BF29^2+4.9951*BF29^3 -> 0.0022176898 | BH29: =1-10.0147*BF29+33.8696*BF29^2+277.2817*BF29^3 -> 0.87595382 | BI29: =BG29/BH29 -> 0.0025317428 | BJ29: =BC29*($K$19^0.1)*BI29 -> 0.0037926332 | BK29: =(BD29^0.575)*(14.7^0.1)*BE29 -> 20.375613 | BL29: =BJ29/BK29 -> 0.00018613591 | BM29: =(0.0047+1123.32*BL29+729489.64*BL29^2) -> 0.23906451 | BN29: =(1+1097.1566*BL29+722153.97*BL29^2) -> 1.2292404 | BO29: =SQRT(BM29/BN29) -> 0.44100056 | BP29: =(BD29*BF29^0.38)/BE29^2.14 -> 7.5491942e-05 | BQ29: =1.0886-69.9473*BP29+2334.3497*BP29^2-12896.683*BP29^3 -> 1.0833328 | BR29: =1-53.4401*BP29+1517.9369*BP29^2-8419.8115*BP29^3 -> 0.99597435 | BS29: =BQ29/BR29 -> 1.0877116 | BT29: =IF(V29<=0,1,(BO29*BS29)) -> 0.47968142 | BU29: =IF(V29>1,BO29*BS29,1) -> 0.47968142 | BV29: =IF($O$5=0,1,BU29) -> 0.47968142 | BW29: =AC29*AV29 -> 18.057343 | BX29: =EV29*AW29 -> 0.38822629 | BY29: =$S$10*(BW29+BX29)*86400 -> 34769.159 | BZ29: =(AM29^BT29)*EY29^(1-BT29) -> 0.17359339 | CA29: =2.2*10^-2*BY29/BZ29/$S$9 -> 26438.386 | CB29: =$CC$16/3.7065 -> 0.00016187778 | CC29: =5.0452/CA29 -> 0.0001908286 | CD29: =LOG(($CC$16^1.1098/2.8257)+(7.149/CA29)^0.8981) -> -3.1435064 | CE29: =-4*LOG(CB29-(CC29*CD29)) -> 12.472753 | CF29: =1/CE29^2 -> 0.0064279923 | CG29: =BT29*AC29+(1-BT29)*EV29 -> 24.772277 | CH29: =CF29*BY29^2/($S$9)^5/CG29 -> 2.4392373e+09 | CI29: =(1/144)*(CG29+(CH29/74130000000)) -> 0.17225821 | CJ29: =CI29*$CJ$15 -> 34.451641 | CK29: =CK28+200 -> 2200 | CL29: =C29+CJ29 -> 874.8296 | CT29: =K29/$CR$19 -> 1.0166252 | CU29: 0.8 | CV29: =0.27*CT29/CU29/$CS$19 -> 0.2069734 | CW29: =($CV$13+$CX$13/$CS$19+$CZ$13/$CS$19^3+$DB$13/$CS$19^4+$DD$13/$CS$19^5)*CV29 -> -0.09069409 | CX29: =($DF$13+$DH$13/$CS$19+$CV$14/$CS$19^2)*CV29^2 -> 0.0073066707 | CY29: =$CX$14*($DH$13/$CS$19+$CV$14/$CS$19^2)*CV29^5 -> -1.5118296e-05 | CZ29: =$CZ$14*(1+$DB$14*CV29^2)*(CV29^2/$CS$19^3) -> 0.0059459783 | DA29: =EXP(-$DB$14*CV29^2) -> 0.96958591 | DB29: =1+CW29+CX29-CY29+CZ29*DA29 -> 0.92239284 | DC29: =DB29-CU29 -> 0.12239284 | DD29: 0.85 | DE29: =0.27*CT29/DD29/$CS$19 -> 0.1947985 | DF29: =($CV$13+$CX$13/$CS$19+$CZ$13/$CS$19^3+$DB$13/$CS$19^4+$DD$13/$CS$19^5)*DE29 -> -0.085359143 | DG29: =($DF$13+$DH$13/$CS$19+$CV$14/$CS$19^2)*DE29^2 -> 0.006472345 | DH29: =$CX$14*($DH$13/$CS$19+$CV$14/$CS$19^2)*DE29^5 -> -1.1164985e-05 | DI29: =$CZ$14*(1+$DB$14*DE29^2)*DE29^2/$CS$19^3 -> 0.0052490065 | DJ29: =EXP(-$DB$14*DE29^2) -> 0.97301148 | DK29: =1+DF29+DG29-DH29+DI29*DJ29 -> 0.92623171 | DL29: =DK29-DD29 -> 0.07623171 | DM29: =(DL29-DC29)/(DD29-CU29) -> -0.92322251 | DN29: =CU29-DC29/DM29 -> 0.93257133 | DO29: =DD29 -> 0.85 | DP29: =0.27*CT29/DO29/$CS$19 -> 0.1947985 | DQ29: =($CV$13+$CX$13/$CS$19+$CZ$13/$CS$19^3+$DB$13/$CS$19^4+$DD$13/$CS$19^5)*DP29 -> -0.085359143 | DR29: =($DF$13+$DH$13/$CS$19+$CV$14/$CS$19^2)*DP29^2 -> 0.006472345 | DS29: =$CX$14*($DH$13/$CS$19+$CV$14/$CS$19^2)*DP29^5 -> -1.1164985e-05 | DT29: =$CZ$14*(1+$DB$14*DP29^2)*(DP29^2/$CS$19^3) -> 0.0052490065 | DU29: =EXP(-$DB$14*DP29^2) -> 0.97301148 | DV29: =1+DQ29+DR29-DS29+DT29*DU29 -> 0.92623171 | DW29: =DV29-DO29 -> 0.07623171 | DX29: =DN29 -> 0.93257133 | DY29: =0.27*CT29/DX29/$CS$19 -> 0.17755073 | DZ29: =($CV$13+$CX$13/$CS$19+$CZ$13/$CS$19^3+$DB$13/$CS$19^4+$DD$13/$CS$19^5)*DY29 -> -0.077801311 | EA29: =($DF$13+$DH$13/$CS$19+$CV$14/$CS$19^2)*DY29^2 -> 0.0053769425 | EB29: =$CX$14*($DH$13/$CS$19+$CV$14/$CS$19^2)*DY29^5 -> -7.0233206e-06 | EC29: =$CZ$14*(1+$DB$14*DY29^2)*DY29^2/$CS$19^3 -> 0.0043409923 | ED29: =EXP(-$DB$14*DY29^2) -> 0.97752736 | EE29: =1+DZ29+EA29-EB29+EC29*ED29 -> 0.93182609 | EF29: =EE29-DX29 -> -0.00074523558 | EG29: =(EF29-DW29)/(DX29-DO29) -> -0.93224787 | EH29: =DO29-DW29/EG29 -> 0.93177193 | EL29: =K29 -> 678.08898 | EV29: =(EL29*$EP$19)/(DN29*10.73*$EK$19) -> 2.0581407 | EW29: =EV29/67.0176 -> 0.030710451 | EX29: =EXP($ET$19*EW29^$EU$19) -> 1.061518 | EY29: =$ES$19*10^-4*EX29 -> 0.013311636
C30: =E29 -> 874.8296 | D30: 515.9 | E30: =CL30 -> 909.63782 | F30: =D30-E30 -> -393.73782 | G30: =AVERAGE(C30,D30) -> 695.3648 | I30: =Sheet10!K29 -> 924.25504 | K30: =G30 -> 695.3648 | O30: =(($O$8*K30^1.0937)/27.64)*10^(11.172*$N$19) -> 105.38779 | R30: =$W$6*EXP($W$9*(1697-G30)) -> 1.2263728 | S30: =0.0283*AT30*($M$19)/K30 -> 0.023471164 | T30: =$O$3*($O$4+R30) -> 122.63728 | U30: =T30*5.615 -> 688.6083 | V30: =IF($O$5>0,S30*($O$10-O30)*$O$3,0) -> 339.4217 | W30: =$Y$15+$Z$14*(O30-$X$15) -> 0.79946122 | X30: =$W$7 -> 48.33 | Y30: =R30/$W$6 -> 1.0219773 | Z30: =X30*Y30 -> 49.392163 | AA30: =($O$4*$S$6)+(R30*Z30) -> 60.573203 | AB30: =$O$4+R30 -> 1.2263728 | AC30: =AA30/AB30 -> 49.392163 | AH30: =10.715*(O30+100)^-0.515 -> 0.69026563 | AI30: =5.44*(O30+150)^-0.338 -> 0.83553618 | AJ30: =AH30*$AG$19^AI30 -> 2.7789217 | AK30: =(($O$4*$S$6)/($O$4*$S$6+R30*Z30))*$S$7 -> 0 | AL30: =((R30*Z30)/($O$4*$S$6+R30*Z30))*AJ30 -> 2.7789217 | AM30: =AK30+AL30 -> 2.7789217 | AN30: =(($O$4*$S$6)/($O$4*$S$6+R30*Z30))*$S$8 -> 0 | AO30: =((R30*Z30)/($O$4*$S$6+R30*Z30))*$S$4 -> 30 | AP30: =AN30+AO30 -> 30 | AR30: =CT30 -> 1.0425259 | AT30: =EH30 -> 0.93018473 | AV30: =(U30)*(1/86400)/$S$10 -> 0.3653172 | AW30: =(V30)*(1/86400)/$S$10 -> 0.18006838 | AX30: =AV30+AW30 -> 0.54538558 | AY30: =AV30/AX30 -> 0.66983288 | AZ30: =1-AY30 -> 0.33016712 | BA30: =1.071-(0.2218*((AX30^2)/($S$9))) -> 0.67515962 | BB30: =IF(BA30<0.13,0.13,BA30) -> 0.67515962 | BC30: =1.938*AV30*(AC30/AP30)^(1/4) -> 0.80196993 | BD30: =1.938*AW30*(AC30/AP30)^(1/4) -> 0.39529875 | BE30: =120.872*$S$9*SQRT(AC30/AP30) -> 25.848947 | BF30: =0.15726*AM30*(1/(AC30*AP30^3))^(1/4) -> 0.012859946 | BG30: =0.0019+0.0322*BF30-0.6642*BF30^2+4.9951*BF30^3 -> 0.0022148694 | BH30: =1-10.0147*BF30+33.8696*BF30^2+277.2817*BF30^3 -> 0.87740251 | BI30: =BG30/BH30 -> 0.0025243482 | BJ30: =BC30*($K$19^0.1)*BI30 -> 0.0037797839 | BK30: =(BD30^0.575)*(14.7^0.1)*BE30 -> 19.833836 | BL30: =BJ30/BK30 -> 0.00019057251 | BM30: =(0.0047+1123.32*BL30+729489.64*BL30^2) -> 0.24526743 | BN30: =(1+1097.1566*BL30+722153.97*BL30^2) -> 1.235315 | BO30: =SQRT(BM30/BN30) -> 0.44558554 | BP30: =(BD30*BF30^0.38)/BE30^2.14 -> 7.1747802e-05 | BQ30: =1.0886-69.9473*BP30+2334.3497*BP30^2-12896.683*BP30^3 -> 1.0835934 | BR30: =1-53.4401*BP30+1517.9369*BP30^2-8419.8115*BP30^3 -> 0.9961736 | BS30: =BQ30/BR30 -> 1.0877556 | BT30: =IF(V30<=0,1,(BO30*BS30)) -> 0.48468818 | BU30: =IF(V30>1,BO30*BS30,1) -> 0.48468818 | BV30: =IF($O$5=0,1,BU30) -> 0.48468818 | BW30: =AC30*AV30 -> 18.043806 | BX30: =EV30*AW30 -> 0.38070303 | BY30: =$S$10*(BW30+BX30)*86400 -> 34729.463 | BZ30: =(AM30^BT30)*EY30^(1-BT30) -> 0.17742103 | CA30: =2.2*10^-2*BY30/BZ30/$S$9 -> 25838.477 | CB30: =$CC$16/3.7065 -> 0.00016187778 | CC30: =5.0452/CA30 -> 0.00019525919 | CD30: =LOG(($CC$16^1.1098/2.8257)+(7.149/CA30)^0.8981) -> -3.1357151 | CE30: =-4*LOG(CB30-(CC30*CD30)) -> 12.444688 | CF30: =1/CE30^2 -> 0.0064570173 | CG30: =BT30*AC30+(1-BT30)*EV30 -> 25.029277 | CH30: =CF30*BY30^2/($S$9)^5/CG30 -> 2.419558e+09 | CI30: =(1/144)*(CG30+(CH30/74130000000)) -> 0.17404108 | CJ30: =CI30*$CJ$15 -> 34.808217 | CK30: =CK29+200 -> 2400 | CL30: =C30+CJ30 -> 909.63782 | CT30: =K30/$CR$19 -> 1.0425259 | CU30: 0.8 | CV30: =0.27*CT30/CU30/$CS$19 -> 0.21224651 | CW30: =($CV$13+$CX$13/$CS$19+$CZ$13/$CS$19^3+$DB$13/$CS$19^4+$DD$13/$CS$19^5)*CV30 -> -0.093004723 | CX30: =($DF$13+$DH$13/$CS$19+$CV$14/$CS$19^2)*CV30^2 -> 0.0076837207 | CY30: =$CX$14*($DH$13/$CS$19+$CV$14/$CS$19^2)*CV30^5 -> -1.714482e-05 | CZ30: =$CZ$14*(1+$DB$14*CV30^2)*(CV30^2/$CS$19^3) -> 0.0062624791 | DA30: =EXP(-$DB$14*CV30^2) -> 0.96804178 | DB30: =1+CW30+CX30-CY30+CZ30*DA30 -> 0.92075848 | DC30: =DB30-CU30 -> 0.12075848 | DD30: 0.85 | DE30: =0.27*CT30/DD30/$CS$19 -> 0.19976142 | DF30: =($CV$13+$CX$13/$CS$19+$CZ$13/$CS$19^3+$DB$13/$CS$19^4+$DD$13/$CS$19^5)*DE30 -> -0.087533857 | DG30: =($DF$13+$DH$13/$CS$19+$CV$14/$CS$19^2)*DE30^2 -> 0.0068063408 | DH30: =$CX$14*($DH$13/$CS$19+$CV$14/$CS$19^2)*DE30^5 -> -1.266159e-05 | DI30: =$CZ$14*(1+$DB$14*DE30^2)*DE30^2/$CS$19^3 -> 0.0055274594 | DJ30: =EXP(-$DB$14*DE30^2) -> 0.97163872 | DK30: =1+DF30+DG30-DH30+DI30*DJ30 -> 0.92465584 | DL30: =DK30-DD30 -> 0.074655839 | DM30: =(DL30-DC30)/(DD30-CU30) -> -0.9220529 | DN30: =CU30-DC30/DM30 -> 0.93096698 | DO30: =DD30 -> 0.85 | DP30: =0.27*CT30/DO30/$CS$19 -> 0.19976142 | DQ30: =($CV$13+$CX$13/$CS$19+$CZ$13/$CS$19^3+$DB$13/$CS$19^4+$DD$13/$CS$19^5)*DP30 -> -0.087533857 | DR30: =($DF$13+$DH$13/$CS$19+$CV$14/$CS$19^2)*DP30^2 -> 0.0068063408 | DS30: =$CX$14*($DH$13/$CS$19+$CV$14/$CS$19^2)*DP30^5 -> -1.266159e-05 | DT30: =$CZ$14*(1+$DB$14*DP30^2)*(DP30^2/$CS$19^3) -> 0.0055274594 | DU30: =EXP(-$DB$14*DP30^2) -> 0.97163872 | DV30: =1+DQ30+DR30-DS30+DT30*DU30 -> 0.92465584 | DW30: =DV30-DO30 -> 0.074655839 | DX30: =DN30 -> 0.93096698 | DY30: =0.27*CT30/DX30/$CS$19 -> 0.182388 | DZ30: =($CV$13+$CX$13/$CS$19+$CZ$13/$CS$19^3+$DB$13/$CS$19^4+$DD$13/$CS$19^5)*DY30 -> -0.079920964 | EA30: =($DF$13+$DH$13/$CS$19+$CV$14/$CS$19^2)*DY30^2 -> 0.0056739171 | EB30: =$CX$14*($DH$13/$CS$19+$CV$14/$CS$19^2)*DY30^5 -> -8.0336236e-06 | EC30: =$CZ$14*(1+$DB$14*DY30^2)*DY30^2/$CS$19^3 -> 0.0045863729 | ED30: =EXP(-$DB$14*DY30^2) -> 0.976301 | EE30: =1+DZ30+EA30-EB30+EC30*ED30 -> 0.93023867 | EF30: =EE30-DX30 -> -0.00072831325 | EG30: =(EF30-DW30)/(DX30-DO30) -> -0.93104809 | EH30: =DO30-DW30/EG30 -> 0.93018473 | EL30: =K30 -> 695.3648 | EV30: =(EL30*$EP$19)/(DN30*10.73*$EK$19) -> 2.1142136 | EW30: =EV30/67.0176 -> 0.03154714 | EX30: =EXP($ET$19*EW30^$EU$19) -> 1.0637459 | EY30: =$ES$19*10^-4*EX30 -> 0.013339574
C31: =E30 -> 909.63782 | D31: 516 | E31: =CL31 -> 944.80728 | F31: =D31-E31 -> -428.80728 | G31: =AVERAGE(C31,D31) -> 712.81891 | I31: =Sheet10!K30 -> 964.87306 | K31: =G31 -> 712.81891 | O31: =(($O$8*K31^1.0937)/27.64)*10^(11.172*$N$19) -> 108.28433 | R31: =$W$6*EXP($W$9*(1697-G31)) -> 1.2259083 | S31: =0.0283*AT31*($M$19)/K31 -> 0.022857218 | T31: =$O$3*($O$4+R31) -> 122.59083 | U31: =T31*5.615 -> 688.34749 | V31: =IF($O$5>0,S31*($O$10-O31)*$O$3,0) -> 323.92259 | W31: =$Y$15+$Z$14*(O31-$X$15) -> 0.79917157 | X31: =$W$7 -> 48.33 | Y31: =R31/$W$6 -> 1.0215902 | Z31: =X31*Y31 -> 49.373455 | AA31: =($O$4*$S$6)+(R31*Z31) -> 60.527327 | AB31: =$O$4+R31 -> 1.2259083 | AC31: =AA31/AB31 -> 49.373455 | AH31: =10.715*(O31+100)^-0.515 -> 0.6853052 | AI31: =5.44*(O31+150)^-0.338 -> 0.83235723 | AJ31: =AH31*$AG$19^AI31 -> 2.7443708 | AK31: =(($O$4*$S$6)/($O$4*$S$6+R31*Z31))*$S$7 -> 0 | AL31: =((R31*Z31)/($O$4*$S$6+R31*Z31))*AJ31 -> 2.7443708 | AM31: =AK31+AL31 -> 2.7443708 | AN31: =(($O$4*$S$6)/($O$4*$S$6+R31*Z31))*$S$8 -> 0 | AO31: =((R31*Z31)/($O$4*$S$6+R31*Z31))*$S$4 -> 30 | AP31: =AN31+AO31 -> 30 | AR31: =CT31 -> 1.068694 | AT31: =EH31 -> 0.92859096 | AV31: =(U31)*(1/86400)/$S$10 -> 0.36517883 | AW31: =(V31)*(1/86400)/$S$10 -> 0.17184587 | AX31: =AV31+AW31 -> 0.5370247 | AY31: =AV31/AX31 -> 0.68000379 | AZ31: =1-AY31 -> 0.31999621 | BA31: =1.071-(0.2218*((AX31^2)/($S$9))) -> 0.68720322 | BB31: =IF(BA31<0.13,0.13,BA31) -> 0.68720322 | BC31: =1.938*AV31*(AC31/AP31)^(1/4) -> 0.80159027 | BD31: =1.938*AW31*(AC31/AP31)^(1/4) -> 0.37721238 | BE31: =120.872*$S$9*SQRT(AC31/AP31) -> 25.844051 | BF31: =0.15726*AM31*(1/(AC31*AP31^3))^(1/4) -> 0.012701258 | BG31: =0.0019+0.0322*BF31-0.6642*BF31^2+4.9951*BF31^3 -> 0.0022120654 | BH31: =1-10.0147*BF31+33.8696*BF31^2+277.2817*BF31^3 -> 0.87883277 | BI31: =BG31/BH31 -> 0.0025170493 | BJ31: =BC31*($K$19^0.1)*BI31 -> 0.0037670709 | BK31: =(BD31^0.575)*(14.7^0.1)*BE31 -> 19.303197 | BL31: =BJ31/BK31 -> 0.00019515269 | BM31: =(0.0047+1123.32*BL31+729489.64*BL31^2) -> 0.25170122 | BN31: =(1+1097.1566*BL31+722153.97*BL31^2) -> 1.241616 | BO31: =SQRT(BM31/BN31) -> 0.45024512 | BP31: =(BD31*BF31^0.38)/BE31^2.14 -> 6.8170431e-05 | BQ31: =1.0886-69.9473*BP31+2334.3497*BP31^2-12896.683*BP31^3 -> 1.0838425 | BR31: =1-53.4401*BP31+1517.9369*BP31^2-8419.8115*BP31^3 -> 0.99636402 | BS31: =BQ31/BR31 -> 1.0877977 | BT31: =IF(V31<=0,1,(BO31*BS31)) -> 0.48977562 | BU31: =IF(V31>1,BO31*BS31,1) -> 0.48977562 | BV31: =IF($O$5=0,1,BU31) -> 0.48977562 | BW31: =AC31*AV31 -> 18.030141 | BX31: =EV31*AW31 -> 0.37308435 | BY31: =$S$10*(BW31+BX31)*86400 -> 34689.343 | BZ31: =(AM31^BT31)*EY31^(1-BT31) -> 0.18139057 | CA31: =2.2*10^-2*BY31/BZ31/$S$9 -> 25243.833 | CB31: =$CC$16/3.7065 -> 0.00016187778 | CC31: =5.0452/CA31 -> 0.00019985871 | CD31: =LOG(($CC$16^1.1098/2.8257)+(7.149/CA31)^0.8981) -> -3.1277904 | CE31: =-4*LOG(CB31-(CC31*CD31)) -> 12.416114 | CF31: =1/CE31^2 -> 0.0064867713 | CG31: =BT31*AC31+(1-BT31)*EV31 -> 25.289632 | CH31: =CF31*BY31^2/($S$9)^5/CG31 -> 2.4001284e+09 | CI31: =(1/144)*(CG31+(CH31/74130000000)) -> 0.17584729 | CJ31: =CI31*$CJ$15 -> 35.169458 | CK31: =CK30+200 -> 2600 | CL31: =C31+CJ31 -> 944.80728 | CT31: =K31/$CR$19 -> 1.068694 | CU31: 0.8 | CV31: =0.27*CT31/CU31/$CS$19 -> 0.21757404 | CW31: =($CV$13+$CX$13/$CS$19+$CZ$13/$CS$19^3+$DB$13/$CS$19^4+$DD$13/$CS$19^5)*CV31 -> -0.095339202 | CX31: =($DF$13+$DH$13/$CS$19+$CV$14/$CS$19^2)*CV31^2 -> 0.0080742945 | CY31: =$CX$14*($DH$13/$CS$19+$CV$14/$CS$19^2)*CV31^5 -> -1.9407316e-05 | CZ31: =$CZ$14*(1+$DB$14*CV31^2)*(CV31^2/$CS$19^3) -> 0.0065913324 | DA31: =EXP(-$DB$14*CV31^2) -> 0.96644486 | DB31: =1+CW31+CX31-CY31+CZ31*DA31 -> 0.91912466 | DC31: =DB31-CU31 -> 0.11912466 | DD31: 0.85 | DE31: =0.27*CT31/DD31/$CS$19 -> 0.20477556 | DF31: =($CV$13+$CX$13/$CS$19+$CZ$13/$CS$19^3+$DB$13/$CS$19^4+$DD$13/$CS$19^5)*DE31 -> -0.089731013 | DG31: =($DF$13+$DH$13/$CS$19+$CV$14/$CS$19^2)*DE31^2 -> 0.0071523162 | DH31: =$CX$14*($DH$13/$CS$19+$CV$14/$CS$19^2)*DE31^5 -> -1.4332462e-05 | DI31: =$CZ$14*(1+$DB$14*DE31^2)*DE31^2/$CS$19^3 -> 0.0058166847 | DJ31: =EXP(-$DB$14*DE31^2) -> 0.97021875 | DK31: =1+DF31+DG31-DH31+DI31*DJ31 -> 0.92307909 | DL31: =DK31-DD31 -> 0.073079092 | DM31: =(DL31-DC31)/(DD31-CU31) -> -0.92091135 | DN31: =CU31-DC31/DM31 -> 0.92935519 | DO31: =DD31 -> 0.85 | DP31: =0.27*CT31/DO31/$CS$19 -> 0.20477556 | DQ31: =($CV$13+$CX$13/$CS$19+$CZ$13/$CS$19^3+$DB$13/$CS$19^4+$DD$13/$CS$19^5)*DP31 -> -0.089731013 | DR31: =($DF$13+$DH$13/$CS$19+$CV$14/$CS$19^2)*DP31^2 -> 0.0071523162 | DS31: =$CX$14*($DH$13/$CS$19+$CV$14/$CS$19^2)*DP31^5 -> -1.4332462e-05 | DT31: =$CZ$14*(1+$DB$14*DP31^2)*(DP31^2/$CS$19^3) -> 0.0058166847 | DU31: =EXP(-$DB$14*DP31^2) -> 0.97021875 | DV31: =1+DQ31+DR31-DS31+DT31*DU31 -> 0.92307909 | DW31: =DV31-DO31 -> 0.073079092 | DX31: =DN31 -> 0.92935519 | DY31: =0.27*CT31/DX31/$CS$19 -> 0.18729032 | DZ31: =($CV$13+$CX$13/$CS$19+$CZ$13/$CS$19^3+$DB$13/$CS$19^4+$DD$13/$CS$19^5)*DY31 -> -0.082069119 | EA31: =($DF$13+$DH$13/$CS$19+$CV$14/$CS$19^2)*DY31^2 -> 0.005983029 | EB31: =$CX$14*($DH$13/$CS$19+$CV$14/$CS$19^2)*DY31^5 -> -9.1729026e-06 | EC31: =$CZ$14*(1+$DB$14*DY31^2)*DY31^2/$CS$19^3 -> 0.0048424072 | ED31: =EXP(-$DB$14*DY31^2) -> 0.97502614 | EE31: =1+DZ31+EA31-EB31+EC31*ED31 -> 0.92864456 | EF31: =EE31-DX31 -> -0.00071062992 | EG31: =(EF31-DW31)/(DX31-DO31) -> -0.9298664 | EH31: =DO31-DW31/EG31 -> 0.92859096 | EL31: =K31 -> 712.81891 | EV31: =(EL31*$EP$19)/(DN31*10.73*$EK$19) -> 2.1710405 | EW31: =EV31/67.0176 -> 0.03239508 | EX31: =EXP($ET$19*EW31^$EU$19) -> 1.0660257 | EY31: =$ES$19*10^-4*EX31 -> 0.013368164
... C58: =E57 -> 2017.5535 | D58: 518.7 | E58: =CL58 -> 2067.4234 | F58: =D58-E58 -> -1548.7234 | G58: =AVERAGE(C58,D58) -> 1268.1267 | I58: =Sheet10!K57 -> 2582.792 | K58: =G58 -> 1268.1267 | O58: =(($O$8*K58^1.0937)/27.64)*10^(11.172*$N$19) -> 203.32522 | R58: =$W$6*EXP($W$9*(1697-G58)) -> 1.211222 | S58: =0.0283*AT58*($M$19)/K58 -> 0.012232745 | T58: =$O$3*($O$4+R58) -> 121.1222 | U58: =T58*5.615 -> 680.10113 | V58: =IF($O$5>0,S58*($O$10-O58)*$O$3,0) -> 57.096074 | W58: =$Y$15+$Z$14*(O58-$X$15) -> 0.78966748 | X58: =$W$7 -> 48.33 | Y58: =R58/$W$6 -> 1.0093516 | Z58: =X58*Y58 -> 48.781964 | AA58: =($O$4*$S$6)+(R58*Z58) -> 59.085786 | AB58: =$O$4+R58 -> 1.211222 | AC58: =AA58/AB58 -> 48.781964 | AH58: =10.715*(O58+100)^-0.515 -> 0.56468895 | AI58: =5.44*(O58+150)^-0.338 -> 0.74871386 | AJ58: =AH58*$AG$19^AI58 -> 1.9670576 | AK58: =(($O$4*$S$6)/($O$4*$S$6+R58*Z58))*$S$7 -> 0 | AL58: =((R58*Z58)/($O$4*$S$6+R58*Z58))*AJ58 -> 1.9670576 | AM58: =AK58+AL58 -> 1.9670576 | AN58: =(($O$4*$S$6)/($O$4*$S$6+R58*Z58))*$S$8 -> 0 | AO58: =((R58*Z58)/($O$4*$S$6+R58*Z58))*$S$4 -> 30 | AP58: =AN58+AO58 -> 30 | AR58: =CT58 -> 1.9012395 | AT58: =EH58 -> 0.88411439 | AV58: =(U58)*(1/86400)/$S$10 -> 0.36080401 | AW58: =(V58)*(1/86400)/$S$10 -> 0.030290337 | AX58: =AV58+AW58 -> 0.39109435 | AY58: =AV58/AX58 -> 0.9225498 | AZ58: =1-AY58 -> 0.077450205 | BA58: =1.071-(0.2218*((AX58^2)/($S$9))) -> 0.86744777 | BB58: =IF(BA58<0.13,0.13,BA58) -> 0.86744777 | BC58: =1.938*AV58*(AC58/AP58)^(1/4) -> 0.78960454 | BD58: =1.938*AW58*(AC58/AP58)^(1/4) -> 0.066289141 | BE58: =120.872*$S$9*SQRT(AC58/AP58) -> 25.68878 | BF58: =0.15726*AM58*(1/(AC58*AP58^3))^(1/4) -> 0.0091312363 | BG58: =0.0019+0.0322*BF58-0.6642*BF58^2+4.9951*BF58^3 -> 0.0021424482 | BH58: =1-10.0147*BF58+33.8696*BF58^2+277.2817*BF58^3 -> 0.91158855 | BI58: =BG58/BH58 -> 0.002350236 | BJ58: =BC58*($K$19^0.1)*BI58 -> 0.0034648205 | BK58: =(BD58^0.575)*(14.7^0.1)*BE58 -> 7.059998 | BL58: =BJ58/BK58 -> 0.00049076792 | BM58: =(0.0047+1123.32*BL58+729489.64*BL58^2) -> 0.7316893 | BN58: =(1+1097.1566*BL58+722153.97*BL58^2) -> 1.7123823 | BO58: =SQRT(BM58/BN58) -> 0.65367667 | BP58: =(BD58*BF58^0.38)/BE58^2.14 -> 1.0705146e-05 | BQ58: =1.0886-69.9473*BP58+2334.3497*BP58^2-12896.683*BP58^3 -> 1.0878515 | BR58: =1-53.4401*BP58+1517.9369*BP58^2-8419.8115*BP58^3 -> 0.99942809 | BS58: =BQ58/BR58 -> 1.088474 | BT58: =IF(V58<=0,1,(BO58*BS58)) -> 0.71151004 | BU58: =IF(V58>1,BO58*BS58,1) -> 0.71151004 | BV58: =IF($O$5=0,1,BU58) -> 0.71151004 | BW58: =AC58*AV58 -> 17.600728 | BX58: =EV58*AW58 -> 0.12295667 | BY58: =$S$10*(BW58+BX58)*86400 -> 33408.437 | BZ58: =(AM58^BT58)*EY58^(1-BT58) -> 0.47678826 | CA58: =2.2*10^-2*BY58/BZ58/$S$9 -> 9249.2078 | CB58: =$CC$16/3.7065 -> 0.00016187778 | CC58: =5.0452/CA58 -> 0.00054547374 | CD58: =LOG(($CC$16^1.1098/2.8257)+(7.149/CA58)^0.8981) -> -2.7700217 | CE58: =-4*LOG(CB58-(CC58*CD58)) -> 11.10617 | CF58: =1/CE58^2 -> 0.0081072089 | CG58: =BT58*AC58+(1-BT58)*EV58 -> 35.879916 | CH58: =CF58*BY58^2/($S$9)^5/CG58 -> 1.9610493e+09 | CI58: =(1/144)*(CG58+(CH58/74130000000)) -> 0.24934979 | CJ58: =CI58*$CJ$15 -> 49.869959 | CK58: =CK57+200 -> 8000 | CL58: =C58+CJ58 -> 2067.4234 | CT58: =K58/$CR$19 -> 1.9012395 | CU58: 0.8 | CV58: =0.27*CT58/CU58/$CS$19 -> 0.38707089 | CW58: =($CV$13+$CX$13/$CS$19+$CZ$13/$CS$19^3+$DB$13/$CS$19^4+$DD$13/$CS$19^5)*CV58 -> -0.16961137 | CX58: =($DF$13+$DH$13/$CS$19+$CV$14/$CS$19^2)*CV58^2 -> 0.02555474 | CY58: =$CX$14*($DH$13/$CS$19+$CV$14/$CS$19^2)*CV58^5 -> -0.00034584595 | CZ58: =$CZ$14*(1+$DB$14*CV58^2)*(CV58^2/$CS$19^3) -> 0.022351842 | DA58: =EXP(-$DB$14*CV58^2) -> 0.89760694 | DB58: =1+CW58+CX58-CY58+CZ58*DA58 -> 0.87635239 | DC58: =DB58-CU58 -> 0.076352388 | DD58: 0.85 | DE58: =0.27*CT58/DD58/$CS$19 -> 0.36430201 | DF58: =($CV$13+$CX$13/$CS$19+$CZ$13/$CS$19^3+$DB$13/$CS$19^4+$DD$13/$CS$19^5)*DE58 -> -0.15963423 | DG58: =($DF$13+$DH$13/$CS$19+$CV$14/$CS$19^2)*DE58^2 -> 0.022636725 | DH58: =$CX$14*($DH$13/$CS$19+$CV$14/$CS$19^2)*DE58^5 -> -0.00025541006 | DI58: =$CZ$14*(1+$DB$14*DE58^2)*DE58^2/$CS$19^3 -> 0.019579141 | DJ58: =EXP(-$DB$14*DE58^2) -> 0.90874731 | DK58: =1+DF58+DG58-DH58+DI58*DJ58 -> 0.8810504 | DL58: =DK58-DD58 -> 0.031050399 | DM58: =(DL58-DC58)/(DD58-CU58) -> -0.90603976 | DN58: =CU58-DC58/DM58 -> 0.88427046 | DO58: =DD58 -> 0.85 | DP58: =0.27*CT58/DO58/$CS$19 -> 0.36430201 | DQ58: =($CV$13+$CX$13/$CS$19+$CZ$13/$CS$19^3+$DB$13/$CS$19^4+$DD$13/$CS$19^5)*DP58 -> -0.15963423 | DR58: =($DF$13+$DH$13/$CS$19+$CV$14/$CS$19^2)*DP58^2 -> 0.022636725 | DS58: =$CX$14*($DH$13/$CS$19+$CV$14/$CS$19^2)*DP58^5 -> -0.00025541006 | DT58: =$CZ$14*(1+$DB$14*DP58^2)*(DP58^2/$CS$19^3) -> 0.019579141 | DU58: =EXP(-$DB$14*DP58^2) -> 0.90874731 | DV58: =1+DQ58+DR58-DS58+DT58*DU58 -> 0.8810504 | DW58: =DV58-DO58 -> 0.031050399 | DX58: =DN58 -> 0.88427046 | DY58: =0.27*CT58/DX58/$CS$19 -> 0.35018326 | DZ58: =($CV$13+$CX$13/$CS$19+$CZ$13/$CS$19^3+$DB$13/$CS$19^4+$DD$13/$CS$19^5)*DY58 -> -0.1534475 | EA58: =($DF$13+$DH$13/$CS$19+$CV$14/$CS$19^2)*DY58^2 -> 0.020916124 | EB58: =$CX$14*($DH$13/$CS$19+$CV$14/$CS$19^2)*DY58^5 -> -0.00020960761 | EC58: =$CZ$14*(1+$DB$14*DY58^2)*DY58^2/$CS$19^3 -> 0.017970857 | ED58: =EXP(-$DB$14*DY58^2) -> 0.9153809 | EE58: =1+DZ58+EA58-EB58+EC58*ED58 -> 0.88412841 | EF58: =EE58-DX58 -> -0.00014205109 | EG58: =(EF58-DW58)/(DX58-DO58) -> -0.91018476 | EH58: =DO58-DW58/EG58 -> 0.88411439 | EL58: =K58 -> 1268.1267 | EV58: =(EL58*$EP$19)/(DN58*10.73*$EK$19) -> 4.0592704 | EW58: =EV58/67.0176 -> 0.060570214 | EX58: =EXP($ET$19*EW58^$EU$19) -> 1.1535043 | EY58: =$ES$19*10^-4*EX58 -> 0.014465162

Sheet Sheet2
Q3: q0 | R3: =Sheet1!O3 -> 100 | S3: STB/d | U3: qw | V3: =Sheet1!S3 -> 0 | W3: STB water/STB | Y3: At Bubble Point
Q4: WOR | R4: =Sheet1!O4 -> 0 | S4: STB Water/STB | U4: s oil | V4: =Sheet1!S4 -> 30 | W4: dyne/cm | Y4: Rs | Z4: 250 | AA4: scf/STB
Q5: GLR | R5: =Sheet1!O5 -> 250 | S5: scf/STB | U5: g w | V5: =Sheet1!S5 -> 1.074 | Y5: Pb | Z5: 1697 | AA5: Psi
Q6: g g | R6: =Sheet1!O6 -> 0.65 | U6: r w | V6: =Sheet1!S6 -> 67.0176 | W6: lbm/ft3 | Y6: Bob | Z6: 1.2 | AA6: res bbl/STB
Q7: Psep | R7: =Sheet1!O7 -> 100 | S7: psig | U7: m w | V7: =Sheet1!S7 -> 1 | W7: cp | Y7: rob | Z7: 48.33 | AA7: lbm/ft3
Q8: g sep | R8: =Sheet1!O8 -> 0.71 | U8: sw | V8: =Sheet1!S8 -> 72 | W8: dyne/cm
Q9: g l | R9: =Sheet1!O9 -> 28 | S9: 0API | U9: D | V9: =Sheet1!S9 -> 0.16666667 | W9: ft | Y9: C0 | Z9: =Sheet1!W9 -> 2.1703786e-05
Q10: GOR | R10: =Sheet1!O10 -> 250 | S10: scf/STB | U10: Area | V10: =Sheet1!S10 -> 0.021816667 | W10: ft2
Q11: ql | R11: =Sheet1!O11 -> 100 | S11: STB/d | U11: P | V11: =Sheet1!S11 -> 5651 | W11: Psi
Q12: qg | R12: =Sheet1!O12 -> 25000 | S12: scf/d | Y12: Rs | Z12: g gd | AA12: slope | CV12: A1 | CW12: 0.3265 | CX12: A2 | CY12: -1.07 | CZ12: A3 | DA12: =-0.5339 -> -0.5339 | DB12: A4 | DC12: =0.01569 -> 0.01569 | DD12: A5 | DE12: =-0.05165 -> -0.05165 | DF12: A6 | DG12: 0.5475 | DH12: A7 | DI12: -0.7361
Y13: 1400 | Z13: =Sheet1!Y14 -> 0.67 | AA13: =SLOPE(Z13:Z14,Y13:Y14) -> -0.0001 | CV13: A8 | CW13: =0.1844 -> 0.1844 | CX13: A9 | CY13: =0.1056 -> 0.1056 | CZ13: A10 | DA13: =0.6134 -> 0.6134 | DB13: A11 | DC13: 0.721
Y14: 0 | Z14: =Sheet1!Y15 -> 0.81 | AS14: From DAK | CJ14: DL | CK14: =Sheet1!CJ15 -> 200 | CL14: ft | CP14: DAK Correlation | EK14: LGE Correlation
CC15: e | CD15: 0.0006 | CE15: (assumed) | FB15: From Graph
P16: Const. T | R16: Const. T | X16: from fig:3.4 | BU16: For qg=0 or <1 | BV16: For yl >1 | BW16: For GLR=0 | FB16: GLR=400 | FE16: GLR=0
C17: P (psia) | D17: P (assumed) | E17: P (output) | F17: Err | G17: P (assumed in sheet 1) | H17: Err(sheet 1) | I17: Slope | J17: P (Output) | K17: p(avg) | M17: P (avg) | N17: T0F (const.) | O17: T0 R (const.) | P17: A | Q17: Rs (scf/STB) | R17: F | S17: B0 (res bbl/STB) | T17: Bg (res ft3/SCF) | U17: ql (res bbl/d) | V17: ql (res ft3/d) | W17: qg (res ft3/d) | X17: γgd | Y17: ρ0 (part1) | Z17: ρ0 (part 2) | AA17: ρ0 (lb / ft3) | AB17: ρl (part 1) | AC17: ρl (part 2) | AD17: ρl (lbm/ft3) | AE17: C | AF17: B | AG17: A | AH17: m od | AI17: a | AJ17: b | AK17: m o (cp) | AL17: Weight 1 | AM17: Weight 2 | AN17: ml (cp) | AO17: weight 1 | AP17: weight 2 | AQ17: s l (dyne/cm) | AS17: Ppr | AT17: Tpr | AU17: Z | AW17: usl (ft/s) | AX17: usg (ft/s) | AY17: um (ft/s) | AZ17: l l | BA17: l g | BB17: LB | BC17: LB(final) | BD17: Nvl | BE17: Nvg | BF17: ND | BG17: NL | BH17: CNL(1) | BI17: CNL(2) | BJ17: CNL | BK17: H(1) | BL17: H(2) | BM17: H | BN17: y1/(1) | BO17: y1/(2) | BP17: y1/ | BQ17: B | BR17: (1) | BS17: (2) | BT17:  | BU17: yl | BV17: yl | BW17: yl | BX17: m(1) | BY17: m(2) | BZ17: m (lbm/d) | CA17: m m | CB17: Nre | CC17: f(1) | CD17: f(2) | CE17: f(3) | CF17: 1/sqrt(f) | CG17: f | CH17: r(avg) | CI17: fm2/D5rho | CJ17: dp/dl | CK17: DP | CL17: L | CM17: P (psi) | CP17: T (0F) | CQ17: T (0R) | CR17: Tc (0R) | CS17: Pc | CT17: Tpr | CU17: Ppr | CV17: Z | CW17: ρpr | CX17: Part 1 | CY17: Part 2 | CZ17: Part 3 | DA17: Part 4 | DB17: Part 5 | DC17: Z(1) | DD17: Err(1) | DE17: Z | DF17: ρpr | DG17: Part 1 | DH17: Part 2 | DI17: Part 3 | DJ17: Part 4 | DK17: Part 5 | DL17: Z(2) | DM17: Err(2) | DN17: Slope | DO17: Z | DP17: Z | DQ17: ρpr | DR17: Part 1 | DS17: Part 2 | DT17: Part 3 | DU17: Part 4 | DV17: Part 5 | DW17: Z(1) | DX17: Err(1) | DY17: Z | DZ17: ρpr | EA17: Part 1 | EB17: Part 2 | EC17: Part 3 | ED17: Part 4 | EE17: Part 5 | EF17: Z(2) | EG17: Err(2) | EH17: Slope | EI17: Z | EK17: T (0F) | EL17: T (0R) | EM17: P (psi) | EN17: Tc (0R) | EO17: Pc (psi) | EP17: γg | EQ17: MW | ER17: A1 | ES17: A2 | ET17: A | EU17: B | EV17: C | EW17: ρg (lbm/ft3) | EX17: ρg (g/cm3) | EY17: EXP(Bρgc) | EZ17: µg (cp) | FB17: Pressure | FC17: Depth | FE17: Pressure | FF17: Depth
C18: =Sheet1!C19 -> 514.7 | D18: 545 | E18: =CM18 -> 546.12201 | F18: =D18-E18 -> -1.1220097 | G18: =Sheet1!D19 -> 514.8 | H18: =Sheet1!F19 -> -30.966015 | I18: =ABS((F18-H18)/(D18-G18)) -> 0.98821211 | J18: =D18-F18*(1/I18) -> 546.13539 | K18: =AVERAGE(C18,D18) -> 529.85 | M18: =K18 -> 529.85 | N18: 160 | O18: =460+N18 -> 620 | P18: =$R$9/($N$18+460) -> 0.04516129 | Q18: =(($R$8*K18^1.0937)/27.64)*10^(11.172*$P$18) -> 78.283154 | R18: =($N$18-60)*($R$9/$R$8) -> 3943.662 | S18: =$Z$6*EXP($Z$9*(1697-M18)) -> 1.2307862 | T18: =0.0283*AU18*($O$18)/M18 -> 0.031319005 | U18: =$R$3*($R$4+S18) -> 123.07862 | V18: =U18*5.615 -> 691.08644 | W18: =IF($R$5>0,T18*($R$10-Q18)*$R$3,0) -> 537.80008 | X18: =$Z$14+$AA$13*(Q18-$Y$14) -> 0.80217168 | Y18: =$Z$7 -> 48.33 | Z18: =S18/$Z$6 -> 1.0256551 | AA18: =Y18*Z18 -> 49.569913 | AB18: =($V$6*$R$4)+(S18*AA18) -> 61.009964 | AC18: =$R$4+S18 -> 1.2307862 | AD18: =AB18/AC18 -> 49.569913 | AE18: =3.0324-0.02023*$R$9 -> 2.46596 | AF18: =10^$AE$18 -> 292.38831 | AG18: =$AF$18*$N$18^-1.163 -> 0.79903989 | AH18: =10^$AG$18-1 -> 5.29564 | AI18: =10.715*(Q18+100)^-0.515 -> 0.74245539 | AJ18: =5.44*(Q18+150)^-0.338 -> 0.86783015 | AK18: =AI18*$AH$18^AJ18 -> 3.1543409 | AL18: =(($R$4*$V$6)/($R$4*$V$6+S18*AA18))*$V$7 -> 0 | AM18: =((S18*AA18)/($R$4*$V$6+S18*AA18))*AK18 -> 3.1543409 | AN18: =AL18+AM18 -> 3.1543409 | AO18: =(($R$4*$V$6)/($R$4*$V$6+S18*AA18))*$V$8 -> 0 | AP18: =((S18*AA18)/($R$4*$V$6+S18*AA18))*$V$4 -> 30 | AQ18: =AO18+AP18 -> 30 | AS18: =CU18 -> 0.79437781 | AT18: =CT18 -> 1.657754 | AU18: =EI18 -> 0.94576399 | AW18: =(V18)*(1/86400)/$V$10 -> 0.36663188 | AX18: =(W18)*(1/86400)/$V$10 -> 0.28531114 | AY18: =AW18+AX18 -> 0.65194302 | AZ18: =AW18/AY18 -> 0.56236799 | BA18: =1-AZ18 -> 0.43763201 | BB18: =1.071-(0.2218*((AY18^2)/($V$9))) -> 0.50537047 | BC18: =IF(BB18<0.13,0.13,BB18) -> 0.50537047 | BD18: =1.938*AW18*(AD18/AQ18)^(1/4) -> 0.80557917 | BE18: =1.938*AX18*(AD18/AQ18)^(1/4) -> 0.62689777 | BF18: =120.872*$V$9*SQRT(AD18/AQ18) -> 25.895417 | BG18: =0.15726*AN18*(1/(AD18*AQ18^3))^(1/4) -> 0.01458416 | BH18: =0.0019+0.0322*BG18-0.6642*BG18^2+4.9951*BG18^3 -> 0.002243831 | BI18: =1-10.0147*BG18+33.8696*BG18^2+277.2817*BG18^3 -> 0.86200813 | BJ18: =BH18/BI18 -> 0.0026030277 | BK18: =BD18*($M$18^0.1)*BJ18 -> 0.0039264702 | BL18: =(BE18^0.575)*(14.7^0.1)*BF18 -> 25.902564 | BM18: =BK18/BL18 -> 0.00015158616 | BN18: =(0.0047+1123.32*BM18+729489.64*BM18^2) -> 0.19174224 | BO18: =(1+1097.1566*BM18+722153.97*BM18^2) -> 1.1829077 | BP18: =SQRT(BN18/BO18) -> 0.402609 | BQ18: =(BE18*BG18^0.38)/BF18^2.14 -> 0.00011889802 | BR18: =1.0886-69.9473*BQ18+2334.3497*BQ18^2-12896.683*BQ18^3 -> 1.0803164 | BS18: =1-53.4401*BQ18+1517.9369*BQ18^2-8419.8115*BQ18^3 -> 0.99366752 | BT18: =BR18/BS18 -> 1.0872011 | BU18: =IF(W18<=0,1,(BP18*BT18)) -> 0.43771693 | BV18: =IF(W18>1,BP18*BT18,1) -> 0.43771693 | BW18: =IF($R$5=0,1,BV18) -> 0.43771693 | BX18: =AD18*AW18 -> 18.173911 | BY18: =EW18*AX18 -> 0.45200472 | BZ18: =$V$10*(BX18+BY18)*86400 -> 35109.105 | CA18: =(AN18^BU18)*EZ18^(1-BU18) -> 0.14438004 | CB18: =2.2*10^-2*BZ18/CA18/$V$9 -> 32098.634 | CC18: =$CD$15/3.7065 -> 0.00016187778 | CD18: =5.0452/CB18 -> 0.00015717803 | CE18: =LOG(($CD$15^1.1098/2.8257)+(7.149/CB18)^0.8981) -> -3.2084895 | CF18: =-4*LOG(CC18-(CD18*CE18)) -> 12.705629 | CG18: =1/CF18^2 -> 0.0061945202 | CH18: =BU18*AD18+(1-BU18)*EW18 -> 22.588388 | CI18: =CG18*BZ18^2/($V$9)^5/CH18 -> 2.6285619e+09 | CJ18: =(1/144)*(CH18+(CI18/74130000000)) -> 0.15711005 | CK18: =CJ18*$CK$14 -> 31.42201 | CL18: 200 | CM18: =C18+CK18 -> 546.12201 | CP18: =N18 -> 160 | CQ18: =CP18+460 -> 620 | CR18: 374 | CS18: 667 | CT18: =CQ18/CR18 -> 1.657754 | CU18: =M18/$CS$18 -> 0.79437781 | CV18: 0.8 | CW18: =0.27*CU18/CV18/$CT$18 -> 0.16172635 | CX18: =($CW$12+$CY$12/$CT$18+$DA$12/$CT$18^3+$DC$12/$CT$18^4+$DE$12/$CT$18^5)*CW18 -> -0.070867194 | CY18: =($DG$12+$DI$12/$CT$18+$CW$13/$CT$18^2)*CW18^2 -> 0.0044612036 | CZ18: =$CY$13*($DI$12/$CT$18+$CW$13/$CT$18^2)*CW18^5 -> -4.4038662e-06 | DA18: =$DA$13*(1+$DC$13*CW18^2)*(CW18^2/$CT$18^3) -> 0.0035880524 | DB18: =EXP(-$DC$13*CW18^2) -> 0.98131865 | DC18: =1+CX18+CY18-CZ18+DA18*DB18 -> 0.93711944 | DD18: =DC18-CV18 -> 0.13711944 | DE18: 0.85 | DF18: =0.27*CU18/DE18/$CT$18 -> 0.15221304 | DG18: =($CW$12+$CY$12/$CT$18+$DA$12/$CT$18^3+$DC$12/$CT$18^4+$DE$12/$CT$18^5)*DF18 -> -0.066698536 | DH18: =($DG$12+$DI$12/$CT$18+$CW$13/$CT$18^2)*DF18^2 -> 0.0039517928 | DI18: =$CY$13*($DI$12/$CT$18+$CW$13/$CT$18^2)*DF18^5 -> -3.2522912e-06 | DJ18: =$DA$13*(1+$DC$13*DF18^2)*DF18^2/$CT$18^3 -> 0.0031716266 | DK18: =EXP(-$DC$13*DF18^2) -> 0.98343404 | DL18: =1+DG18+DH18-DI18+DJ18*DK18 -> 0.9403756 | DM18: =DL18-DE18 -> 0.090375595 | DN18: =(DM18-DD18)/(DE18-CV18) -> -0.93487682 | DO18: =CV18-DD18/DN18 -> 0.94667113 | DP18: =DE18 -> 0.85 | DQ18: =0.27*CU18/DP18/$CT$18 -> 0.15221304 | DR18: =($CW$12+$CY$12/$CT$18+$DA$12/$CT$18^3+$DC$12/$CT$18^4+$DE$12/$CT$18^5)*DQ18 -> -0.066698536 | DS18: =($DG$12+$DI$12/$CT$18+$CW$13/$CT$18^2)*DQ18^2 -> 0.0039517928 | DT18: =$CY$13*($DI$12/$CT$18+$CW$13/$CT$18^2)*DQ18^5 -> -3.2522912e-06 | DU18: =$DA$13*(1+$DC$13*DQ18^2)*(DQ18^2/$CT$18^3) -> 0.0031716266 | DV18: =EXP(-$DC$13*DQ18^2) -> 0.98343404 | DW18: =1+DR18+DS18-DT18+DU18*DV18 -> 0.9403756 | DX18: =DW18-DP18 -> 0.090375595 | DY18: =DO18 -> 0.94667113 | DZ18: =0.27*CU18/DY18/$CT$18 -> 0.13666951 | EA18: =($CW$12+$CY$12/$CT$18+$DA$12/$CT$18^3+$DC$12/$CT$18^4+$DE$12/$CT$18^5)*DZ18 -> -0.059887488 | EB18: =($DG$12+$DI$12/$CT$18+$CW$13/$CT$18^2)*DZ18^2 -> 0.0031859118 | EC18: =$CY$13*($DI$12/$CT$18+$CW$13/$CT$18^2)*DZ18^5 -> -1.8979659e-06 | ED18: =$DA$13*(1+$DC$13*DZ18^2)*DZ18^2/$CT$18^3 -> 0.0025488045 | EE18: =EXP(-$DC$13*DZ18^2) -> 0.98662304 | EF18: =1+EA18+EB18-EC18+ED18*EE18 -> 0.94581503 | EG18: =EF18-DY18 -> -0.00085609461 | EH18: =(EG18-DX18)/(DY18-DP18) -> -0.94373256 | EI18: =DP18-DX18/EH18 -> 0.94576399 | EK18: =N18 -> 160 | EL18: =460+EK18 -> 620 | EM18: =M18 -> 529.85 | EN18: =CR18 -> 374 | EO18: =CS18 -> 667 | EP18: 0.65 | EQ18: =28.97*$EP$18 -> 18.8305 | ER18: =((9.379+0.01607*$EQ$18)*$EL$18^1.5) -> 149463.43 | ES18: =209.2+19.26*EQ18+EL18 -> 1191.8754 | ET18: =ER18/ES18 -> 125.40189 | EU18: =3.448+(986.4/EL18)+0.01009*EQ18 -> 5.2289675 | EV18: =2.447-0.2224*EU18 -> 1.2840776 | EW18: =(EM18*$EQ$18)/(DO18*10.73*$EL$18) -> 1.5842519 | EX18: =EW18/67.0176 -> 0.023639342 | EY18: =EXP($EU$18*EX18^$EV$18) -> 1.0435847 | EZ18: =$ET$18*10^-4*EY18 -> 0.01308675 | FB18: 84.5 | FC18: 38.9 | FE18: 108.5 | FF18: 20.1
C19: =E18 -> 546.12201 | D19: 546 | E19: =CM19 -> 577.88401 | F19: =D19-E19 -> -31.884008 | G19: =Sheet1!D20 -> 514.9 | H19: =Sheet1!F20 -> -62.260514 | I19: =ABS((F19-H19)/(D19-G19)) -> 0.97673654 | J19: =D19-F19*(1/I19) -> 578.64341 | K19: =AVERAGE(C19,D19) -> 546.061 | M19: =K19 -> 546.061 | Q19: =(($R$8*K19^1.0937)/27.64)*10^(11.172*$P$18) -> 80.906405 | S19: =$Z$6*EXP($Z$9*(1697-M19)) -> 1.2303532 | T19: =0.0283*AU19*($O$18)/M19 -> 0.030339077 | U19: =$R$3*($R$4+S19) -> 123.03532 | V19: =U19*5.615 -> 690.84333 | W19: =IF($R$5>0,T19*($R$10-Q19)*$R$3,0) -> 513.01435 | X19: =$Z$14+$AA$13*(Q19-$Y$14) -> 0.80190936 | Y19: =$Z$7 -> 48.33 | Z19: =S19/$Z$6 -> 1.0252943 | AA19: =Y19*Z19 -> 49.552475 | AB19: =($R$4*$V$6)+(S19*AA19) -> 60.967047 | AC19: =$R$4+S19 -> 1.2303532 | AD19: =AB19/AC19 -> 49.552475 | AI19: =10.715*(Q19+100)^-0.515 -> 0.73689124 | AJ19: =5.44*(Q19+150)^-0.338 -> 0.86448515 | AK19: =AI19*$AH$18^AJ19 -> 3.1132941 | AL19: =(($R$4*$V$6)/($R$4*$V$6+S19*AA19))*$V$7 -> 0 | AM19: =((S19*AA19)/($R$4*$V$6+S19*AA19))*AK19 -> 3.1132941 | AN19: =AL19+AM19 -> 3.1132941 | AO19: =(($R$4*$V$6)/($R$4*$V$6+S19*AA19))*$V$8 -> 0 | AP19: =((S19*AA19)/($R$4*$V$6+S19*AA19))*$V$4 -> 30 | AQ19: =AO19+AP19 -> 30 | AS19: =CU19 -> 0.81868217 | AU19: =EI19 -> 0.94420305 | AW19: =(V19)*(1/86400)/$V$10 -> 0.36650291 | AX19: =(W19)*(1/86400)/$V$10 -> 0.27216193 | AY19: =AW19+AX19 -> 0.63866484 | AZ19: =AW19/AY19 -> 0.57385797 | BA19: =1-AZ19 -> 0.42614203 | BB19: =1.071-(0.2218*((AY19^2)/($V$9))) -> 0.52817629 | BC19: =IF(BB19<0.13,0.13,BB19) -> 0.52817629 | BD19: =1.938*AW19*(AD19/AQ19)^(1/4) -> 0.80522496 | BE19: =1.938*AX19*(AD19/AQ19)^(1/4) -> 0.59795317 | BF19: =120.872*$V$9*SQRT(AD19/AQ19) -> 25.890862 | BG19: =0.15726*AN19*(1/(AD19*AQ19^3))^(1/4) -> 0.014395645 | BH19: =0.0019+0.0322*BG19-0.6642*BG19^2+4.9951*BG19^3 -> 0.0022407963 | BI19: =1-10.0147*BG19+33.8696*BG19^2+277.2817*BG19^3 -> 0.86367809 | BJ19: =BH19/BI19 -> 0.0025944809 | BK19: =BD19*($M$18^0.1)*BJ19 -> 0.0039118573 | BL19: =(BE19^0.575)*(14.7^0.1)*BF19 -> 25.203559 | BM19: =BK19/BL19 -> 0.00015521051 | BN19: =(0.0047+1123.32*BM19+729489.64*BM19^2) -> 0.1966247 | BO19: =(1+1097.1566*BM19+722153.97*BM19^2) -> 1.1876871 | BP19: =SQRT(BN19/BO19) -> 0.40688156 | BQ19: =(BE19*BG19^0.38)/BF19^2.14 -> 0.00011289156 | BR19: =1.0886-69.9473*BQ19+2334.3497*BQ19^2-12896.683*BQ19^3 -> 1.0807333 | BS19: =1-53.4401*BQ19+1517.9369*BQ19^2-8419.8115*BQ19^3 -> 0.9939864 | BT19: =BR19/BS19 -> 1.0872717 | BU19: =IF(W19<=0,1,(BP19*BT19)) -> 0.4423908 | BV19: =IF(W19>1,BP19*BT19,1) -> 0.4423908 | BW19: =IF($R$5=0,1,BV19) -> 0.4423908 | BX19: =AD19*AW19 -> 18.161127 | BY19: =EW19*AX19 -> 0.44510246 | BZ19: =$V$10*(BX19+BY19)*86400 -> 35071.997 | CA19: =(AN19^BU19)*EZ19^(1-BU19) -> 0.14741941 | CB19: =2.2*10^-2*BZ19/CA19/$V$9 -> 31403.624 | CC19: =$CD$15/3.7065 -> 0.00016187778 | CD19: =5.0452/CB19 -> 0.00016065662 | CE19: =LOG(($CD$15^1.1098/2.8257)+(7.149/CB19)^0.8981) -> -3.2012382 | CF19: =-4*LOG(CC19-(CD19*CE19)) -> 12.679756 | CG19: =1/CF19^2 -> 0.0062198255 | CH19: =BU19*AD19+(1-BU19)*EW19 -> 22.833492 | CI19: =CG19*BZ19^2/($V$9)^5/CH19 -> 2.6054523e+09 | CJ19: =(1/144)*(CH19+(CI19/74130000000)) -> 0.15880999 | CK19: =CJ19*$CK$14 -> 31.761998 | CL19: =CL18+200 -> 400 | CM19: =C19+CK19 -> 577.88401 | CU19: =M19/$CS$18 -> 0.81868217 | CV19: 0.8 | CW19: =0.27*CU19/CV19/$CT$18 -> 0.16667445 | CX19: =($CW$12+$CY$12/$CT$18+$DA$12/$CT$18^3+$DC$12/$CT$18^4+$DE$12/$CT$18^5)*CW19 -> -0.073035409 | CY19: =($DG$12+$DI$12/$CT$18+$CW$13/$CT$18^2)*CW19^2 -> 0.0047383648 | CZ19: =$CY$13*($DI$12/$CT$18+$CW$13/$CT$18^2)*CW19^5 -> -5.1200623e-06 | DA19: =$DA$13*(1+$DC$13*CW19^2)*(CW19^2/$CT$18^3) -> 0.0038153497 | DB19: =EXP(-$DC$13*CW19^2) -> 0.98016961 | DC19: =1+CX19+CY19-CZ19+DA19*DB19 -> 0.93544777 | DD19: =DC19-CV19 -> 0.13544777 | DE19: 0.85 | DF19: =0.27*CU19/DE19/$CT$18 -> 0.15687007 | DG19: =($CW$12+$CY$12/$CT$18+$DA$12/$CT$18^3+$DC$12/$CT$18^4+$DE$12/$CT$18^5)*DF19 -> -0.068739208 | DH19: =($DG$12+$DI$12/$CT$18+$CW$13/$CT$18^2)*DF19^2 -> 0.0041973058 | DI19: =$CY$13*($DI$12/$CT$18+$CW$13/$CT$18^2)*DF19^5 -> -3.7812078e-06 | DJ19: =$DA$13*(1+$DC$13*DF19^2)*DF19^2/$CT$18^3 -> 0.0033721089 | DK19: =EXP(-$DC$13*DF19^2) -> 0.98241395 | DL19: =1+DG19+DH19-DI19+DJ19*DK19 -> 0.93877469 | DM19: =DL19-DE19 -> 0.088774686 | DN19: =(DM19-DD19)/(DE19-CV19) -> -0.93346161 | DO19: =CV19-DD19/DN19 -> 0.94510266 | DP19: =DE19 -> 0.85 | DQ19: =0.27*CU19/DP19/$CT$18 -> 0.15687007 | DR19: =($CW$12+$CY$12/$CT$18+$DA$12/$CT$18^3+$DC$12/$CT$18^4+$DE$12/$CT$18^5)*DQ19 -> -0.068739208 | DS19: =($DG$12+$DI$12/$CT$18+$CW$13/$CT$18^2)*DQ19^2 -> 0.0041973058 | DT19: =$CY$13*($DI$12/$CT$18+$CW$13/$CT$18^2)*DQ19^5 -> -3.7812078e-06 | DU19: =$DA$13*(1+$DC$13*DQ19^2)*(DQ19^2/$CT$18^3) -> 0.0033721089 | DV19: =EXP(-$DC$13*DQ19^2) -> 0.98241395 | DW19: =1+DR19+DS19-DT19+DU19*DV19 -> 0.93877469 | DX19: =DW19-DP19 -> 0.088774686 | DY19: =DO19 -> 0.94510266 | DZ19: =0.27*CU19/DY19/$CT$18 -> 0.14108473 | EA19: =($CW$12+$CY$12/$CT$18+$DA$12/$CT$18^3+$DC$12/$CT$18^4+$DE$12/$CT$18^5)*DZ19 -> -0.061822201 | EB19: =($DG$12+$DI$12/$CT$18+$CW$13/$CT$18^2)*DZ19^2 -> 0.0033950837 | EC19: =$CY$13*($DI$12/$CT$18+$CW$13/$CT$18^2)*DZ19^5 -> -2.2250011e-06 | ED19: =$DA$13*(1+$DC$13*DZ19^2)*DZ19^2/$CT$18^3 -> 0.0027185166 | EE19: =EXP(-$DC$13*DZ19^2) -> 0.98575106 | EF19: =1+EA19+EB19-EC19+ED19*EE19 -> 0.94425489 | EG19: =EF19-DY19 -> -0.00084777599 | EH19: =(EG19-DX19)/(DY19-DP19) -> -0.94237593 | EI19: =DP19-DX19/EH19 -> 0.94420305 | EM19: =M19 -> 546.061 | EW19: =(EM19*$EQ$18)/(DO19*10.73*$EL$18) -> 1.6354325 | EX19: =EW19/67.0176 -> 0.02440303 | EY19: =EXP($EU$18*EX19^$EV$18) -> 1.0454417 | EZ19: =$ET$18*10^-4*EY19 -> 0.013110036 | FB19: 190.6 | FC19: 803.1 | FE19: 240 | FF19: 366
C20: =E19 -> 577.88401 | D20: 547 | E20: =CM20 -> 609.98774 | F20: =D20-E20 -> -62.98774 | G20: =Sheet1!D21 -> 515 | H20: =Sheet1!F21 -> -93.884966 | I20: =ABS((F20-H20)/(D20-G20)) -> 0.96553831 | J20: =D20-F20*(1/I20) -> 612.23588 | K20: =AVERAGE(C20,D20) -> 562.442 | M20: =K20 -> 562.442 | Q20: =(($R$8*K20^1.0937)/27.64)*10^(11.172*$P$18) -> 83.564588 | S20: =$Z$6*EXP($Z$9*(1697-M20)) -> 1.2299159 | T20: =0.0283*AU20*($O$18)/M20 -> 0.029406482 | U20: =$R$3*($R$4+S20) -> 122.99159 | V20: =U20*5.615 -> 690.59776 | W20: =IF($R$5>0,T20*($R$10-Q20)*$R$3,0) -> 489.42799 | X20: =$Z$14+$AA$13*(Q20-$Y$14) -> 0.80164354 | Y20: =$Z$7 -> 48.33 | Z20: =S20/$Z$6 -> 1.0249299 | AA20: =Y20*Z20 -> 49.534861 | AB20: =($R$4*$V$6)+(S20*AA20) -> 60.923711 | AC20: =$R$4+S20 -> 1.2299159 | AD20: =AB20/AC20 -> 49.534861 | AI20: =10.715*(Q20+100)^-0.515 -> 0.73137631 | AJ20: =5.44*(Q20+150)^-0.338 -> 0.86114708 | AK20: =AI20*$AH$18^AJ20 -> 3.0728486 | AL20: =(($R$4*$V$6)/($R$4*$V$6+S20*AA20))*$V$7 -> 0 | AM20: =((S20*AA20)/($R$4*$V$6+S20*AA20))*AK20 -> 3.0728486 | AN20: =AL20+AM20 -> 3.0728486 | AO20: =(($R$4*$V$6)/($R$4*$V$6+S20*AA20))*$V$8 -> 0 | AP20: =((S20*AA20)/($R$4*$V$6+S20*AA20))*$V$4 -> 30 | AQ20: =AO20+AP20 -> 30 | AS20: =CU20 -> 0.84324139 | AU20: =EI20 -> 0.9426331 | AW20: =(V20)*(1/86400)/$V$10 -> 0.36637263 | AX20: =(W20)*(1/86400)/$V$10 -> 0.259649 | AY20: =AW20+AX20 -> 0.62602164 | AZ20: =AW20/AY20 -> 0.58523957 | BA20: =1-AZ20 -> 0.41476043 | BB20: =1.071-(0.2218*((AY20^2)/($V$9))) -> 0.54945537 | BC20: =IF(BB20<0.13,0.13,BB20) -> 0.54945537 | BD20: =1.938*AW20*(AD20/AQ20)^(1/4) -> 0.80486718 | BE20: =1.938*AX20*(AD20/AQ20)^(1/4) -> 0.57041095 | BF20: =120.872*$V$9*SQRT(AD20/AQ20) -> 25.88626 | BG20: =0.15726*AN20*(1/(AD20*AQ20^3))^(1/4) -> 0.014209891 | BH20: =0.0019+0.0322*BG20-0.6642*BG20^2+4.9951*BG20^3 -> 0.0022377749 | BI20: =1-10.0147*BG20+33.8696*BG20^2+277.2817*BG20^3 -> 0.86532678 | BJ20: =BH20/BI20 -> 0.002586046 | BK20: =BD20*($M$18^0.1)*BJ20 -> 0.003897407 | BL20: =(BE20^0.575)*(14.7^0.1)*BF20 -> 24.525002 | BM20: =BK20/BL20 -> 0.00015891566 | BN20: =(0.0047+1123.32*BM20+729489.64*BM20^2) -> 0.20163581 | BO20: =(1+1097.1566*BM20+722153.97*BM20^2) -> 1.1925928 | BP20: =SQRT(BN20/BO20) -> 0.41118546 | BQ20: =(BE20*BG20^0.38)/BF20^2.14 -> 0.00010720228 | BR20: =1.0886-69.9473*BQ20+2334.3497*BQ20^2-12896.683*BQ20^3 -> 1.0811283 | BS20: =1-53.4401*BQ20+1517.9369*BQ20^2-8419.8115*BQ20^3 -> 0.99428853 | BT20: =BR20/BS20 -> 1.0873386 | BU20: =IF(W20<=0,1,(BP20*BT20)) -> 0.44709782 | BV20: =IF(W20>1,BP20*BT20,1) -> 0.44709782 | BW20: =IF($R$5=0,1,BV20) -> 0.44709782 | BX20: =AD20*AW20 -> 18.148217 | BY20: =EW20*AX20 -> 0.43810877 | BZ20: =$V$10*(BX20+BY20)*86400 -> 35034.481 | CA20: =(AN20^BU20)*EZ20^(1-BU20) -> 0.15053389 | CB20: =2.2*10^-2*BZ20/CA20/$V$9 -> 30721 | CC20: =$CD$15/3.7065 -> 0.00016187778 | CD20: =5.0452/CB20 -> 0.00016422642 | CE20: =LOG(($CD$15^1.1098/2.8257)+(7.149/CB20)^0.8981) -> -3.1939367 | CF20: =-4*LOG(CC20-(CD20*CE20)) -> 12.653674 | CG20: =1/CF20^2 -> 0.0062454926 | CH20: =BU20*AD20+(1-BU20)*EW20 -> 23.079847 | CI20: =CG20*BZ20^2/($V$9)^5/CH20 -> 2.5827444e+09 | CJ20: =(1/144)*(CH20+(CI20/74130000000)) -> 0.16051866 | CK20: =CJ20*$CK$14 -> 32.103732 | CL20: =CL19+200 -> 600 | CM20: =C20+CK20 -> 609.98774 | CU20: =M20/$CS$18 -> 0.84324139 | CV20: 0.8 | CW20: =0.27*CU20/CV20/$CT$18 -> 0.17167443 | CX20: =($CW$12+$CY$12/$CT$18+$DA$12/$CT$18^3+$DC$12/$CT$18^4+$DE$12/$CT$18^5)*CW20 -> -0.07522636 | CY20: =($DG$12+$DI$12/$CT$18+$CW$13/$CT$18^2)*CW20^2 -> 0.0050269163 | CZ20: =$CY$13*($DI$12/$CT$18+$CW$13/$CT$18^2)*CW20^5 -> -5.9355116e-06 | DA20: =$DA$13*(1+$DC$13*CW20^2)*(CW20^2/$CT$18^3) -> 0.0040525327 | DB20: =EXP(-$DC$13*CW20^2) -> 0.97897479 | DC20: =1+CX20+CY20-CZ20+DA20*DB20 -> 0.93377382 | DD20: =DC20-CV20 -> 0.13377382 | DE20: 0.85 | DF20: =0.27*CU20/DE20/$CT$18 -> 0.16157593 | DG20: =($CW$12+$CY$12/$CT$18+$DA$12/$CT$18^3+$DC$12/$CT$18^4+$DE$12/$CT$18^5)*DF20 -> -0.07080128 | DH20: =($DG$12+$DI$12/$CT$18+$CW$13/$CT$18^2)*DF20^2 -> 0.0044529086 | DI20: =$CY$13*($DI$12/$CT$18+$CW$13/$CT$18^2)*DF20^5 -> -4.3834238e-06 | DJ20: =$DA$13*(1+$DC$13*DF20^2)*DF20^2/$CT$18^3 -> 0.0035812577 | DK20: =EXP(-$DC$13*DF20^2) -> 0.98135306 | DL20: =1+DG20+DH20-DI20+DJ20*DK20 -> 0.93717049 | DM20: =DL20-DE20 -> 0.087170491 | DN20: =(DM20-DD20)/(DE20-CV20) -> -0.93206658 | DO20: =CV20-DD20/DN20 -> 0.94352389 | DP20: =DE20 -> 0.85 | DQ20: =0.27*CU20/DP20/$CT$18 -> 0.16157593 | DR20: =($CW$12+$CY$12/$CT$18+$DA$12/$CT$18^3+$DC$12/$CT$18^4+$DE$12/$CT$18^5)*DQ20 -> -0.07080128 | DS20: =($DG$12+$DI$12/$CT$18+$CW$13/$CT$18^2)*DQ20^2 -> 0.0044529086 | DT20: =$CY$13*($DI$12/$CT$18+$CW$13/$CT$18^2)*DQ20^5 -> -4.3834238e-06 | DU20: =$DA$13*(1+$DC$13*DQ20^2)*(DQ20^2/$CT$18^3) -> 0.0035812577 | DV20: =EXP(-$DC$13*DQ20^2) -> 0.98135306 | DW20: =1+DR20+DS20-DT20+DU20*DV20 -> 0.93717049 | DX20: =DW20-DP20 -> 0.087170491 | DY20: =DO20 -> 0.94352389 | DZ20: =0.27*CU20/DY20/$CT$18 -> 0.14556022 | EA20: =($CW$12+$CY$12/$CT$18+$DA$12/$CT$18^3+$DC$12/$CT$18^4+$DE$12/$CT$18^5)*DZ20 -> -0.063783322 | EB20: =($DG$12+$DI$12/$CT$18+$CW$13/$CT$18^2)*DZ20^2 -> 0.0036138975 | EC20: =$CY$13*($DI$12/$CT$18+$CW$13/$CT$18^2)*DZ20^5 -> -2.6010194e-06 | ED20: =$DA$13*(1+$DC$13*DZ20^2)*DZ20^2/$CT$18^3 -> 0.0028963642 | EE20: =EXP(-$DC$13*DZ20^2) -> 0.98483971 | EF20: =1+EA20+EB20-EC20+ED20*EE20 -> 0.94268563 | EG20: =EF20-DY20 -> -0.00083825688 | EH20: =(EG20-DX20)/(DY20-DP20) -> -0.9410296 | EI20: =DP20-DX20/EH20 -> 0.9426331 | EM20: =M20 -> 562.442 | EW20: =(EM20*$EQ$18)/(DO20*10.73*$EL$18) -> 1.6873116 | EX20: =EW20/67.0176 -> 0.025177141 | EY20: =EXP($EU$18*EX20^$EV$18) -> 1.0473443 | EZ20: =$ET$18*10^-4*EY20 -> 0.013133895 | FB20: 260.6 | FC20: 1509.8 | FE20: 491 | FF20: 1000.3
C21: =E20 -> 609.98774 | D21: 548 | E21: =CM21 -> 642.43526 | F21: =D21-E21 -> -94.43526 | G21: =Sheet1!D22 -> 515.1 | H21: =Sheet1!F22 -> -125.84112 | I21: =ABS((F21-H21)/(D21-G21)) -> 0.95458532 | J21: =D21-F21*(1/I21) -> 646.92805 | K21: =AVERAGE(C21,D21) -> 578.99387 | M21: =K21 -> 578.99387 | Q21: =(($R$8*K21^1.0937)/27.64)*10^(11.172*$P$18) -> 86.257876 | S21: =$Z$6*EXP($Z$9*(1697-M21)) -> 1.2294741 | T21: =0.0283*AU21*($O$18)/M21 -> 0.028517989 | U21: =$R$3*($R$4+S21) -> 122.94741 | V21: =U21*5.615 -> 690.34971 | W21: =IF($R$5>0,T21*($R$10-Q21)*$R$3,0) -> 466.95961 | X21: =$Z$14+$AA$13*(Q21-$Y$14) -> 0.80137421 | Y21: =$Z$7 -> 48.33 | Z21: =S21/$Z$6 -> 1.0245618 | AA21: =Y21*Z21 -> 49.51707 | AB21: =($R$4*$V$6)+(S21*AA21) -> 60.879955 | AC21: =$R$4+S21 -> 1.2294741 | AD21: =AB21/AC21 -> 49.51707 | AI21: =10.715*(Q21+100)^-0.515 -> 0.72591059 | AJ21: =5.44*(Q21+150)^-0.338 -> 0.85781637 | AK21: =AI21*$AH$18^AJ21 -> 3.0329988 | AL21: =(($R$4*$V$6)/($R$4*$V$6+S21*AA21))*$V$7 -> 0 | AM21: =((S21*AA21)/($R$4*$V$6+S21*AA21))*AK21 -> 3.0329988 | AN21: =AL21+AM21 -> 3.0329988 | AO21: =(($R$4*$V$6)/($R$4*$V$6+S21*AA21))*$V$8 -> 0 | AP21: =((S21*AA21)/($R$4*$V$6+S21*AA21))*$V$4 -> 30 | AQ21: =AO21+AP21 -> 30 | AS21: =CU21 -> 0.86805678 | AU21: =EI21 -> 0.94105443 | AW21: =(V21)*(1/86400)/$V$10 -> 0.36624104 | AX21: =(W21)*(1/86400)/$V$10 -> 0.24772919 | AY21: =AW21+AX21 -> 0.61397023 | AZ21: =AW21/AY21 -> 0.5965127 | BA21: =1-AZ21 -> 0.4034873 | BB21: =1.071-(0.2218*((AY21^2)/($V$9))) -> 0.56934237 | BC21: =IF(BB21<0.13,0.13,BB21) -> 0.56934237 | BD21: =1.938*AW21*(AD21/AQ21)^(1/4) -> 0.80450584 | BE21: =1.938*AX21*(AD21/AQ21)^(1/4) -> 0.54417599 | BF21: =120.872*$V$9*SQRT(AD21/AQ21) -> 25.881611 | BG21: =0.15726*AN21*(1/(AD21*AQ21^3))^(1/4) -> 0.014026872 | BH21: =0.0019+0.0322*BG21-0.6642*BG21^2+4.9951*BG21^3 -> 0.0022347675 | BI21: =1-10.0147*BG21+33.8696*BG21^2+277.2817*BG21^3 -> 0.86695429 | BJ21: =BH21/BI21 -> 0.0025777224 | BK21: =BD21*($M$18^0.1)*BJ21 -> 0.0038831185 | BL21: =(BE21^0.575)*(14.7^0.1)*BF21 -> 23.865645 | BM21: =BK21/BL21 -> 0.00016270746 | BN21: =(0.0047+1123.32*BM21+729489.64*BM21^2) -> 0.20678485 | BO21: =(1+1097.1566*BM21+722153.97*BM21^2) -> 1.1976337 | BP21: =SQRT(BN21/BO21) -> 0.41552519 | BQ21: =(BE21*BG21^0.38)/BF21^2.14 -> 0.00010180828 | BR21: =1.0886-69.9473*BQ21+2334.3497*BQ21^2-12896.683*BQ21^3 -> 1.081503 | BS21: =1-53.4401*BQ21+1517.9369*BQ21^2-8419.8115*BQ21^3 -> 0.99457508 | BT21: =BR21/BS21 -> 1.087402 | BU21: =IF(W21<=0,1,(BP21*BT21)) -> 0.45184294 | BV21: =IF(W21>1,BP21*BT21,1) -> 0.45184294 | BW21: =IF($R$5=0,1,BV21) -> 0.45184294 | BX21: =AD21*AW21 -> 18.135183 | BY21: =EW21*AX21 -> 0.43102315 | BZ21: =$V$10*(BX21+BY21)*86400 -> 34996.556 | CA21: =(AN21^BU21)*EZ21^(1-BU21) -> 0.15372954 | CB21: =2.2*10^-2*BZ21/CA21/$V$9 -> 30049.823 | CC21: =$CD$15/3.7065 -> 0.00016187778 | CD21: =5.0452/CB21 -> 0.0001678945 | CE21: =LOG(($CD$15^1.1098/2.8257)+(7.149/CB21)^0.8981) -> -3.1865764 | CF21: =-4*LOG(CC21-(CD21*CE21)) -> 12.627352 | CG21: =1/CF21^2 -> 0.0062715578 | CH21: =BU21*AD21+(1-BU21)*EW21 -> 23.327675 | CI21: =CG21*BZ21^2/($V$9)^5/CH21 -> 2.5604178e+09 | CJ21: =(1/144)*(CH21+(CI21/74130000000)) -> 0.1622376 | CK21: =CJ21*$CK$14 -> 32.44752 | CL21: =CL20+200 -> 800 | CM21: =C21+CK21 -> 642.43526 | CU21: =M21/$CS$18 -> 0.86805678 | CV21: 0.8 | CW21: =0.27*CU21/CV21/$CT$18 -> 0.17672656 | CX21: =($CW$12+$CY$12/$CT$18+$DA$12/$CT$18^3+$DC$12/$CT$18^4+$DE$12/$CT$18^5)*CW21 -> -0.077440164 | CY21: =($DG$12+$DI$12/$CT$18+$CW$13/$CT$18^2)*CW21^2 -> 0.0053271398 | CZ21: =$CY$13*($DI$12/$CT$18+$CW$13/$CT$18^2)*CW21^5 -> -6.8618189e-06 | DA21: =$DA$13*(1+$DC$13*CW21^2)*(CW21^2/$CT$18^3) -> 0.0042998996 | DB21: =EXP(-$DC$13*CW21^2) -> 0.97773318 | DC21: =1+CX21+CY21-CZ21+DA21*DB21 -> 0.93209799 | DD21: =DC21-CV21 -> 0.13209799 | DE21: 0.85 | DF21: =0.27*CU21/DE21/$CT$18 -> 0.16633088 | DG21: =($CW$12+$CY$12/$CT$18+$DA$12/$CT$18^3+$DC$12/$CT$18^4+$DE$12/$CT$18^5)*DF21 -> -0.07288486 | DH21: =($DG$12+$DI$12/$CT$18+$CW$13/$CT$18^2)*DF21^2 -> 0.0047188505 | DI21: =$CY$13*($DI$12/$CT$18+$CW$13/$CT$18^2)*DF21^5 -> -5.0675093e-06 | DJ21: =$DA$13*(1+$DC$13*DF21^2)*DF21^2/$CT$18^3 -> 0.0037993294 | DK21: =EXP(-$DC$13*DF21^2) -> 0.98025047 | DL21: =1+DG21+DH21-DI21+DJ21*DK21 -> 0.93556335 | DM21: =DL21-DE21 -> 0.085563352 | DN21: =(DM21-DD21)/(DE21-CV21) -> -0.9306928 | DO21: =CV21-DD21/DN21 -> 0.94193512 | DP21: =DE21 -> 0.85 | DQ21: =0.27*CU21/DP21/$CT$18 -> 0.16633088 | DR21: =($CW$12+$CY$12/$CT$18+$DA$12/$CT$18^3+$DC$12/$CT$18^4+$DE$12/$CT$18^5)*DQ21 -> -0.07288486 | DS21: =($DG$12+$DI$12/$CT$18+$CW$13/$CT$18^2)*DQ21^2 -> 0.0047188505 | DT21: =$CY$13*($DI$12/$CT$18+$CW$13/$CT$18^2)*DQ21^5 -> -5.0675093e-06 | DU21: =$DA$13*(1+$DC$13*DQ21^2)*(DQ21^2/$CT$18^3) -> 0.0037993294 | DV21: =EXP(-$DC$13*DQ21^2) -> 0.98025047 | DW21: =1+DR21+DS21-DT21+DU21*DV21 -> 0.93556335 | DX21: =DW21-DP21 -> 0.085563352 | DY21: =DO21 -> 0.94193512 | DZ21: =0.27*CU21/DY21/$CT$18 -> 0.15009659 | EA21: =($CW$12+$CY$12/$CT$18+$DA$12/$CT$18^3+$DC$12/$CT$18^4+$DE$12/$CT$18^5)*DZ21 -> -0.065771124 | EB21: =($DG$12+$DI$12/$CT$18+$CW$13/$CT$18^2)*DZ21^2 -> 0.0038426612 | EC21: =$CY$13*($DI$12/$CT$18+$CW$13/$CT$18^2)*DZ21^5 -> -3.0323843e-06 | ED21: =$DA$13*(1+$DC$13*DZ21^2)*DZ21^2/$CT$18^3 -> 0.0030826406 | EE21: =EXP(-$DC$13*DZ21^2) -> 0.98388781 | EF21: =1+EA21+EB21-EC21+ED21*EE21 -> 0.94110754 | EG21: =EF21-DY21 -> -0.00082757564 | EH21: =(EG21-DX21)/(DY21-DP21) -> -0.93969453 | EI21: =DP21-DX21/EH21 -> 0.94105443 | EM21: =M21 -> 578.99387 | EW21: =(EM21*$EQ$18)/(DO21*10.73*$EL$18) -> 1.7398965 | EX21: =EW21/67.0176 -> 0.025961785 | EY21: =EXP($EU$18*EX21^$EV$18) -> 1.0492934 | EZ21: =$ET$18*10^-4*EY21 -> 0.013158337 | FB21: 355.1 | FC21: 2140.4 | FE21: 802 | FF21: 1750.1
C22: =E21 -> 642.43526 | D22: 549 | E22: =CM22 -> 675.22894 | F22: =D22-E22 -> -126.22894 | G22: =Sheet1!D23 -> 515.2 | H22: =Sheet1!F23 -> -158.131 | I22: =ABS((F22-H22)/(D22-G22)) -> 0.94384796 | J22: =D22-F22*(1/I22) -> 682.73863 | K22: =AVERAGE(C22,D22) -> 595.71763 | M22: =K22 -> 595.71763 | Q22: =(($R$8*K22^1.0937)/27.64)*10^(11.172*$P$18) -> 88.986472 | S22: =$Z$6*EXP($Z$9*(1697-M22)) -> 1.2290279 | T22: =0.0283*AU22*($O$18)/M22 -> 0.027670649 | U22: =$R$3*($R$4+S22) -> 122.90279 | V22: =U22*5.615 -> 690.09918 | W22: =IF($R$5>0,T22*($R$10-Q22)*$R$3,0) -> 445.53489 | X22: =$Z$14+$AA$13*(Q22-$Y$14) -> 0.80110135 | Y22: =$Z$7 -> 48.33 | Z22: =S22/$Z$6 -> 1.0241899 | AA22: =Y22*Z22 -> 49.4991 | AB22: =($R$4*$V$6)+(S22*AA22) -> 60.835776 | AC22: =$R$4+S22 -> 1.2290279 | AD22: =AB22/AC22 -> 49.4991 | AI22: =10.715*(Q22+100)^-0.515 -> 0.72049398 | AJ22: =5.44*(Q22+150)^-0.338 -> 0.85449341 | AK22: =AI22*$AH$18^AJ22 -> 2.9937388 | AL22: =(($R$4*$V$6)/($R$4*$V$6+S22*AA22))*$V$7 -> 0 | AM22: =((S22*AA22)/($R$4*$V$6+S22*AA22))*AK22 -> 2.9937388 | AN22: =AL22+AM22 -> 2.9937388 | AO22: =(($R$4*$V$6)/($R$4*$V$6+S22*AA22))*$V$8 -> 0 | AP22: =((S22*AA22)/($R$4*$V$6+S22*AA22))*$V$4 -> 30 | AQ22: =AO22+AP22 -> 30 | AS22: =CU22 -> 0.89312988 | AU22: =EI22 -> 0.93946733 | AW22: =(V22)*(1/86400)/$V$10 -> 0.36610813 | AX22: =(W22)*(1/86400)/$V$10 -> 0.23636305 | AY22: =AW22+AX22 -> 0.60247118 | AZ22: =AW22/AY22 -> 0.60767742 | BA22: =1-AZ22 -> 0.39232258 | BB22: =1.071-(0.2218*((AY22^2)/($V$9))) -> 0.5879575 | BC22: =IF(BB22<0.13,0.13,BB22) -> 0.5879575 | BD22: =1.938*AW22*(AD22/AQ22)^(1/4) -> 0.80414091 | BE22: =1.938*AX22*(AD22/AQ22)^(1/4) -> 0.51916136 | BF22: =120.872*$V$9*SQRT(AD22/AQ22) -> 25.876914 | BG22: =0.15726*AN22*(1/(AD22*AQ22^3))^(1/4) -> 0.013846561 | BH22: =0.0019+0.0322*BG22-0.6642*BG22^2+4.9951*BG22^3 -> 0.0022317748 | BI22: =1-10.0147*BG22+33.8696*BG22^2+277.2817*BG22^3 -> 0.86856069 | BJ22: =BH22/BI22 -> 0.0025695094 | BK22: =BD22*($M$18^0.1)*BJ22 -> 0.0038689904 | BL22: =(BE22^0.575)*(14.7^0.1)*BF22 -> 23.224324 | BM22: =BK22/BL22 -> 0.00016659217 | BN22: =(0.0047+1123.32*BM22+729489.64*BM22^2) -> 0.2120818 | BO22: =(1+1097.1566*BM22+722153.97*BM22^2) -> 1.2028196 | BP22: =SQRT(BN22/BO22) -> 0.4199054 | BQ22: =(BE22*BG22^0.38)/BF22^2.14 -> 9.668956e-05 | BR22: =1.0886-69.9473*BQ22+2334.3497*BQ22^2-12896.683*BQ22^3 -> 1.0818586 | BS22: =1-53.4401*BQ22+1517.9369*BQ22^2-8419.8115*BQ22^3 -> 0.99484708 | BT22: =BR22/BS22 -> 1.0874622 | BU22: =IF(W22<=0,1,(BP22*BT22)) -> 0.45663126 | BV22: =IF(W22>1,BP22*BT22,1) -> 0.45663126 | BW22: =IF($R$5=0,1,BV22) -> 0.45663126 | BX22: =AD22*AW22 -> 18.122023 | BY22: =EW22*AX22 -> 0.42384503 | BZ22: =$V$10*(BX22+BY22)*86400 -> 34958.219 | CA22: =(AN22^BU22)*EZ22^(1-BU22) -> 0.15701291 | CB22: =2.2*10^-2*BZ22/CA22/$V$9 -> 29389.207 | CC22: =$CD$15/3.7065 -> 0.00016187778 | CD22: =5.0452/CB22 -> 0.00017166846 | CE22: =LOG(($CD$15^1.1098/2.8257)+(7.149/CB22)^0.8981) -> -3.1791482 | CF22: =-4*LOG(CC22-(CD22*CE22)) -> 12.600757 | CG22: =1/CF22^2 -> 0.0062980588 | CH22: =BU22*AD22+(1-BU22)*EW22 -> 23.577203 | CI22: =CG22*BZ22^2/($V$9)^5/CH22 -> 2.538454e+09 | CJ22: =(1/144)*(CH22+(CI22/74130000000)) -> 0.16396837 | CK22: =CJ22*$CK$14 -> 32.793675 | CL22: =CL21+200 -> 1000 | CM22: =C22+CK22 -> 675.22894 | CU22: =M22/$CS$18 -> 0.89312988 | CV22: 0.8 | CW22: =0.27*CU22/CV22/$CT$18 -> 0.18183116 | CX22: =($CW$12+$CY$12/$CT$18+$DA$12/$CT$18^3+$DC$12/$CT$18^4+$DE$12/$CT$18^5)*CW22 -> -0.079676959 | CY22: =($DG$12+$DI$12/$CT$18+$CW$13/$CT$18^2)*CW22^2 -> 0.0056393243 | CZ22: =$CY$13*($DI$12/$CT$18+$CW$13/$CT$18^2)*CW22^5 -> -7.9117342e-06 | DA22: =$DA$13*(1+$DC$13*CW22^2)*(CW22^2/$CT$18^3) -> 0.0045577597 | DB22: =EXP(-$DC$13*CW22^2) -> 0.97644377 | DC22: =1+CX22+CY22-CZ22+DA22*DB22 -> 0.93042067 | DD22: =DC22-CV22 -> 0.13042067 | DE22: 0.85 | DF22: =0.27*CU22/DE22/$CT$18 -> 0.17113521 | DG22: =($CW$12+$CY$12/$CT$18+$DA$12/$CT$18^3+$DC$12/$CT$18^4+$DE$12/$CT$18^5)*DF22 -> -0.074990079 | DH22: =($DG$12+$DI$12/$CT$18+$CW$13/$CT$18^2)*DF22^2 -> 0.0049953876 | DI22: =$CY$13*($DI$12/$CT$18+$CW$13/$CT$18^2)*DF22^5 -> -5.8428804e-06 | DJ22: =$DA$13*(1+$DC$13*DF22^2)*DF22^2/$CT$18^3 -> 0.0040265897 | DK22: =EXP(-$DC$13*DF22^2) -> 0.97910527 | DL22: =1+DG22+DH22-DI22+DJ22*DK22 -> 0.93395361 | DM22: =DL22-DE22 -> 0.083953606 | DN22: =(DM22-DD22)/(DE22-CV22) -> -0.92934133 | DO22: =CV22-DD22/DN22 -> 0.94033668 | DP22: =DE22 -> 0.85 | DQ22: =0.27*CU22/DP22/$CT$18 -> 0.17113521 | DR22: =($CW$12+$CY$12/$CT$18+$DA$12/$CT$18^3+$DC$12/$CT$18^4+$DE$12/$CT$18^5)*DQ22 -> -0.074990079 | DS22: =($DG$12+$DI$12/$CT$18+$CW$13/$CT$18^2)*DQ22^2 -> 0.0049953876 | DT22: =$CY$13*($DI$12/$CT$18+$CW$13/$CT$18^2)*DQ22^5 -> -5.8428804e-06 | DU22: =$DA$13*(1+$DC$13*DQ22^2)*(DQ22^2/$CT$18^3) -> 0.0040265897 | DV22: =EXP(-$DC$13*DQ22^2) -> 0.97910527 | DW22: =1+DR22+DS22-DT22+DU22*DV22 -> 0.93395361 | DX22: =DW22-DP22 -> 0.083953606 | DY22: =DO22 -> 0.94033668 | DZ22: =0.27*CU22/DY22/$CT$18 -> 0.15469452 | EA22: =($CW$12+$CY$12/$CT$18+$DA$12/$CT$18^3+$DC$12/$CT$18^4+$DE$12/$CT$18^5)*DZ22 -> -0.0677859 | EB22: =($DG$12+$DI$12/$CT$18+$CW$13/$CT$18^2)*DZ22^2 -> 0.0040816926 | EC22: =$CY$13*($DI$12/$CT$18+$CW$13/$CT$18^2)*DZ22^5 -> -3.5261822e-06 | ED22: =$DA$13*(1+$DC$13*DZ22^2)*DZ22^2/$CT$18^3 -> 0.0032776508 | EE22: =EXP(-$DC$13*DZ22^2) -> 0.98289418 | EF22: =1+EA22+EB22-EC22+ED22*EE22 -> 0.9395209 | EG22: =EF22-DY22 -> -0.00081577281 | EH22: =(EG22-DX22)/(DY22-DP22) -> -0.93837169 | EI22: =DP22-DX22/EH22 -> 0.93946733 | EM22: =M22 -> 595.71763 | EW22: =(EM22*$EQ$18)/(DO22*10.73*$EL$18) -> 1.793195 | EX22: =EW22/67.0176 -> 0.026757076 | EY22: =EXP($EU$18*EX22^$EV$18) -> 1.0512899 | EZ22: =$ET$18*10^-4*EY22 -> 0.013183374 | FB22: 472.9 | FC22: 3019.3 | FE22: 1124.9 | FF22: 2538.3
C23: =E22 -> 675.22894 | D23: 550 | E23: =CM23 -> 708.37145 | F23: =D23-E23 -> -158.37145 | G23: =Sheet1!D24 -> 515.3 | H23: =Sheet1!F24 -> -190.75692 | I23: =ABS((F23-H23)/(D23-G23)) -> 0.93329866 | J23: =D23-F23*(1/I23) -> 719.69001 | K23: =AVERAGE(C23,D23) -> 612.61447 | M23: =K23 -> 612.61447 | Q23: =(($R$8*K23^1.0937)/27.64)*10^(11.172*$P$18) -> 91.750606 | S23: =$Z$6*EXP($Z$9*(1697-M23)) -> 1.2285773 | T23: =0.0283*AU23*($O$18)/M23 -> 0.026861761 | U23: =$R$3*($R$4+S23) -> 122.85773 | V23: =U23*5.615 -> 689.84615 | W23: =IF($R$5>0,T23*($R$10-Q23)*$R$3,0) -> 425.08574 | X23: =$Z$14+$AA$13*(Q23-$Y$14) -> 0.80082494 | Y23: =$Z$7 -> 48.33 | Z23: =S23/$Z$6 -> 1.0238144 | AA23: =Y23*Z23 -> 49.48095 | AB23: =($R$4*$V$6)+(S23*AA23) -> 60.791172 | AC23: =$R$4+S23 -> 1.2285773 | AD23: =AB23/AC23 -> 49.48095 | AI23: =10.715*(Q23+100)^-0.515 -> 0.7151263 | AJ23: =5.44*(Q23+150)^-0.338 -> 0.85117853 | AK23: =AI23*$AH$18^AJ23 -> 2.955062 | AL23: =(($R$4*$V$6)/($R$4*$V$6+S23*AA23))*$V$7 -> 0 | AM23: =((S23*AA23)/($R$4*$V$6+S23*AA23))*AK23 -> 2.955062 | AN23: =AL23+AM23 -> 2.955062 | AO23: =(($R$4*$V$6)/($R$4*$V$6+S23*AA23))*$V$8 -> 0 | AP23: =((S23*AA23)/($R$4*$V$6+S23*AA23))*$V$4 -> 30 | AQ23: =AO23+AP23 -> 30 | AS23: =CU23 -> 0.91846247 | AU23: =EI23 -> 0.93787207 | AW23: =(V23)*(1/86400)/$V$10 -> 0.36597389 | AX23: =(W23)*(1/86400)/$V$10 -> 0.22551446 | AY23: =AW23+AX23 -> 0.59148835 | AZ23: =AW23/AY23 -> 0.61873389 | BA23: =1-AZ23 -> 0.38126611 | BB23: =1.071-(0.2218*((AY23^2)/($V$9))) -> 0.60540834 | BC23: =IF(BB23<0.13,0.13,BB23) -> 0.60540834 | BD23: =1.938*AW23*(AD23/AQ23)^(1/4) -> 0.80377237 | BE23: =1.938*AX23*(AD23/AQ23)^(1/4) -> 0.4952875 | BF23: =120.872*$V$9*SQRT(AD23/AQ23) -> 25.872169 | BG23: =0.15726*AN23*(1/(AD23*AQ23^3))^(1/4) -> 0.013668927 | BH23: =0.0019+0.0322*BG23-0.6642*BG23^2+4.9951*BG23^3 -> 0.0022287976 | BI23: =1-10.0147*BG23+33.8696*BG23^2+277.2817*BG23^3 -> 0.87014613 | BJ23: =BH23/BI23 -> 0.0025614061 | BK23: =BD23*($M$18^0.1)*BJ23 -> 0.0038550215 | BL23: =(BE23^0.575)*(14.7^0.1)*BF23 -> 22.599955 | BM23: =BK23/BL23 -> 0.00017057652 | BN23: =(0.0047+1123.32*BM23+729489.64*BM23^2) -> 0.2175375 | BO23: =(1+1097.1566*BM23+722153.97*BM23^2) -> 1.2081612 | BP23: =SQRT(BN23/BO23) -> 0.42433086 | BQ23: =(BE23*BG23^0.38)/BF23^2.14 -> 9.1827794e-05 | BR23: =1.0886-69.9473*BQ23+2334.3497*BQ23^2-12896.683*BQ23^3 -> 1.0821966 | BS23: =1-53.4401*BQ23+1517.9369*BQ23^2-8419.8115*BQ23^3 -> 0.99510551 | BT23: =BR23/BS23 -> 1.0875194 | BU23: =IF(W23<=0,1,(BP23*BT23)) -> 0.46146806 | BV23: =IF(W23>1,BP23*BT23,1) -> 0.46146806 | BW23: =IF($R$5=0,1,BV23) -> 0.46146806 | BX23: =AD23*AW23 -> 18.108736 | BY23: =EW23*AX23 -> 0.41657375 | BZ23: =$V$10*(BX23+BY23)*86400 -> 34919.468 | CA23: =(AN23^BU23)*EZ23^(1-BU23) -> 0.16039106 | CB23: =2.2*10^-2*BZ23/CA23/$V$9 -> 28738.322 | CC23: =$CD$15/3.7065 -> 0.00016187778 | CD23: =5.0452/CB23 -> 0.00017555653 | CE23: =LOG(($CD$15^1.1098/2.8257)+(7.149/CB23)^0.8981) -> -3.171643 | CF23: =-4*LOG(CC23-(CD23*CE23)) -> 12.573857 | CG23: =1/CF23^2 -> 0.0063250357 | CH23: =BU23*AD23+(1-BU23)*EW23 -> 23.828662 | CI23: =CG23*BZ23^2/($V$9)^5/CH23 -> 2.5168354e+09 | CJ23: =(1/144)*(CH23+(CI23/74130000000)) -> 0.1657126 | CK23: =CJ23*$CK$14 -> 33.14252 | CL23: =CL22+200 -> 1200 | CM23: =C23+CK23 -> 708.37145 | CU23: =M23/$CS$18 -> 0.91846247 | CV23: 0.8 | CW23: =0.27*CU23/CV23/$CT$18 -> 0.18698859 | CX23: =($CW$12+$CY$12/$CT$18+$DA$12/$CT$18^3+$DC$12/$CT$18^4+$DE$12/$CT$18^5)*CW23 -> -0.081936904 | CY23: =($DG$12+$DI$12/$CT$18+$CW$13/$CT$18^2)*CW23^2 -> 0.0059637669 | CZ23: =$CY$13*($DI$12/$CT$18+$CW$13/$CT$18^2)*CW23^5 -> -9.0992515e-06 | DA23: =$DA$13*(1+$DC$13*CW23^2)*(CW23^2/$CT$18^3) -> 0.004826434 | DB23: =EXP(-$DC$13*CW23^2) -> 0.97510554 | DC23: =1+CX23+CY23-CZ23+DA23*DB23 -> 0.92874225 | DD23: =DC23-CV23 -> 0.12874225 | DE23: 0.85 | DF23: =0.27*CU23/DE23/$CT$18 -> 0.17598926 | DG23: =($CW$12+$CY$12/$CT$18+$DA$12/$CT$18^3+$DC$12/$CT$18^4+$DE$12/$CT$18^5)*DF23 -> -0.077117086 | DH23: =($DG$12+$DI$12/$CT$18+$CW$13/$CT$18^2)*DF23^2 -> 0.0052827831 | DI23: =$CY$13*($DI$12/$CT$18+$CW$13/$CT$18^2)*DF23^5 -> -6.7198716e-06 | DJ23: =$DA$13*(1+$DC$13*DF23^2)*DF23^2/$CT$18^3 -> 0.0042633144 | DK23: =EXP(-$DC$13*DF23^2) -> 0.97791652 | DL23: =1+DG23+DH23-DI23+DJ23*DK23 -> 0.93234158 | DM23: =DL23-DE23 -> 0.082341583 | DN23: =(DM23-DD23)/(DE23-CV23) -> -0.92801324 | DO23: =CV23-DD23/DN23 -> 0.93872889 | DP23: =DE23 -> 0.85 | DQ23: =0.27*CU23/DP23/$CT$18 -> 0.17598926 | DR23: =($CW$12+$CY$12/$CT$18+$DA$12/$CT$18^3+$DC$12/$CT$18^4+$DE$12/$CT$18^5)*DQ23 -> -0.077117086 | DS23: =($DG$12+$DI$12/$CT$18+$CW$13/$CT$18^2)*DQ23^2 -> 0.0052827831 | DT23: =$CY$13*($DI$12/$CT$18+$CW$13/$CT$18^2)*DQ23^5 -> -6.7198716e-06 | DU23: =$DA$13*(1+$DC$13*DQ23^2)*(DQ23^2/$CT$18^3) -> 0.0042633144 | DV23: =EXP(-$DC$13*DQ23^2) -> 0.97791652 | DW23: =1+DR23+DS23-DT23+DU23*DV23 -> 0.93234158 | DX23: =DW23-DP23 -> 0.082341583 | DY23: =DO23 -> 0.93872889 | DZ23: =0.27*CU23/DY23/$CT$18 -> 0.15935471 | EA23: =($CW$12+$CY$12/$CT$18+$DA$12/$CT$18^3+$DC$12/$CT$18^4+$DE$12/$CT$18^5)*DZ23 -> -0.06982796 | EB23: =($DG$12+$DI$12/$CT$18+$CW$13/$CT$18^2)*DZ23^2 -> 0.00433132 | EC23: =$CY$13*($DI$12/$CT$18+$CW$13/$CT$18^2)*DZ23^5 -> -4.0902955e-06 | ED23: =$DA$13*(1+$DC$13*DZ23^2)*DZ23^2/$CT$18^3 -> 0.0034817126 | EE23: =EXP(-$DC$13*DZ23^2) -> 0.98185757 | EF23: =1+EA23+EB23-EC23+ED23*EE23 -> 0.937926 | EG23: =EF23-DY23 -> -0.00080289105 | EH23: =(EG23-DX23)/(DY23-DP23) -> -0.93706206 | EI23: =DP23-DX23/EH23 -> 0.93787207 | EM23: =M23 -> 612.61447 | EW23: =(EM23*$EQ$18)/(DO23*10.73*$EL$18) -> 1.8472153 | EX23: =EW23/67.0176 -> 0.027563136 | EY23: =EXP($EU$18*EX23^$EV$18) -> 1.0533346 | EZ23: =$ET$18*10^-4*EY23 -> 0.013209015 | FB23: 591.2 | FC23: 3745.5 | FE23: 1603.3 | FF23: 3672.7
C24: =E23 -> 708.37145 | D24: 551 | E24: =CM24 -> 741.86584 | F24: =D24-E24 -> -190.86584 | G24: =Sheet1!D25 -> 515.4 | H24: =Sheet1!F25 -> -223.7215 | I24: =ABS((F24-H24)/(D24-G24)) -> 0.92291162 | J24: =D24-F24*(1/I24) -> 757.80836 | K24: =AVERAGE(C24,D24) -> 629.68573 | M24: =K24 -> 629.68573 | Q24: =(($R$8*K24^1.0937)/27.64)*10^(11.172*$P$18) -> 94.550537 | S24: =$Z$6*EXP($Z$9*(1697-M24)) -> 1.2281222 | T24: =0.0283*AU24*($O$18)/M24 -> 0.026088848 | U24: =$R$3*($R$4+S24) -> 122.81222 | V24: =U24*5.615 -> 689.5906 | W24: =IF($R$5>0,T24*($R$10-Q24)*$R$3,0) -> 405.54973 | X24: =$Z$14+$AA$13*(Q24-$Y$14) -> 0.80054495 | Y24: =$Z$7 -> 48.33 | Z24: =S24/$Z$6 -> 1.0234351 | AA24: =Y24*Z24 -> 49.462621 | AB24: =($R$4*$V$6)+(S24*AA24) -> 60.746141 | AC24: =$R$4+S24 -> 1.2281222 | AD24: =AB24/AC24 -> 49.462621 | AI24: =10.715*(Q24+100)^-0.515 -> 0.70980732 | AJ24: =5.44*(Q24+150)^-0.338 -> 0.84787202 | AK24: =AI24*$AH$18^AJ24 -> 2.9169614 | AL24: =(($R$4*$V$6)/($R$4*$V$6+S24*AA24))*$V$7 -> 0 | AM24: =((S24*AA24)/($R$4*$V$6+S24*AA24))*AK24 -> 2.9169614 | AN24: =AL24+AM24 -> 2.9169614 | AO24: =(($R$4*$V$6)/($R$4*$V$6+S24*AA24))*$V$8 -> 0 | AP24: =((S24*AA24)/($R$4*$V$6+S24*AA24))*$V$4 -> 30 | AQ24: =AO24+AP24 -> 30 | AS24: =CU24 -> 0.94405656 | AU24: =EI24 -> 0.93626895 | AW24: =(V24)*(1/86400)/$V$10 -> 0.36583832 | AX24: =(W24)*(1/86400)/$V$10 -> 0.21515031 | AY24: =AW24+AX24 -> 0.58098863 | AZ24: =AW24/AY24 -> 0.62968241 | BA24: =1-AZ24 -> 0.37031759 | BB24: =1.071-(0.2218*((AY24^2)/($V$9))) -> 0.6217914 | BC24: =IF(BB24<0.13,0.13,BB24) -> 0.6217914 | BD24: =1.938*AW24*(AD24/AQ24)^(1/4) -> 0.8034002 | BE24: =1.938*AX24*(AD24/AQ24)^(1/4) -> 0.47248141 | BF24: =120.872*$V$9*SQRT(AD24/AQ24) -> 25.867377 | BG24: =0.15726*AN24*(1/(AD24*AQ24^3))^(1/4) -> 0.013493939 | BH24: =0.0019+0.0322*BG24-0.6642*BG24^2+4.9951*BG24^3 -> 0.0022258363 | BI24: =1-10.0147*BG24+33.8696*BG24^2+277.2817*BG24^3 -> 0.87171074 | BJ24: =BH24/BI24 -> 0.0025534116 | BK24: =BD24*($M$18^0.1)*BJ24 -> 0.00384121 | BL24: =(BE24^0.575)*(14.7^0.1)*BF24 -> 21.991525 | BM24: =BK24/BL24 -> 0.00017466775 | BN24: =(0.0047+1123.32*BM24+729489.64*BM24^2) -> 0.22316364 | BO24: =(1+1097.1566*BM24+722153.97*BM24^2) -> 1.2136699 | BP24: =SQRT(BN24/BO24) -> 0.42880656 | BQ24: =(BE24*BG24^0.38)/BF24^2.14 -> 8.7206192e-05 | BR24: =1.0886-69.9473*BQ24+2334.3497*BQ24^2-12896.683*BQ24^3 -> 1.0825179 | BS24: =1-53.4401*BQ24+1517.9369*BQ24^2-8419.8115*BQ24^3 -> 0.99535123 | BT24: =BR24/BS24 -> 1.0875738 | BU24: =IF(W24<=0,1,(BP24*BT24)) -> 0.46635878 | BV24: =IF(W24>1,BP24*BT24,1) -> 0.46635878 | BW24: =IF($R$5=0,1,BV24) -> 0.46635878 | BX24: =AD24*AW24 -> 18.095322 | BY24: =EW24*AX24 -> 0.40920859 | BZ24: =$V$10*(BX24+BY24)*86400 -> 34880.3 | CA24: =(AN24^BU24)*EZ24^(1-BU24) -> 0.16387161 | CB24: =2.2*10^-2*BZ24/CA24/$V$9 -> 28096.383 | CC24: =$CD$15/3.7065 -> 0.00016187778 | CD24: =5.0452/CB24 -> 0.0001795676 | CE24: =LOG(($CD$15^1.1098/2.8257)+(7.149/CB24)^0.8981) -> -3.1640512 | CF24: =-4*LOG(CC24-(CD24*CE24)) -> 12.546616 | CG24: =1/CF24^2 -> 0.0063525308 | CH24: =BU24*AD24+(1-BU24)*EW24 -> 24.082295 | CI24: =CG24*BZ24^2/($V$9)^5/CH24 -> 2.4955461e+09 | CJ24: =(1/144)*(CH24+(CI24/74130000000)) -> 0.16747194 | CK24: =CJ24*$CK$14 -> 33.494388 | CL24: =CL23+200 -> 1400 | CM24: =C24+CK24 -> 741.86584 | CU24: =M24/$CS$18 -> 0.94405656 | CV24: 0.8 | CW24: =0.27*CU24/CV24/$CT$18 -> 0.19219926 | CX24: =($CW$12+$CY$12/$CT$18+$DA$12/$CT$18^3+$DC$12/$CT$18^4+$DE$12/$CT$18^5)*CW24 -> -0.084220177 | CY24: =($DG$12+$DI$12/$CT$18+$CW$13/$CT$18^2)*CW24^2 -> 0.0063007734 | CZ24: =$CY$13*($DI$12/$CT$18+$CW$13/$CT$18^2)*CW24^5 -> -1.0439716e-05 | DA24: =$DA$13*(1+$DC$13*CW24^2)*(CW24^2/$CT$18^3) -> 0.0051062565 | DB24: =EXP(-$DC$13*CW24^2) -> 0.97371742 | DC24: =1+CX24+CY24-CZ24+DA24*DB24 -> 0.92706309 | DD24: =DC24-CV24 -> 0.12706309 | DE24: 0.85 | DF24: =0.27*CU24/DE24/$CT$18 -> 0.18089342 | DG24: =($CW$12+$CY$12/$CT$18+$DA$12/$CT$18^3+$DC$12/$CT$18^4+$DE$12/$CT$18^5)*DF24 -> -0.079266049 | DH24: =($DG$12+$DI$12/$CT$18+$CW$13/$CT$18^2)*DF24^2 -> 0.0055813079 | DI24: =$CY$13*($DI$12/$CT$18+$CW$13/$CT$18^2)*DF24^5 -> -7.7098153e-06 | DJ24: =$DA$13*(1+$DC$13*DF24^2)*DF24^2/$CT$18^3 -> 0.0045097898 | DK24: =EXP(-$DC$13*DF24^2) -> 0.97668326 | DL24: =1+DG24+DH24-DI24+DJ24*DK24 -> 0.93072761 | DM24: =DL24-DE24 -> 0.080727605 | DN24: =(DM24-DD24)/(DE24-CV24) -> -0.92670964 | DO24: =CV24-DD24/DN24 -> 0.93711208 | DP24: =DE24 -> 0.85 | DQ24: =0.27*CU24/DP24/$CT$18 -> 0.18089342 | DR24: =($CW$12+$CY$12/$CT$18+$DA$12/$CT$18^3+$DC$12/$CT$18^4+$DE$12/$CT$18^5)*DQ24 -> -0.079266049 | DS24: =($DG$12+$DI$12/$CT$18+$CW$13/$CT$18^2)*DQ24^2 -> 0.0055813079 | DT24: =$CY$13*($DI$12/$CT$18+$CW$13/$CT$18^2)*DQ24^5 -> -7.7098153e-06 | DU24: =$DA$13*(1+$DC$13*DQ24^2)*(DQ24^2/$CT$18^3) -> 0.0045097898 | DV24: =EXP(-$DC$13*DQ24^2) -> 0.97668326 | DW24: =1+DR24+DS24-DT24+DU24*DV24 -> 0.93072761 | DX24: =DW24-DP24 -> 0.080727605 | DY24: =DO24 -> 0.93711208 | DZ24: =0.27*CU24/DY24/$CT$18 -> 0.16407793 | EA24: =($CW$12+$CY$12/$CT$18+$DA$12/$CT$18^3+$DC$12/$CT$18^4+$DE$12/$CT$18^5)*DZ24 -> -0.071897634 | EB24: =($DG$12+$DI$12/$CT$18+$CW$13/$CT$18^2)*DZ24^2 -> 0.0045918825 | EC24: =$CY$13*($DI$12/$CT$18+$CW$13/$CT$18^2)*DZ24^5 -> -4.7334841e-06 | ED24: =$DA$13*(1+$DC$13*DZ24^2)*DZ24^2/$CT$18^3 -> 0.0036951571 | EE24: =EXP(-$DC$13*DZ24^2) -> 0.98077672 | EF24: =1+EA24+EB24-EC24+ED24*EE24 -> 0.93632311 | EG24: =EF24-DY24 -> -0.000788975 | EH24: =(EG24-DX24)/(DY24-DP24) -> -0.93576665 | EI24: =DP24-DX24/EH24 -> 0.93626895 | EM24: =M24 -> 629.68573 | EW24: =(EM24*$EQ$18)/(DO24*10.73*$EL$18) -> 1.901966 | EX24: =EW24/67.0176 -> 0.028380097 | EY24: =EXP($EU$18*EX24^$EV$18) -> 1.0554284 | EZ24: =$ET$18*10^-4*EY24 -> 0.013235272 | FB24: 709.5 | FC24: 4490.8 | FE24: 2141.6 | FF24: 4960.8
C25: =E24 -> 741.86584 | D25: 552 | E25: =CM25 -> 775.71547 | F25: =D25-E25 -> -223.71547 | G25: =Sheet1!D26 -> 515.5 | H25: =Sheet1!F26 -> -257.02765 | I25: =ABS((F25-H25)/(D25-G25)) -> 0.91266253 | J25: =D25-F25*(1/I25) -> 797.12398 | K25: =AVERAGE(C25,D25) -> 646.93292 | M25: =K25 -> 646.93292 | Q25: =(($R$8*K25^1.0937)/27.64)*10^(11.172*$P$18) -> 97.386556 | S25: =$Z$6*EXP($Z$9*(1697-M25)) -> 1.2276625 | T25: =0.0283*AU25*($O$18)/M25 -> 0.025349635 | U25: =$R$3*($R$4+S25) -> 122.76625 | V25: =U25*5.615 -> 689.33252 | W25: =IF($R$5>0,T25*($R$10-Q25)*$R$3,0) -> 386.86951 | X25: =$Z$14+$AA$13*(Q25-$Y$14) -> 0.80026134 | Y25: =$Z$7 -> 48.33 | Z25: =S25/$Z$6 -> 1.0230521 | AA25: =Y25*Z25 -> 49.444109 | AB25: =($R$4*$V$6)+(S25*AA25) -> 60.70068 | AC25: =$R$4+S25 -> 1.2276625 | AD25: =AB25/AC25 -> 49.444109 | AI25: =10.715*(Q25+100)^-0.515 -> 0.70453671 | AJ25: =5.44*(Q25+150)^-0.338 -> 0.84457414 | AK25: =AI25*$AH$18^AJ25 -> 2.8794294 | AL25: =(($R$4*$V$6)/($R$4*$V$6+S25*AA25))*$V$7 -> 0 | AM25: =((S25*AA25)/($R$4*$V$6+S25*AA25))*AK25 -> 2.8794294 | AN25: =AL25+AM25 -> 2.8794294 | AO25: =(($R$4*$V$6)/($R$4*$V$6+S25*AA25))*$V$8 -> 0 | AP25: =((S25*AA25)/($R$4*$V$6+S25*AA25))*$V$4 -> 30 | AQ25: =AO25+AP25 -> 30 | AS25: =CU25 -> 0.96991442 | AU25: =EI25 -> 0.93465825 | AW25: =(V25)*(1/86400)/$V$10 -> 0.3657014 | AX25: =(W25)*(1/86400)/$V$10 -> 0.20524017 | AY25: =AW25+AX25 -> 0.57094157 | AZ25: =AW25/AY25 -> 0.64052334 | BA25: =1-AZ25 -> 0.35947666 | BB25: =1.071-(0.2218*((AY25^2)/($V$9))) -> 0.63719343 | BC25: =IF(BB25<0.13,0.13,BB25) -> 0.63719343 | BD25: =1.938*AW25*(AD25/AQ25)^(1/4) -> 0.80302437 | BE25: =1.938*AX25*(AD25/AQ25)^(1/4) -> 0.45067604 | BF25: =120.872*$V$9*SQRT(AD25/AQ25) -> 25.862536 | BG25: =0.15726*AN25*(1/(AD25*AQ25^3))^(1/4) -> 0.013321561 | BH25: =0.0019+0.0322*BG25-0.6642*BG25^2+4.9951*BG25^3 -> 0.0022228916 | BI25: =1-10.0147*BG25+33.8696*BG25^2+277.2817*BG25^3 -> 0.87325472 | BJ25: =BH25/BI25 -> 0.0025455249 | BK25: =BD25*($M$18^0.1)*BJ25 -> 0.0038275543 | BL25: =(BE25^0.575)*(14.7^0.1)*BF25 -> 21.398085 | BM25: =BK25/BL25 -> 0.00017887368 | BN25: =(0.0047+1123.32*BM25+729489.64*BM25^2) -> 0.22897299 | BO25: =(1+1097.1566*BM25+722153.97*BM25^2) -> 1.2193583 | BP25: =SQRT(BN25/BO25) -> 0.43333768 | BQ25: =(BE25*BG25^0.38)/BF25^2.14 -> 8.2809325e-05 | BR25: =1.0886-69.9473*BQ25+2334.3497*BQ25^2-12896.683*BQ25^3 -> 1.0828237 | BS25: =1-53.4401*BQ25+1517.9369*BQ25^2-8419.8115*BQ25^3 -> 0.99558507 | BT25: =BR25/BS25 -> 1.0876255 | BU25: =IF(W25<=0,1,(BP25*BT25)) -> 0.47130911 | BV25: =IF(W25>1,BP25*BT25,1) -> 0.47130911 | BW25: =IF($R$5=0,1,BV25) -> 0.47130911 | BX25: =AD25*AW25 -> 18.08178 | BY25: =EW25*AX25 -> 0.40174872 | BZ25: =$V$10*(BX25+BY25)*86400 -> 34840.712 | CA25: =(AN25^BU25)*EZ25^(1-BU25) -> 0.16746287 | CB25: =2.2*10^-2*BZ25/CA25/$V$9 -> 27462.648 | CC25: =$CD$15/3.7065 -> 0.00016187778 | CD25: =5.0452/CB25 -> 0.00018371134 | CE25: =LOG(($CD$15^1.1098/2.8257)+(7.149/CB25)^0.8981) -> -3.1563628 | CF25: =-4*LOG(CC25-(CD25*CE25)) -> 12.518999 | CG25: =1/CF25^2 -> 0.0063805891 | CH25: =BU25*AD25+(1-BU25)*EW25 -> 24.338348 | CI25: =CG25*BZ25^2/($V$9)^5/CH25 -> 2.4745713e+09 | CJ25: =(1/144)*(CH25+(CI25/74130000000)) -> 0.16924812 | CK25: =CJ25*$CK$14 -> 33.849625 | CL25: =CL24+200 -> 1600 | CM25: =C25+CK25 -> 775.71547 | CU25: =M25/$CS$18 -> 0.96991442 | CV25: 0.8 | CW25: =0.27*CU25/CV25/$CT$18 -> 0.19746363 | CX25: =($CW$12+$CY$12/$CT$18+$DA$12/$CT$18^3+$DC$12/$CT$18^4+$DE$12/$CT$18^5)*CW25 -> -0.086526981 | CY25: =($DG$12+$DI$12/$CT$18+$CW$13/$CT$18^2)*CW25^2 -> 0.0066506588 | CZ25: =$CY$13*($DI$12/$CT$18+$CW$13/$CT$18^2)*CW25^5 -> -1.1949939e-05 | DA25: =$DA$13*(1+$DC$13*CW25^2)*(CW25^2/$CT$18^3) -> 0.0053975744 | DB25: =EXP(-$DC$13*CW25^2) -> 0.97227835 | DC25: =1+CX25+CY25-CZ25+DA25*DB25 -> 0.92538357 | DD25: =DC25-CV25 -> 0.12538357 | DE25: 0.85 | DF25: =0.27*CU25/DE25/$CT$18 -> 0.18584812 | DG25: =($CW$12+$CY$12/$CT$18+$DA$12/$CT$18^3+$DC$12/$CT$18^4+$DE$12/$CT$18^5)*DF25 -> -0.081437159 | DH25: =($DG$12+$DI$12/$CT$18+$CW$13/$CT$18^2)*DF25^2 -> 0.005891241 | DI25: =$CY$13*($DI$12/$CT$18+$CW$13/$CT$18^2)*DF25^5 -> -8.8251275e-06 | DJ25: =$DA$13*(1+$DC$13*DF25^2)*DF25^2/$CT$18^3 -> 0.0047663136 | DK25: =EXP(-$DC$13*DF25^2) -> 0.97540453 | DL25: =1+DG25+DH25-DI25+DJ25*DK25 -> 0.92911199 | DM25: =DL25-DE25 -> 0.079111991 | DN25: =(DM25-DD25)/(DE25-CV25) -> -0.92543162 | DO25: =CV25-DD25/DN25 -> 0.93548659 | DP25: =DE25 -> 0.85 | DQ25: =0.27*CU25/DP25/$CT$18 -> 0.18584812 | DR25: =($CW$12+$CY$12/$CT$18+$DA$12/$CT$18^3+$DC$12/$CT$18^4+$DE$12/$CT$18^5)*DQ25 -> -0.081437159 | DS25: =($DG$12+$DI$12/$CT$18+$CW$13/$CT$18^2)*DQ25^2 -> 0.005891241 | DT25: =$CY$13*($DI$12/$CT$18+$CW$13/$CT$18^2)*DQ25^5 -> -8.8251275e-06 | DU25: =$DA$13*(1+$DC$13*DQ25^2)*(DQ25^2/$CT$18^3) -> 0.0047663136 | DV25: =EXP(-$DC$13*DQ25^2) -> 0.97540453 | DW25: =1+DR25+DS25-DT25+DU25*DV25 -> 0.92911199 | DX25: =DW25-DP25 -> 0.079111991 | DY25: =DO25 -> 0.93548659 | DZ25: =0.27*CU25/DY25/$CT$18 -> 0.16886496 | EA25: =($CW$12+$CY$12/$CT$18+$DA$12/$CT$18^3+$DC$12/$CT$18^4+$DE$12/$CT$18^5)*DZ25 -> -0.073995272 | EB25: =($DG$12+$DI$12/$CT$18+$CW$13/$CT$18^2)*DZ25^2 -> 0.0048637306 | EC25: =$CY$13*($DI$12/$CT$18+$CW$13/$CT$18^2)*DZ25^5 -> -5.4654735e-06 | ED25: =$DA$13*(1+$DC$13*DZ25^2)*DZ25^2/$CT$18^3 -> 0.0039183293 | EE25: =EXP(-$DC$13*DZ25^2) -> 0.97965032 | EF25: =1+EA25+EB25-EC25+ED25*EE25 -> 0.93471252 | EG25: =EF25-DY25 -> -0.00077407121 | EH25: =(EG25-DX25)/(DY25-DP25) -> -0.93448651 | EI25: =DP25-DX25/EH25 -> 0.93465825 | EM25: =M25 -> 646.93292 | EW25: =(EM25*$EQ$18)/(DO25*10.73*$EL$18) -> 1.9574565 | EX25: =EW25/67.0176 -> 0.029208097 | EY25: =EXP($EU$18*EX25^$EV$18) -> 1.0575725 | EZ25: =$ET$18*10^-4*EY25 -> 0.013262158 | FB25: 852.3 | FC25: 5140.8 | FE25: 2584.2 | FF25: 5999
C26: =E25 -> 775.71547 | D26: 553 | E26: =CM26 -> 809.92406 | F26: =D26-E26 -> -256.92406 | G26: =Sheet1!D27 -> 515.6 | H26: =Sheet1!F27 -> -290.67861 | I26: =ABS((F26-H26)/(D26-G26)) -> 0.90252823 | J26: =D26-F26*(1/I26) -> 837.67149 | K26: =AVERAGE(C26,D26) -> 664.35773 | M26: =K26 -> 664.35773 | Q26: =(($R$8*K26^1.0937)/27.64)*10^(11.172*$P$18) -> 100.25899 | S26: =$Z$6*EXP($Z$9*(1697-M26)) -> 1.2271983 | T26: =0.0283*AU26*($O$18)/M26 -> 0.024642032 | U26: =$R$3*($R$4+S26) -> 122.71983 | V26: =U26*5.615 -> 689.07187 | W26: =IF($R$5>0,T26*($R$10-Q26)*$R$3,0) -> 368.99228 | X26: =$Z$14+$AA$13*(Q26-$Y$14) -> 0.7999741 | Y26: =$Z$7 -> 48.33 | Z26: =S26/$Z$6 -> 1.0226653 | AA26: =Y26*Z26 -> 49.425413 | AB26: =($R$4*$V$6)+(S26*AA26) -> 60.654785 | AC26: =$R$4+S26 -> 1.2271983 | AD26: =AB26/AC26 -> 49.425413 | AI26: =10.715*(Q26+100)^-0.515 -> 0.69931411 | AJ26: =5.44*(Q26+150)^-0.338 -> 0.84128508 | AK26: =AI26*$AH$18^AJ26 -> 2.8424582 | AL26: =(($R$4*$V$6)/($R$4*$V$6+S26*AA26))*$V$7 -> 0 | AM26: =((S26*AA26)/($R$4*$V$6+S26*AA26))*AK26 -> 2.8424582 | AN26: =AL26+AM26 -> 2.8424582 | AO26: =(($R$4*$V$6)/($R$4*$V$6+S26*AA26))*$V$8 -> 0 | AP26: =((S26*AA26)/($R$4*$V$6+S26*AA26))*$V$4 -> 30 | AQ26: =AO26+AP26 -> 30 | AS26: =CU26 -> 0.99603858 | AU26: =EI26 -> 0.93304026 | AW26: =(V26)*(1/86400)/$V$10 -> 0.36556313 | AX26: =(W26)*(1/86400)/$V$10 -> 0.19575603 | AY26: =AW26+AX26 -> 0.56131915 | AZ26: =AW26/AY26 -> 0.65125717 | BA26: =1-AZ26 -> 0.34874283 | BB26: =1.071-(0.2218*((AY26^2)/($V$9))) -> 0.65169261 | BC26: =IF(BB26<0.13,0.13,BB26) -> 0.65169261 | BD26: =1.938*AW26*(AD26/AQ26)^(1/4) -> 0.80264484 | BE26: =1.938*AX26*(AD26/AQ26)^(1/4) -> 0.42980967 | BF26: =120.872*$V$9*SQRT(AD26/AQ26) -> 25.857646 | BG26: =0.15726*AN26*(1/(AD26*AQ26^3))^(1/4) -> 0.013151759 | BH26: =0.0019+0.0322*BG26-0.6642*BG26^2+4.9951*BG26^3 -> 0.0022199639 | BI26: =1-10.0147*BG26+33.8696*BG26^2+277.2817*BG26^3 -> 0.87477824 | BJ26: =BH26/BI26 -> 0.0025377447 | BK26: =BD26*($M$18^0.1)*BJ26 -> 0.0038140523 | BL26: =(BE26^0.575)*(14.7^0.1)*BF26 -> 20.818744 | BM26: =BK26/BL26 -> 0.00018320281 | BN26: =(0.0047+1123.32*BM26+729489.64*BM26^2) -> 0.23497943 | BO26: =(1+1097.1566*BM26+722153.97*BM26^2) -> 1.22524 | BP26: =SQRT(BN26/BO26) -> 0.43792964 | BQ26: =(BE26*BG26^0.38)/BF26^2.14 -> 7.8623e-05 | BR26: =1.0886-69.9473*BQ26+2334.3497*BQ26^2-12896.683*BQ26^3 -> 1.083115 | BS26: =1-53.4401*BQ26+1517.9369*BQ26^2-8419.8115*BQ26^3 -> 0.99580776 | BT26: =BR26/BS26 -> 1.0876748 | BU26: =IF(W26<=0,1,(BP26*BT26)) -> 0.47632501 | BV26: =IF(W26>1,BP26*BT26,1) -> 0.47632501 | BW26: =IF($R$5=0,1,BV26) -> 0.47632501 | BX26: =AD26*AW26 -> 18.068109 | BY26: =EW26*AX26 -> 0.39419325 | BZ26: =$V$10*(BX26+BY26)*86400 -> 34800.701 | CA26: =(AN26^BU26)*EZ26^(1-BU26) -> 0.17117386 | CB26: =2.2*10^-2*BZ26/CA26/$V$9 -> 26836.414 | CC26: =$CD$15/3.7065 -> 0.00016187778 | CD26: =5.0452/CB26 -> 0.00018799829 | CE26: =LOG(($CD$15^1.1098/2.8257)+(7.149/CB26)^0.8981) -> -3.1485676 | CF26: =-4*LOG(CC26-(CD26*CE26)) -> 12.490968 | CG26: =1/CF26^2 -> 0.0064092585 | CH26: =BU26*AD26+(1-BU26)*EW26 -> 24.597083 | CI26: =CG26*BZ26^2/($V$9)^5/CH26 -> 2.4538974e+09 | CJ26: =(1/144)*(CH26+(CI26/74130000000)) -> 0.17104296 | CK26: =CJ26*$CK$14 -> 34.208591 | CL26: =CL25+200 -> 1800 | CM26: =C26+CK26 -> 809.92406 | CU26: =M26/$CS$18 -> 0.99603858 | CV26: 0.8 | CW26: =0.27*CU26/CV26/$CT$18 -> 0.20278221 | CX26: =($CW$12+$CY$12/$CT$18+$DA$12/$CT$18^3+$DC$12/$CT$18^4+$DE$12/$CT$18^5)*CW26 -> -0.088857542 | CY26: =($DG$12+$DI$12/$CT$18+$CW$13/$CT$18^2)*CW26^2 -> 0.0070137479 | CZ26: =$CY$13*($DI$12/$CT$18+$CW$13/$CT$18^2)*CW26^5 -> -1.3648326e-05 | DA26: =$DA$13*(1+$DC$13*CW26^2)*(CW26^2/$CT$18^3) -> 0.0057007498 | DB26: =EXP(-$DC$13*CW26^2) -> 0.97078722 | DC26: =1+CX26+CY26-CZ26+DA26*DB26 -> 0.92370407 | DD26: =DC26-CV26 -> 0.12370407 | DE26: 0.85 | DF26: =0.27*CU26/DE26/$CT$18 -> 0.19085384 | DG26: =($CW$12+$CY$12/$CT$18+$DA$12/$CT$18^3+$DC$12/$CT$18^4+$DE$12/$CT$18^5)*DF26 -> -0.083630627 | DH26: =($DG$12+$DI$12/$CT$18+$CW$13/$CT$18^2)*DF26^2 -> 0.0062128701 | DI26: =$CY$13*($DI$12/$CT$18+$CW$13/$CT$18^2)*DF26^5 -> -1.0079401e-05 | DJ26: =$DA$13*(1+$DC$13*DF26^2)*DF26^2/$CT$18^3 -> 0.0050331957 | DK26: =EXP(-$DC$13*DF26^2) -> 0.9740793 | DL26: =1+DG26+DH26-DI26+DJ26*DK26 -> 0.92749505 | DM26: =DL26-DE26 -> 0.077495054 | DN26: =(DM26-DD26)/(DE26-CV26) -> -0.92418031 | DO26: =CV26-DD26/DN26 -> 0.93385274 | DP26: =DE26 -> 0.85 | DQ26: =0.27*CU26/DP26/$CT$18 -> 0.19085384 | DR26: =($CW$12+$CY$12/$CT$18+$DA$12/$CT$18^3+$DC$12/$CT$18^4+$DE$12/$CT$18^5)*DQ26 -> -0.083630627 | DS26: =($DG$12+$DI$12/$CT$18+$CW$13/$CT$18^2)*DQ26^2 -> 0.0062128701 | DT26: =$CY$13*($DI$12/$CT$18+$CW$13/$CT$18^2)*DQ26^5 -> -1.0079401e-05 | DU26: =$DA$13*(1+$DC$13*DQ26^2)*(DQ26^2/$CT$18^3) -> 0.0050331957 | DV26: =EXP(-$DC$13*DQ26^2) -> 0.9740793 | DW26: =1+DR26+DS26-DT26+DU26*DV26 -> 0.92749505 | DX26: =DW26-DP26 -> 0.077495054 | DY26: =DO26 -> 0.93385274 | DZ26: =0.27*CU26/DY26/$CT$18 -> 0.17371665 | EA26: =($CW$12+$CY$12/$CT$18+$DA$12/$CT$18^3+$DC$12/$CT$18^4+$DE$12/$CT$18^5)*DZ26 -> -0.076121245 | EB26: =($DG$12+$DI$12/$CT$18+$CW$13/$CT$18^2)*DZ26^2 -> 0.0051472271 | EC26: =$CY$13*($DI$12/$CT$18+$CW$13/$CT$18^2)*DZ26^5 -> -6.2970529e-06 | ED26: =$DA$13*(1+$DC$13*DZ26^2)*DZ26^2/$CT$18^3 -> 0.0041515896 | EE26: =EXP(-$DC$13*DZ26^2) -> 0.97847704 | EF26: =1+EA26+EB26-EC26+ED26*EE26 -> 0.93309451 | EG26: =EF26-DY26 -> -0.00075822804 | EH26: =(EG26-DX26)/(DY26-DP26) -> -0.93322269 | EI26: =DP26-DX26/EH26 -> 0.93304026 | EM26: =M26 -> 664.35773 | EW26: =(EM26*$EQ$18)/(DO26*10.73*$EL$18) -> 2.0136966 | EX26: =EW26/67.0176 -> 0.03004728 | EY26: =EXP($EU$18*EX26^$EV$18) -> 1.0597676 | EZ26: =$ET$18*10^-4*EY26 -> 0.013289686 | FB26: 982.9 | FC26: 5809.9 | FE26: 2966.7 | FF26: 6979.3
C27: =E26 -> 809.92406 | D27: 554 | E27: =CM27 -> 844.49572 | F27: =D27-E27 -> -290.49572 | G27: =Sheet1!D28 -> 515.7 | H27: =Sheet1!F28 -> -324.67796 | I27: =ABS((F27-H27)/(D27-G27)) -> 0.89248659 | J27: =D27-F27*(1/I27) -> 879.4903 | K27: =AVERAGE(C27,D27) -> 681.96203 | M27: =K27 -> 681.96203 | Q27: =(($R$8*K27^1.0937)/27.64)*10^(11.172*$P$18) -> 103.16818 | S27: =$Z$6*EXP($Z$9*(1697-M27)) -> 1.2267295 | T27: =0.0283*AU27*($O$18)/M27 -> 0.023964109 | U27: =$R$3*($R$4+S27) -> 122.67295 | V27: =U27*5.615 -> 688.80864 | W27: =IF($R$5>0,T27*($R$10-Q27)*$R$3,0) -> 351.86937 | X27: =$Z$14+$AA$13*(Q27-$Y$14) -> 0.79968318 | Y27: =$Z$7 -> 48.33 | Z27: =S27/$Z$6 -> 1.0222746 | AA27: =Y27*Z27 -> 49.406532 | AB27: =($R$4*$V$6)+(S27*AA27) -> 60.608453 | AC27: =$R$4+S27 -> 1.2267295 | AD27: =AB27/AC27 -> 49.406532 | AI27: =10.715*(Q27+100)^-0.515 -> 0.69413908 | AJ27: =5.44*(Q27+150)^-0.338 -> 0.83800501 | AK27: =AI27*$AH$18^AJ27 -> 2.8060396 | AL27: =(($R$4*$V$6)/($R$4*$V$6+S27*AA27))*$V$7 -> 0 | AM27: =((S27*AA27)/($R$4*$V$6+S27*AA27))*AK27 -> 2.8060396 | AN27: =AL27+AM27 -> 2.8060396 | AO27: =(($R$4*$V$6)/($R$4*$V$6+S27*AA27))*$V$8 -> 0 | AP27: =((S27*AA27)/($R$4*$V$6+S27*AA27))*$V$4 -> 30 | AQ27: =AO27+AP27 -> 30 | AS27: =CU27 -> 1.0224318 | AU27: =EI27 -> 0.93141527 | AW27: =(V27)*(1/86400)/$V$10 -> 0.36542348 | AX27: =(W27)*(1/86400)/$V$10 -> 0.18667206 | AY27: =AW27+AX27 -> 0.55209554 | AZ27: =AW27/AY27 -> 0.6618845 | BA27: =1-AZ27 -> 0.3381155 | BB27: =1.071-(0.2218*((AY27^2)/($V$9))) -> 0.66535953 | BC27: =IF(BB27<0.13,0.13,BB27) -> 0.66535953 | BD27: =1.938*AW27*(AD27/AQ27)^(1/4) -> 0.80226159 | BE27: =1.938*AX27*(AD27/AQ27)^(1/4) -> 0.40982541 | BF27: =120.872*$V$9*SQRT(AD27/AQ27) -> 25.852707 | BG27: =0.15726*AN27*(1/(AD27*AQ27^3))^(1/4) -> 0.012984494 | BH27: =0.0019+0.0322*BG27-0.6642*BG27^2+4.9951*BG27^3 -> 0.0022170535 | BI27: =1-10.0147*BG27+33.8696*BG27^2+277.2817*BG27^3 -> 0.87628151 | BJ27: =BH27/BI27 -> 0.00253007 | BK27: =BD27*($M$18^0.1)*BJ27 -> 0.003800702 | BL27: =(BE27^0.575)*(14.7^0.1)*BF27 -> 20.252662 | BM27: =BK27/BL27 -> 0.00018766432 | BN27: =(0.0047+1123.32*BM27+729489.64*BM27^2) -> 0.24119818 | BO27: =(1+1097.1566*BM27+722153.97*BM27^2) -> 1.2313299 | BP27: =SQRT(BN27/BO27) -> 0.44258817 | BQ27: =(BE27*BG27^0.38)/BF27^2.14 -> 7.4634136e-05 | BR27: =1.0886-69.9473*BQ27+2334.3497*BQ27^2-12896.683*BQ27^3 -> 1.0833925 | BS27: =1-53.4401*BQ27+1517.9369*BQ27^2-8419.8115*BQ27^3 -> 0.99602 | BT27: =BR27/BS27 -> 1.0877217 | BU27: =IF(W27<=0,1,(BP27*BT27)) -> 0.48141275 | BV27: =IF(W27>1,BP27*BT27,1) -> 0.48141275 | BW27: =IF($R$5=0,1,BV27) -> 0.48141275 | BX27: =AD27*AW27 -> 18.054307 | BY27: =EW27*AX27 -> 0.3865412 | BZ27: =$V$10*(BX27+BY27)*86400 -> 34760.261 | CA27: =(AN27^BU27)*EZ27^(1-BU27) -> 0.17501441 | CB27: =2.2*10^-2*BZ27/CA27/$V$9 -> 26217.009 | CC27: =$CD$15/3.7065 -> 0.00016187778 | CD27: =5.0452/CB27 -> 0.00019243995 | CE27: =LOG(($CD$15^1.1098/2.8257)+(7.149/CB27)^0.8981) -> -3.1406545 | CF27: =-4*LOG(CC27-(CD27*CE27)) -> 12.462484 | CG27: =1/CF27^2 -> 0.0064385904 | CH27: =BU27*AD27+(1-BU27)*EW27 -> 24.858771 | CI27: =CG27*BZ27^2/($V$9)^5/CH27 -> 2.4335118e+09 | CJ27: =(1/144)*(CH27+(CI27/74130000000)) -> 0.17285833 | CK27: =CJ27*$CK$14 -> 34.571665 | CL27: =CL26+200 -> 2000 | CM27: =C27+CK27 -> 844.49572 | CU27: =M27/$CS$18 -> 1.0224318 | CV27: 0.8 | CW27: =0.27*CU27/CV27/$CT$18 -> 0.20815558 | CX27: =($CW$12+$CY$12/$CT$18+$DA$12/$CT$18^3+$DC$12/$CT$18^4+$DE$12/$CT$18^5)*CW27 -> -0.091212108 | CY27: =($DG$12+$DI$12/$CT$18+$CW$13/$CT$18^2)*CW27^2 -> 0.0073903763 | CZ27: =$CY$13*($DI$12/$CT$18+$CW$13/$CT$18^2)*CW27^5 -> -1.5555014e-05 | DA27: =$DA$13*(1+$DC$13*CW27^2)*(CW27^2/$CT$18^3) -> 0.0060161599 | DB27: =EXP(-$DC$13*CW27^2) -> 0.9692429 | DC27: =1+CX27+CY27-CZ27+DA27*DB27 -> 0.92202494 | DD27: =DC27-CV27 -> 0.12202494 | DE27: 0.85 | DF27: =0.27*CU27/DE27/$CT$18 -> 0.19591113 | DG27: =($CW$12+$CY$12/$CT$18+$DA$12/$CT$18^3+$DC$12/$CT$18^4+$DE$12/$CT$18^5)*DF27 -> -0.08584669 | DH27: =($DG$12+$DI$12/$CT$18+$CW$13/$CT$18^2)*DF27^2 -> 0.0065464925 | DI27: =$CY$13*($DI$12/$CT$18+$CW$13/$CT$18^2)*DF27^5 -> -1.1487505e-05 | DJ27: =$DA$13*(1+$DC$13*DF27^2)*DF27^2/$CT$18^3 -> 0.0053107591 | DK27: =EXP(-$DC$13*DF27^2) -> 0.97270656 | DL27: =1+DG27+DH27-DI27+DJ27*DK27 -> 0.9258771 | DM27: =DL27-DE27 -> 0.0758771 | DN27: =(DM27-DD27)/(DE27-CV27) -> -0.92295686 | DO27: =CV27-DD27/DN27 -> 0.93221088 | DP27: =DE27 -> 0.85 | DQ27: =0.27*CU27/DP27/$CT$18 -> 0.19591113 | DR27: =($CW$12+$CY$12/$CT$18+$DA$12/$CT$18^3+$DC$12/$CT$18^4+$DE$12/$CT$18^5)*DQ27 -> -0.08584669 | DS27: =($DG$12+$DI$12/$CT$18+$CW$13/$CT$18^2)*DQ27^2 -> 0.0065464925 | DT27: =$CY$13*($DI$12/$CT$18+$CW$13/$CT$18^2)*DQ27^5 -> -1.1487505e-05 | DU27: =$DA$13*(1+$DC$13*DQ27^2)*(DQ27^2/$CT$18^3) -> 0.0053107591 | DV27: =EXP(-$DC$13*DQ27^2) -> 0.97270656 | DW27: =1+DR27+DS27-DT27+DU27*DV27 -> 0.9258771 | DX27: =DW27-DP27 -> 0.0758771 | DY27: =DO27 -> 0.93221088 | DZ27: =0.27*CU27/DY27/$CT$18 -> 0.1786339 | EA27: =($CW$12+$CY$12/$CT$18+$DA$12/$CT$18^3+$DC$12/$CT$18^4+$DE$12/$CT$18^5)*DZ27 -> -0.078275943 | EB27: =($DG$12+$DI$12/$CT$18+$CW$13/$CT$18^2)*DZ27^2 -> 0.0054427475 | EC27: =$CY$13*($DI$12/$CT$18+$CW$13/$CT$18^2)*DZ27^5 -> -7.240182e-06 | ED27: =$DA$13*(1+$DC$13*DZ27^2)*DZ27^2/$CT$18^3 -> 0.0043953141 | EE27: =EXP(-$DC$13*DZ27^2) -> 0.97725549 | EF27: =1+EA27+EB27-EC27+ED27*EE27 -> 0.93146939 | EG27: =EF27-DY27 -> -0.00074149553 | EH27: =(EG27-DX27)/(DY27-DP27) -> -0.9319763 | EI27: =DP27-DX27/EH27 -> 0.93141527 | EM27: =M27 -> 681.96203 | EW27: =(EM27*$EQ$18)/(DO27*10.73*$EL$18) -> 2.0706966 | EX27: =EW27/67.0176 -> 0.030897803 | EY27: =EXP($EU$18*EX27^$EV$18) -> 1.062015 | EZ27: =$ET$18*10^-4*EY27 -> 0.013317868 | FB27: 1126.1 | FC27: 6364.5 | FE27: 3385.2 | FF27: 8017.3
C28: =E27 -> 844.49572 | D28: 555 | E28: =CM28 -> 879.43497 | F28: =D28-E28 -> -324.43497 | G28: =Sheet1!D29 -> 515.8 | H28: =Sheet1!F29 -> -359.0296 | I28: =ABS((F28-H28)/(D28-G28)) -> 0.88251617 | J28: =D28-F28*(1/I28) -> 922.62495 | K28: =AVERAGE(C28,D28) -> 699.74786 | M28: =K28 -> 699.74786 | Q28: =(($R$8*K28^1.0937)/27.64)*10^(11.172*$P$18) -> 106.11453 | S28: =$Z$6*EXP($Z$9*(1697-M28)) -> 1.2262561 | T28: =0.0283*AU28*($O$18)/M28 -> 0.023314087 | U28: =$R$3*($R$4+S28) -> 122.62561 | V28: =U28*5.615 -> 688.5428 | W28: =IF($R$5>0,T28*($R$10-Q28)*$R$3,0) -> 335.45584 | X28: =$Z$14+$AA$13*(Q28-$Y$14) -> 0.79938855 | Y28: =$Z$7 -> 48.33 | Z28: =S28/$Z$6 -> 1.0218801 | AA28: =Y28*Z28 -> 49.387464 | AB28: =($R$4*$V$6)+(S28*AA28) -> 60.561679 | AC28: =$R$4+S28 -> 1.2262561 | AD28: =AB28/AC28 -> 49.387464 | AI28: =10.715*(Q28+100)^-0.515 -> 0.68901114 | AJ28: =5.44*(Q28+150)^-0.338 -> 0.83473406 | AK28: =AI28*$AH$18^AJ28 -> 2.770165 | AL28: =(($R$4*$V$6)/($R$4*$V$6+S28*AA28))*$V$7 -> 0 | AM28: =((S28*AA28)/($R$4*$V$6+S28*AA28))*AK28 -> 2.770165 | AN28: =AL28+AM28 -> 2.770165 | AO28: =(($R$4*$V$6)/($R$4*$V$6+S28*AA28))*$V$8 -> 0 | AP28: =((S28*AA28)/($R$4*$V$6+S28*AA28))*$V$4 -> 30 | AQ28: =AO28+AP28 -> 30 | AS28: =CU28 -> 1.0490972 | AU28: =EI28 -> 0.92978357 | AW28: =(V28)*(1/86400)/$V$10 -> 0.36528245 | AX28: =(W28)*(1/86400)/$V$10 -> 0.17796443 | AY28: =AW28+AX28 -> 0.54324688 | AZ28: =AW28/AY28 -> 0.67240597 | BA28: =1-AZ28 -> 0.32759403 | BB28: =1.071-(0.2218*((AY28^2)/($V$9))) -> 0.67825807 | BC28: =IF(BB28<0.13,0.13,BB28) -> 0.67825807 | BD28: =1.938*AW28*(AD28/AQ28)^(1/4) -> 0.80187457 | BE28: =1.938*AX28*(AD28/AQ28)^(1/4) -> 0.39067071 | BF28: =120.872*$V$9*SQRT(AD28/AQ28) -> 25.847717 | BG28: =0.15726*AN28*(1/(AD28*AQ28^3))^(1/4) -> 0.012819727 | BH28: =0.0019+0.0322*BG28-0.6642*BG28^2+4.9951*BG28^3 -> 0.002214161 | BI28: =1-10.0147*BG28+33.8696*BG28^2+277.2817*BG28^3 -> 0.87776479 | BJ28: =BH28/BI28 -> 0.0025224992 | BK28: =BD28*($M$18^0.1)*BJ28 -> 0.0037875012 | BL28: =(BE28^0.575)*(14.7^0.1)*BF28 -> 19.699045 | BM28: =BK28/BL28 -> 0.00019226826 | BN28: =(0.0047+1123.32*BM28+729489.64*BM28^2) -> 0.24764589 | BO28: =(1+1097.1566*BM28+722153.97*BM28^2) -> 1.2376443 | BP28: =SQRT(BN28/BO28) -> 0.4473193 | BQ28: =(BE28*BG28^0.38)/BF28^2.14 -> 7.0830662e-05 | BR28: =1.0886-69.9473*BQ28+2334.3497*BQ28^2-12896.683*BQ28^3 -> 1.0836573 | BS28: =1-53.4401*BQ28+1517.9369*BQ28^2-8419.8115*BQ28^3 -> 0.99622241 | BT28: =BR28/BS28 -> 1.0877664 | BU28: =IF(W28<=0,1,(BP28*BT28)) -> 0.48657892 | BV28: =IF(W28>1,BP28*BT28,1) -> 0.48657892 | BW28: =IF($R$5=0,1,BV28) -> 0.48657892 | BX28: =AD28*AW28 -> 18.040374 | BY28: =EW28*AX28 -> 0.3787915 | BZ28: =$V$10*(BX28+BY28)*86400 -> 34719.39 | CA28: =(AN28^BU28)*EZ28^(1-BU28) -> 0.17899532 | CB28: =2.2*10^-2*BZ28/CA28/$V$9 -> 25603.795 | CC28: =$CD$15/3.7065 -> 0.00016187778 | CD28: =5.0452/CB28 -> 0.00019704891 | CE28: =LOG(($CD$15^1.1098/2.8257)+(7.149/CB28)^0.8981) -> -3.132612 | CF28: =-4*LOG(CC28-(CD28*CE28)) -> 12.433503 | CG28: =1/CF28^2 -> 0.0064686399 | CH28: =BU28*AD28+(1-BU28)*EW28 -> 25.123699 | CI28: =CG28*BZ28^2/($V$9)^5/CH28 -> 2.4134028e+09 | CJ28: =(1/144)*(CH28+(CI28/74130000000)) -> 0.17469622 | CK28: =CJ28*$CK$14 -> 34.939243 | CL28: =CL27+200 -> 2200 | CM28: =C28+CK28 -> 879.43497 | CU28: =M28/$CS$18 -> 1.0490972 | CV28: 0.8 | CW28: =0.27*CU28/CV28/$CT$18 -> 0.21358435 | CX28: =($CW$12+$CY$12/$CT$18+$DA$12/$CT$18^3+$DC$12/$CT$18^4+$DE$12/$CT$18^5)*CW28 -> -0.093590955 | CY28: =($DG$12+$DI$12/$CT$18+$CW$13/$CT$18^2)*CW28^2 -> 0.0077808909 | CZ28: =$CY$13*($DI$12/$CT$18+$CW$13/$CT$18^2)*CW28^5 -> -1.7692016e-05 | DA28: =$DA$13*(1+$DC$13*CW28^2)*(CW28^2/$CT$18^3) -> 0.0063441988 | DB28: =EXP(-$DC$13*CW28^2) -> 0.96764424 | DC28: =1+CX28+CY28-CZ28+DA28*DB28 -> 0.92034656 | DD28: =DC28-CV28 -> 0.12034656 | DE28: 0.85 | DF28: =0.27*CU28/DE28/$CT$18 -> 0.20102057 | DG28: =($CW$12+$CY$12/$CT$18+$DA$12/$CT$18^3+$DC$12/$CT$18^4+$DE$12/$CT$18^5)*DF28 -> -0.088085605 | DH28: =($DG$12+$DI$12/$CT$18+$CW$13/$CT$18^2)*DF28^2 -> 0.0068924154 | DI28: =$CY$13*($DI$12/$CT$18+$CW$13/$CT$18^2)*DF28^5 -> -1.3065698e-05 | DJ28: =$DA$13*(1+$DC$13*DF28^2)*DF28^2/$CT$18^3 -> 0.0055993406 | DK28: =EXP(-$DC$13*DF28^2) -> 0.97128525 | DL28: =1+DG28+DH28-DI28+DJ28*DK28 -> 0.92425843 | DM28: =DL28-DE28 -> 0.074258433 | DN28: =(DM28-DD28)/(DE28-CV28) -> -0.92176244 | DO28: =CV28-DD28/DN28 -> 0.93056136 | DP28: =DE28 -> 0.85 | DQ28: =0.27*CU28/DP28/$CT$18 -> 0.20102057 | DR28: =($CW$12+$CY$12/$CT$18+$DA$12/$CT$18^3+$DC$12/$CT$18^4+$DE$12/$CT$18^5)*DQ28 -> -0.088085605 | DS28: =($DG$12+$DI$12/$CT$18+$CW$13/$CT$18^2)*DQ28^2 -> 0.0068924154 | DT28: =$CY$13*($DI$12/$CT$18+$CW$13/$CT$18^2)*DQ28^5 -> -1.3065698e-05 | DU28: =$DA$13*(1+$DC$13*DQ28^2)*(DQ28^2/$CT$18^3) -> 0.0055993406 | DV28: =EXP(-$DC$13*DQ28^2) -> 0.97128525 | DW28: =1+DR28+DS28-DT28+DU28*DV28 -> 0.92425843 | DX28: =DW28-DP28 -> 0.074258433 | DY28: =DO28 -> 0.93056136 | DZ28: =0.27*CU28/DY28/$CT$18 -> 0.18361764 | EA28: =($CW$12+$CY$12/$CT$18+$DA$12/$CT$18^3+$DC$12/$CT$18^4+$DE$12/$CT$18^5)*DZ28 -> -0.080459782 | EB28: =($DG$12+$DI$12/$CT$18+$CW$13/$CT$18^2)*DZ28^2 -> 0.0057506809 | EC28: =$CY$13*($DI$12/$CT$18+$CW$13/$CT$18^2)*DZ28^5 -> -8.308109e-06 | ED28: =$DA$13*(1+$DC$13*DZ28^2)*DZ28^2/$CT$18^3 -> 0.0046498961 | EE28: =EXP(-$DC$13*DZ28^2) -> 0.97598425 | EF28: =1+EA28+EB28-EC28+ED28*EE28 -> 0.92983743 | EG28: =EF28-DY28 -> -0.00072392533 | EH28: =(EG28-DX28)/(DY28-DP28) -> -0.93074845 | EI28: =DP28-DX28/EH28 -> 0.92978357 | EM28: =M28 -> 699.74786 | EW28: =(EM28*$EQ$18)/(DO28*10.73*$EL$18) -> 2.1284674 | EX28: =EW28/67.0176 -> 0.031759828 | EY28: =EXP($EU$18*EX28^$EV$18) -> 1.0643157 | EZ28: =$ET$18*10^-4*EY28 -> 0.013346719 | FB28: 1269.1 | FC28: 6957.3 | FE28: 3815.9 | FF28: 9017.2
C29: =E28 -> 879.43497 | D29: 556 | E29: =CM29 -> 914.74671 | F29: =D29-E29 -> -358.74671 | G29: =Sheet1!D30 -> 515.9 | H29: =Sheet1!F30 -> -393.73782 | I29: =ABS((F29-H29)/(D29-G29)) -> 0.87259613 | J29: =D29-F29*(1/I29) -> 967.12572 | K29: =AVERAGE(C29,D29) -> 717.71748 | M29: =K29 -> 717.71748 | Q29: =(($R$8*K29^1.0937)/27.64)*10^(11.172*$P$18) -> 109.09846 | S29: =$Z$6*EXP($Z$9*(1697-M29)) -> 1.2257779 | T29: =0.0283*AU29*($O$18)/M29 -> 0.022690321 | U29: =$R$3*($R$4+S29) -> 122.57779 | V29: =U29*5.615 -> 688.27431 | W29: =IF($R$5>0,T29*($R$10-Q29)*$R$3,0) -> 319.71012 | X29: =$Z$14+$AA$13*(Q29-$Y$14) -> 0.79909015 | Y29: =$Z$7 -> 48.33 | Z29: =S29/$Z$6 -> 1.0214816 | AA29: =Y29*Z29 -> 49.368206 | AB29: =($R$4*$V$6)+(S29*AA29) -> 60.514458 | AC29: =$R$4+S29 -> 1.2257779 | AD29: =AB29/AC29 -> 49.368206 | AI29: =10.715*(Q29+100)^-0.515 -> 0.68392975 | AJ29: =5.44*(Q29+150)^-0.338 -> 0.8314723 | AK29: =AI29*$AH$18^AJ29 -> 2.7348256 | AL29: =(($R$4*$V$6)/($R$4*$V$6+S29*AA29))*$V$7 -> 0 | AM29: =((S29*AA29)/($R$4*$V$6+S29*AA29))*AK29 -> 2.7348256 | AN29: =AL29+AM29 -> 2.7348256 | AO29: =(($R$4*$V$6)/($R$4*$V$6+S29*AA29))*$V$8 -> 0 | AP29: =((S29*AA29)/($R$4*$V$6+S29*AA29))*$V$4 -> 30 | AQ29: =AO29+AP29 -> 30 | AS29: =CU29 -> 1.0760382 | AU29: =EI29 -> 0.92814546 | AW29: =(V29)*(1/86400)/$V$10 -> 0.36514001 | AX29: =(W29)*(1/86400)/$V$10 -> 0.16961109 | AY29: =AW29+AX29 -> 0.5347511 | AZ29: =AW29/AY29 -> 0.68282236 | BA29: =1-AZ29 -> 0.31717764 | BB29: =1.071-(0.2218*((AY29^2)/($V$9))) -> 0.69044611 | BC29: =IF(BB29<0.13,0.13,BB29) -> 0.69044611 | BD29: =1.938*AW29*(AD29/AQ29)^(1/4) -> 0.80148375 | BE29: =1.938*AX29*(AD29/AQ29)^(1/4) -> 0.372297 | BF29: =120.872*$V$9*SQRT(AD29/AQ29) -> 25.842677 | BG29: =0.15726*AN29*(1/(AD29*AQ29^3))^(1/4) -> 0.012657418 | BH29: =0.0019+0.0322*BG29-0.6642*BG29^2+4.9951*BG29^3 -> 0.0022112865 | BI29: =1-10.0147*BG29+33.8696*BG29^2+277.2817*BG29^3 -> 0.87922829 | BJ29: =BH29/BI29 -> 0.0025150311 | BK29: =BD29*($M$18^0.1)*BJ29 -> 0.0037744474 | BL29: =(BE29^0.575)*(14.7^0.1)*BF29 -> 19.157142 | BM29: =BK29/BL29 -> 0.0001970256 | BN29: =(0.0047+1123.32*BM29+729489.64*BM29^2) -> 0.25434092 | BO29: =(1+1097.1566*BM29+722153.97*BM29^2) -> 1.2442013 | BP29: =SQRT(BN29/BO29) -> 0.45212944 | BQ29: =(BE29*BG29^0.38)/BF29^2.14 -> 6.7201417e-05 | BR29: =1.0886-69.9473*BQ29+2334.3497*BQ29^2-12896.683*BQ29^3 -> 1.08391 | BS29: =1-53.4401*BQ29+1517.9369*BQ29^2-8419.8115*BQ29^3 -> 0.9964156 | BT29: =BR29/BS29 -> 1.0878091 | BU29: =IF(W29<=0,1,(BP29*BT29)) -> 0.49183053 | BV29: =IF(W29>1,BP29*BT29,1) -> 0.49183053 | BW29: =IF($R$5=0,1,BV29) -> 0.49183053 | BX29: =AD29*AW29 -> 18.026307 | BY29: =EW29*AX29 -> 0.37094297 | BZ29: =$V$10*(BX29+BY29)*86400 -> 34678.081 | CA29: =(AN29^BU29)*EZ29^(1-BU29) -> 0.18312842 | CB29: =2.2*10^-2*BZ29/CA29/$V$9 -> 24996.157 | CC29: =$CD$15/3.7065 -> 0.00016187778 | CD29: =5.0452/CB29 -> 0.00020183902 | CE29: =LOG(($CD$15^1.1098/2.8257)+(7.149/CB29)^0.8981) -> -3.1244282 | CF29: =-4*LOG(CC29-(CD29*CE29)) -> 12.403983 | CG29: =1/CF29^2 -> 0.0064994665 | CH29: =BU29*AD29+(1-BU29)*EW29 -> 25.392168 | CI29: =CG29*BZ29^2/($V$9)^5/CH29 -> 2.3935598e+09 | CJ29: =(1/144)*(CH29+(CI29/74130000000)) -> 0.17655873 | CK29: =CJ29*$CK$14 -> 35.311746 | CL29: =CL28+200 -> 2400 | CM29: =C29+CK29 -> 914.74671 | CU29: =M29/$CS$18 -> 1.0760382 | CV29: 0.8 | CW29: =0.27*CU29/CV29/$CT$18 -> 0.21906923 | CX29: =($CW$12+$CY$12/$CT$18+$DA$12/$CT$18^3+$DC$12/$CT$18^4+$DE$12/$CT$18^5)*CW29 -> -0.095994384 | CY29: =($DG$12+$DI$12/$CT$18+$CW$13/$CT$18^2)*CW29^2 -> 0.0081856508 | CZ29: =$CY$13*($DI$12/$CT$18+$CW$13/$CT$18^2)*CW29^5 -> -2.0083391e-05 | DA29: =$DA$13*(1+$DC$13*CW29^2)*(CW29^2/$CT$18^3) -> 0.0066852781 | DB29: =EXP(-$DC$13*CW29^2) -> 0.96599005 | DC29: =1+CX29+CY29-CZ29+DA29*DB29 -> 0.91866926 | DD29: =DC29-CV29 -> 0.11866926 | DE29: 0.85 | DF29: =0.27*CU29/DE29/$CT$18 -> 0.2061828 | DG29: =($CW$12+$CY$12/$CT$18+$DA$12/$CT$18^3+$DC$12/$CT$18^4+$DE$12/$CT$18^5)*DF29 -> -0.090347655 | DH29: =($DG$12+$DI$12/$CT$18+$CW$13/$CT$18^2)*DF29^2 -> 0.0072509571 | DI29: =$CY$13*($DI$12/$CT$18+$CW$13/$CT$18^2)*DF29^5 -> -1.4831749e-05 | DJ29: =$DA$13*(1+$DC$13*DF29^2)*DF29^2/$CT$18^3 -> 0.005899292 | DK29: =EXP(-$DC$13*DF29^2) -> 0.96981429 | DL29: =1+DG29+DH29-DI29+DJ29*DK29 -> 0.92263935 | DM29: =DL29-DE29 -> 0.072639351 | DN29: =(DM29-DD29)/(DE29-CV29) -> -0.92059823 | DO29: =CV29-DD29/DN29 -> 0.92890451 | DP29: =DE29 -> 0.85 | DQ29: =0.27*CU29/DP29/$CT$18 -> 0.2061828 | DR29: =($CW$12+$CY$12/$CT$18+$DA$12/$CT$18^3+$DC$12/$CT$18^4+$DE$12/$CT$18^5)*DQ29 -> -0.090347655 | DS29: =($DG$12+$DI$12/$CT$18+$CW$13/$CT$18^2)*DQ29^2 -> 0.0072509571 | DT29: =$CY$13*($DI$12/$CT$18+$CW$13/$CT$18^2)*DQ29^5 -> -1.4831749e-05 | DU29: =$DA$13*(1+$DC$13*DQ29^2)*(DQ29^2/$CT$18^3) -> 0.005899292 | DV29: =EXP(-$DC$13*DQ29^2) -> 0.96981429 | DW29: =1+DR29+DS29-DT29+DU29*DV29 -> 0.92263935 | DX29: =DW29-DP29 -> 0.072639351 | DY29: =DO29 -> 0.92890451 | DZ29: =0.27*CU29/DY29/$CT$18 -> 0.18866889 | EA29: =($CW$12+$CY$12/$CT$18+$DA$12/$CT$18^3+$DC$12/$CT$18^4+$DE$12/$CT$18^5)*DZ29 -> -0.082673199 | EB29: =($DG$12+$DI$12/$CT$18+$CW$13/$CT$18^2)*DZ29^2 -> 0.0060714308 | EC29: =$CY$13*($DI$12/$CT$18+$CW$13/$CT$18^2)*DZ29^5 -> -9.5155004e-06 | ED29: =$DA$13*(1+$DC$13*DZ29^2)*DZ29^2/$CT$18^3 -> 0.0049157468 | EE29: =EXP(-$DC$13*DZ29^2) -> 0.97466186 | EF29: =1+EA29+EB29-EC29+ED29*EE29 -> 0.92819894 | EG29: =EF29-DY29 -> -0.00070557053 | EH29: =(EG29-DX29)/(DY29-DP29) -> -0.92954031 | EI29: =DP29-DX29/EH29 -> 0.92814546 | EM29: =M29 -> 717.71748 | EW29: =(EM29*$EQ$18)/(DO29*10.73*$EL$18) -> 2.1870207 | EX29: =EW29/67.0176 -> 0.032633528 | EY29: =EXP($EU$18*EX29^$EV$18) -> 1.0666708 | EZ29: =$ET$18*10^-4*EY29 -> 0.013376253 | FB29: 1400.4 | FC29: 7435.5 | FE29: 4222.5 | FF29: 9997.6
C30: =E29 -> 914.74671 | D30: 557 | E30: =CM30 -> 950.43633 | F30: =D30-E30 -> -393.43633 | G30: =Sheet1!D31 -> 516 | H30: =Sheet1!F31 -> -428.80728 | I30: =ABS((F30-H30)/(D30-G30)) -> 0.86270594 | J30: =D30-F30*(1/I30) -> 1013.0492 | K30: =AVERAGE(C30,D30) -> 735.87336 | M30: =K30 -> 735.87336 | Q30: =(($R$8*K30^1.0937)/27.64)*10^(11.172*$P$18) -> 112.12043 | S30: =$Z$6*EXP($Z$9*(1697-M30)) -> 1.225295 | T30: =0.0283*AU30*($O$18)/M30 -> 0.022091288 | U30: =$R$3*($R$4+S30) -> 122.5295 | V30: =U30*5.615 -> 688.00315 | W30: =IF($R$5>0,T30*($R$10-Q30)*$R$3,0) -> 304.59372 | X30: =$Z$14+$AA$13*(Q30-$Y$14) -> 0.79878796 | Y30: =$Z$7 -> 48.33 | Z30: =S30/$Z$6 -> 1.0210792 | AA30: =Y30*Z30 -> 49.348757 | AB30: =($R$4*$V$6)+(S30*AA30) -> 60.466786 | AC30: =$R$4+S30 -> 1.225295 | AD30: =AB30/AC30 -> 49.348757 | AI30: =10.715*(Q30+100)^-0.515 -> 0.67889433 | AJ30: =5.44*(Q30+150)^-0.338 -> 0.82821979 | AK30: =AI30*$AH$18^AJ30 -> 2.7000125 | AL30: =(($R$4*$V$6)/($R$4*$V$6+S30*AA30))*$V$7 -> 0 | AM30: =((S30*AA30)/($R$4*$V$6+S30*AA30))*AK30 -> 2.7000125 | AN30: =AL30+AM30 -> 2.7000125 | AO30: =(($R$4*$V$6)/($R$4*$V$6+S30*AA30))*$V$8 -> 0 | AP30: =((S30*AA30)/($R$4*$V$6+S30*AA30))*$V$4 -> 30 | AQ30: =AO30+AP30 -> 30 | AS30: =CU30 -> 1.1032584 | AU30: =EI30 -> 0.92650123 | AW30: =(V30)*(1/86400)/$V$10 -> 0.36499615 | AX30: =(W30)*(1/86400)/$V$10 -> 0.16159161 | AY30: =AW30+AX30 -> 0.52658777 | AZ30: =AW30/AY30 -> 0.69313451 | BA30: =1-AZ30 -> 0.30686549 | BB30: =1.071-(0.2218*((AY30^2)/($V$9))) -> 0.70197625 | BC30: =IF(BB30<0.13,0.13,BB30) -> 0.70197625 | BD30: =1.938*AW30*(AD30/AQ30)^(1/4) -> 0.80108906 | BE30: =1.938*AX30*(AD30/AQ30)^(1/4) -> 0.35465928 | BF30: =120.872*$V$9*SQRT(AD30/AQ30) -> 25.837586 | BG30: =0.15726*AN30*(1/(AD30*AQ30^3))^(1/4) -> 0.012497526 | BH30: =0.0019+0.0322*BG30-0.6642*BG30^2+4.9951*BG30^3 -> 0.0022084304 | BI30: =1-10.0147*BG30+33.8696*BG30^2+277.2817*BG30^3 -> 0.8806723 | BJ30: =BH30/BI30 -> 0.0025076642 | BK30: =BD30*($M$18^0.1)*BJ30 -> 0.0037615382 | BL30: =(BE30^0.575)*(14.7^0.1)*BF30 -> 18.62624 | BM30: =BK30/BL30 -> 0.00020194834 | BN30: =(0.0047+1123.32*BM30+729489.64*BM30^2) -> 0.26130349 | BO30: =(1+1097.1566*BM30+722153.97*BM30^2) -> 1.2510207 | BP30: =SQRT(BN30/BO30) -> 0.45702543 | BQ30: =(BE30*BG30^0.38)/BF30^2.14 -> 6.3736075e-05 | BR30: =1.0886-69.9473*BQ30+2334.3497*BQ30^2-12896.683*BQ30^3 -> 1.0841513 | BS30: =1-53.4401*BQ30+1517.9369*BQ30^2-8419.8115*BQ30^3 -> 0.9966001 | BT30: =BR30/BS30 -> 1.0878499 | BU30: =IF(W30<=0,1,(BP30*BT30)) -> 0.49717506 | BV30: =IF(W30>1,BP30*BT30,1) -> 0.49717506 | BW30: =IF($R$5=0,1,BV30) -> 0.49717506 | BX30: =AD30*AW30 -> 18.012106 | BY30: =EW30*AX30 -> 0.36299434 | BZ30: =$V$10*(BX30+BY30)*86400 -> 34636.33 | CA30: =(AN30^BU30)*EZ30^(1-BU30) -> 0.18742674 | CB30: =2.2*10^-2*BZ30/CA30/$V$9 -> 24393.507 | CC30: =$CD$15/3.7065 -> 0.00016187778 | CD30: =5.0452/CB30 -> 0.00020682553 | CE30: =LOG(($CD$15^1.1098/2.8257)+(7.149/CB30)^0.8981) -> -3.1160898 | CF30: =-4*LOG(CC30-(CD30*CE30)) -> 12.373874 | CG30: =1/CF30^2 -> 0.0065311345 | CH30: =BU30*AD30+(1-BU30)*EW30 -> 25.664501 | CI30: =CG30*BZ30^2/($V$9)^5/CH30 -> 2.373973e+09 | CJ30: =(1/144)*(CH30+(CI30/74130000000)) -> 0.1784481 | CK30: =CJ30*$CK$14 -> 35.689619 | CL30: =CL29+200 -> 2600 | CM30: =C30+CK30 -> 950.43633 | CU30: =M30/$CS$18 -> 1.1032584 | CV30: 0.8 | CW30: =0.27*CU30/CV30/$CT$18 -> 0.22461096 | CX30: =($CW$12+$CY$12/$CT$18+$DA$12/$CT$18^3+$DC$12/$CT$18^4+$DE$12/$CT$18^5)*CW30 -> -0.098422723 | CY30: =($DG$12+$DI$12/$CT$18+$CW$13/$CT$18^2)*CW30^2 -> 0.0086050287 | CZ30: =$CY$13*($DI$12/$CT$18+$CW$13/$CT$18^2)*CW30^5 -> -2.2755418e-05 | DA30: =$DA$13*(1+$DC$13*CW30^2)*(CW30^2/$CT$18^3) -> 0.0070398289 | DB30: =EXP(-$DC$13*CW30^2) -> 0.9642791 | DC30: =1+CX30+CY30-CZ30+DA30*DB30 -> 0.91699342 | DD30: =DC30-CV30 -> 0.11699342 | DE30: 0.85 | DF30: =0.27*CU30/DE30/$CT$18 -> 0.21139855 | DG30: =($CW$12+$CY$12/$CT$18+$DA$12/$CT$18^3+$DC$12/$CT$18^4+$DE$12/$CT$18^5)*DF30 -> -0.092633151 | DH30: =($DG$12+$DI$12/$CT$18+$CW$13/$CT$18^2)*DF30^2 -> 0.0076224475 | DI30: =$CY$13*($DI$12/$CT$18+$CW$13/$CT$18^2)*DF30^5 -> -1.6805062e-05 | DJ30: =$DA$13*(1+$DC$13*DF30^2)*DF30^2/$CT$18^3 -> 0.006210981 | DK30: =EXP(-$DC$13*DF30^2) -> 0.96829255 | DL30: =1+DG30+DH30-DI30+DJ30*DK30 -> 0.92102015 | DM30: =DL30-DE30 -> 0.071020148 | DN30: =(DM30-DD30)/(DE30-CV30) -> -0.91946545 | DO30: =CV30-DD30/DN30 -> 0.92724069 | DP30: =DE30 -> 0.85 | DQ30: =0.27*CU30/DP30/$CT$18 -> 0.21139855 | DR30: =($CW$12+$CY$12/$CT$18+$DA$12/$CT$18^3+$DC$12/$CT$18^4+$DE$12/$CT$18^5)*DQ30 -> -0.092633151 | DS30: =($DG$12+$DI$12/$CT$18+$CW$13/$CT$18^2)*DQ30^2 -> 0.0076224475 | DT30: =$CY$13*($DI$12/$CT$18+$CW$13/$CT$18^2)*DQ30^5 -> -1.6805062e-05 | DU30: =$DA$13*(1+$DC$13*DQ30^2)*(DQ30^2/$CT$18^3) -> 0.006210981 | DV30: =EXP(-$DC$13*DQ30^2) -> 0.96829255 | DW30: =1+DR30+DS30-DT30+DU30*DV30 -> 0.92102015 | DX30: =DW30-DP30 -> 0.071020148 | DY30: =DO30 -> 0.92724069 | DZ30: =0.27*CU30/DY30/$CT$18 -> 0.1937887 | EA30: =($CW$12+$CY$12/$CT$18+$DA$12/$CT$18^3+$DC$12/$CT$18^4+$DE$12/$CT$18^5)*DZ30 -> -0.084916656 | EB30: =($DG$12+$DI$12/$CT$18+$CW$13/$CT$18^2)*DZ30^2 -> 0.0064054159 | EC30: =$CY$13*($DI$12/$CT$18+$CW$13/$CT$18^2)*DZ30^5 -> -1.0878583e-05 | ED30: =$DA$13*(1+$DC$13*DZ30^2)*DZ30^2/$CT$18^3 -> 0.0051932971 | EE30: =EXP(-$DC$13*DZ30^2) -> 0.97328681 | EF30: =1+EA30+EB30-EC30+ED30*EE30 -> 0.92655421 | EG30: =EF30-DY30 -> -0.00068648563 | EH30: =(EG30-DX30)/(DY30-DP30) -> -0.92835307 | EI30: =DP30-DX30/EH30 -> 0.92650123 | EM30: =M30 -> 735.87336 | EW30: =(EM30*$EQ$18)/(DO30*10.73*$EL$18) -> 2.2463687 | EX30: =EW30/67.0176 -> 0.033519086 | EY30: =EXP($EU$18*EX30^$EV$18) -> 1.0690817 | EZ30: =$ET$18*10^-4*EY30 -> 0.013406486 | FB30: 1531.7 | FC30: 7932.8
C31: =E30 -> 950.43633 | D31: 558 | E31: =CM31 -> 986.50967 | F31: =D31-E31 -> -428.50967 | G31: =Sheet1!D32 -> 516.1 | H31: =Sheet1!F32 -> -464.24305 | I31: =ABS((F31-H31)/(D31-G31)) -> 0.85282525 | J31: =D31-F31*(1/I31) -> 1060.4589 | K31: =AVERAGE(C31,D31) -> 754.21817 | M31: =K31 -> 754.21817 | Q31: =(($R$8*K31^1.0937)/27.64)*10^(11.172*$P$18) -> 115.18096 | S31: =$Z$6*EXP($Z$9*(1697-M31)) -> 1.2248073 | T31: =0.0283*AU31*($O$18)/M31 -> 0.021515577 | U31: =$R$3*($R$4+S31) -> 122.48073 | V31: =U31*5.615 -> 687.72928 | W31: =IF($R$5>0,T31*($R$10-Q31)*$R$3,0) -> 290.07093 | X31: =$Z$14+$AA$13*(Q31-$Y$14) -> 0.7984819 | Y31: =$Z$7 -> 48.33 | Z31: =S31/$Z$6 -> 1.0206727 | AA31: =Y31*Z31 -> 49.329112 | AB31: =($R$4*$V$6)+(S31*AA31) -> 60.418655 | AC31: =$R$4+S31 -> 1.2248073 | AD31: =AB31/AC31 -> 49.329112 | AI31: =10.715*(Q31+100)^-0.515 -> 0.67390425 | AJ31: =5.44*(Q31+150)^-0.338 -> 0.82497652 | AK31: =AI31*$AH$18^AJ31 -> 2.6657163 | AL31: =(($R$4*$V$6)/($R$4*$V$6+S31*AA31))*$V$7 -> 0 | AM31: =((S31*AA31)/($R$4*$V$6+S31*AA31))*AK31 -> 2.6657163 | AN31: =AL31+AM31 -> 2.6657163 | AO31: =(($R$4*$V$6)/($R$4*$V$6+S31*AA31))*$V$8 -> 0 | AP31: =((S31*AA31)/($R$4*$V$6+S31*AA31))*$V$4 -> 30 | AQ31: =AO31+AP31 -> 30 | AS31: =CU31 -> 1.1307619 | AU31: =EI31 -> 0.92485118 | AW31: =(V31)*(1/86400)/$V$10 -> 0.36485086 | AX31: =(W31)*(1/86400)/$V$10 -> 0.15388705 | AY31: =AW31+AX31 -> 0.51873791 | AZ31: =AW31/AY31 -> 0.70334335 | BA31: =1-AZ31 -> 0.29665665 | BB31: =1.071-(0.2218*((AY31^2)/($V$9))) -> 0.71289633 | BC31: =IF(BB31<0.13,0.13,BB31) -> 0.71289633 | BD31: =1.938*AW31*(AD31/AQ31)^(1/4) -> 0.80069047 | BE31: =1.938*AX31*(AD31/AQ31)^(1/4) -> 0.33771578 | BF31: =120.872*$V$9*SQRT(AD31/AQ31) -> 25.832443 | BG31: =0.15726*AN31*(1/(AD31*AQ31^3))^(1/4) -> 0.012340008 | BH31: =0.0019+0.0322*BG31-0.6642*BG31^2+4.9951*BG31^3 -> 0.0022055929 | BI31: =1-10.0147*BG31+33.8696*BG31^2+277.2817*BG31^3 -> 0.88209708 | BJ31: =BH31/BI31 -> 0.002500397 | BK31: =BD31*($M$18^0.1)*BJ31 -> 0.0037487711 | BL31: =(BE31^0.575)*(14.7^0.1)*BF31 -> 18.105655 | BM31: =BK31/BL31 -> 0.00020704973 | BN31: =(0.0047+1123.32*BM31+729489.64*BM31^2) -> 0.26855603 | BO31: =(1+1097.1566*BM31+722153.97*BM31^2) -> 1.2581244 | BP31: =SQRT(BN31/BO31) -> 0.46201455 | BQ31: =(BE31*BG31^0.38)/BF31^2.14 -> 6.0425061e-05 | BR31: =1.0886-69.9473*BQ31+2334.3497*BQ31^2-12896.683*BQ31^3 -> 1.084382 | BS31: =1-53.4401*BQ31+1517.9369*BQ31^2-8419.8115*BQ31^3 -> 0.99677642 | BT31: =BR31/BS31 -> 1.0878888 | BU31: =IF(W31<=0,1,(BP31*BT31)) -> 0.50262048 | BV31: =IF(W31>1,BP31*BT31,1) -> 0.50262048 | BW31: =IF($R$5=0,1,BV31) -> 0.50262048 | BX31: =AD31*AW31 -> 17.997769 | BY31: =EW31*AX31 -> 0.35494422 | BZ31: =$V$10*(BX31+BY31)*86400 -> 34594.13 | CA31: =(AN31^BU31)*EZ31^(1-BU31) -> 0.19190472 | CB31: =2.2*10^-2*BZ31/CA31/$V$9 -> 23795.273 | CC31: =$CD$15/3.7065 -> 0.00016187778 | CD31: =5.0452/CB31 -> 0.00021202531 | CE31: =LOG(($CD$15^1.1098/2.8257)+(7.149/CB31)^0.8981) -> -3.1075833 | CF31: =-4*LOG(CC31-(CD31*CE31)) -> 12.343127 | CG31: =1/CF31^2 -> 0.0065637137 | CH31: =BU31*AD31+(1-BU31)*EW31 -> 25.94104 | CI31: =CG31*BZ31^2/($V$9)^5/CH31 -> 2.3546336e+09 | CJ31: =(1/144)*(CH31+(CI31/74130000000)) -> 0.18036669 | CK31: =CJ31*$CK$14 -> 36.073338 | CL31: =CL30+200 -> 2800 | CM31: =C31+CK31 -> 986.50967 | CU31: =M31/$CS$18 -> 1.1307619 | CV31: 0.8 | CW31: =0.27*CU31/CV31/$CT$18 -> 0.23021035 | CX31: =($CW$12+$CY$12/$CT$18+$DA$12/$CT$18^3+$DC$12/$CT$18^4+$DE$12/$CT$18^5)*CW31 -> -0.10087633 | CY31: =($DG$12+$DI$12/$CT$18+$CW$13/$CT$18^2)*CW31^2 -> 0.0090394112 | CZ31: =$CY$13*($DI$12/$CT$18+$CW$13/$CT$18^2)*CW31^5 -> -2.5736789e-05 | DA31: =$DA$13*(1+$DC$13*CW31^2)*(CW31^2/$CT$18^3) -> 0.0074083023 | DB31: =EXP(-$DC$13*CW31^2) -> 0.96251012 | DC31: =1+CX31+CY31-CZ31+DA31*DB31 -> 0.91531938 | DD31: =DC31-CV31 -> 0.11531938 | DE31: 0.85 | DF31: =0.27*CU31/DE31/$CT$18 -> 0.21666856 | DG31: =($CW$12+$CY$12/$CT$18+$DA$12/$CT$18^3+$DC$12/$CT$18^4+$DE$12/$CT$18^5)*DF31 -> -0.094942431 | DH31: =($DG$12+$DI$12/$CT$18+$CW$13/$CT$18^2)*DF31^2 -> 0.0080072293 | DI31: =$CY$13*($DI$12/$CT$18+$CW$13/$CT$18^2)*DF31^5 -> -1.9006829e-05 | DJ31: =$DA$13*(1+$DC$13*DF31^2)*DF31^2/$CT$18^3 -> 0.0065347928 | DK31: =EXP(-$DC$13*DF31^2) -> 0.96671888 | DL31: =1+DG31+DH31-DI31+DJ31*DK31 -> 0.91940111 | DM31: =DL31-DE31 -> 0.069401112 | DN31: =(DM31-DD31)/(DE31-CV31) -> -0.91836537 | DO31: =CV31-DD31/DN31 -> 0.92557026 | DP31: =DE31 -> 0.85 | DQ31: =0.27*CU31/DP31/$CT$18 -> 0.21666856 | DR31: =($CW$12+$CY$12/$CT$18+$DA$12/$CT$18^3+$DC$12/$CT$18^4+$DE$12/$CT$18^5)*DQ31 -> -0.094942431 | DS31: =($DG$12+$DI$12/$CT$18+$CW$13/$CT$18^2)*DQ31^2 -> 0.0080072293 | DT31: =$CY$13*($DI$12/$CT$18+$CW$13/$CT$18^2)*DQ31^5 -> -1.9006829e-05 | DU31: =$DA$13*(1+$DC$13*DQ31^2)*(DQ31^2/$CT$18^3) -> 0.0065347928 | DV31: =EXP(-$DC$13*DQ31^2) -> 0.96671888 | DW31: =1+DR31+DS31-DT31+DU31*DV31 -> 0.91940111 | DX31: =DW31-DP31 -> 0.069401112 | DY31: =DO31 -> 0.92557026 | DZ31: =0.27*CU31/DY31/$CT$18 -> 0.19897817 | EA31: =($CW$12+$CY$12/$CT$18+$DA$12/$CT$18^3+$DC$12/$CT$18^4+$DE$12/$CT$18^5)*DZ31 -> -0.087190643 | EB31: =($DG$12+$DI$12/$CT$18+$CW$13/$CT$18^2)*DZ31^2 -> 0.0067530712 | EC31: =$CY$13*($DI$12/$CT$18+$CW$13/$CT$18^2)*DZ31^5 -> -1.2415303e-05 | ED31: =$DA$13*(1+$DC$13*DZ31^2)*DZ31^2/$CT$18^3 -> 0.0054829985 | EE31: =EXP(-$DC$13*DZ31^2) -> 0.97185753 | EF31: =1+EA31+EB31-EC31+ED31*EE31 -> 0.92490354 | EG31: =EF31-DY31 -> -0.00066672635 | EH31: =(EG31-DX31)/(DY31-DP31) -> -0.92718797 | EI31: =DP31-DX31/EH31 -> 0.92485118 | EM31: =M31 -> 754.21817 | EW31: =(EM31*$EQ$18)/(DO31*10.73*$EL$18) -> 2.3065243 | EX31: =EW31/67.0176 -> 0.034416695 | EY31: =EXP($EU$18*EX31^$EV$18) -> 1.0715495 | EZ31: =$ET$18*10^-4*EY31 -> 0.013437433 | FB31: 1687.1 | FC31: 8449.4
C32: =E31 -> 986.50967 | D32: 559 | E32: =CM32 -> 1022.9731 | F32: =D32-E32 -> -463.97308 | G32: =Sheet1!D33 -> 516.2 | H32: =Sheet1!F33 -> -500.05065 | I32: =ABS((F32-H32)/(D32-G32)) -> 0.84293367 | J32: =D32-F32*(1/I32) -> 1109.4266 | K32: =AVERAGE(C32,D32) -> 772.75484 | M32: =K32 -> 772.75484 | Q32: =(($R$8*K32^1.0937)/27.64)*10^(11.172*$P$18) -> 118.28059 | S32: =$Z$6*EXP($Z$9*(1697-M32)) -> 1.2243146 | T32: =0.0283*AU32*($O$18)/M32 -> 0.020961875 | U32: =$R$3*($R$4+S32) -> 122.43146 | V32: =U32*5.615 -> 687.45265 | W32: =IF($R$5>0,T32*($R$10-Q32)*$R$3,0) -> 276.10858 | X32: =$Z$14+$AA$13*(Q32-$Y$14) -> 0.79817194 | Y32: =$Z$7 -> 48.33 | Z32: =S32/$Z$6 -> 1.0202622 | AA32: =Y32*Z32 -> 49.30927 | AB32: =($R$4*$V$6)+(S32*AA32) -> 60.37006 | AC32: =$R$4+S32 -> 1.2243146 | AD32: =AB32/AC32 -> 49.30927 | AI32: =10.715*(Q32+100)^-0.515 -> 0.66895883 | AJ32: =5.44*(Q32+150)^-0.338 -> 0.82174247 | AK32: =AI32*$AH$18^AJ32 -> 2.6319275 | AL32: =(($R$4*$V$6)/($R$4*$V$6+S32*AA32))*$V$7 -> 0 | AM32: =((S32*AA32)/($R$4*$V$6+S32*AA32))*AK32 -> 2.6319275 | AN32: =AL32+AM32 -> 2.6319275 | AO32: =(($R$4*$V$6)/($R$4*$V$6+S32*AA32))*$V$8 -> 0 | AP32: =((S32*AA32)/($R$4*$V$6+S32*AA32))*$V$4 -> 30 | AQ32: =AO32+AP32 -> 30 | AS32: =CU32 -> 1.158553 | AU32: =EI32 -> 0.92319562 | AW32: =(V32)*(1/86400)/$V$10 -> 0.3647041 | AX32: =(W32)*(1/86400)/$V$10 -> 0.14647981 | AY32: =AW32+AX32 -> 0.51118391 | AZ32: =AW32/AY32 -> 0.71344989 | BA32: =1-AZ32 -> 0.28655011 | BB32: =1.071-(0.2218*((AY32^2)/($V$9))) -> 0.72324999 | BC32: =IF(BB32<0.13,0.13,BB32) -> 0.72324999 | BD32: =1.938*AW32*(AD32/AQ32)^(1/4) -> 0.8002879 | BE32: =1.938*AX32*(AD32/AQ32)^(1/4) -> 0.32142775 | BF32: =120.872*$V$9*SQRT(AD32/AQ32) -> 25.827247 | BG32: =0.15726*AN32*(1/(AD32*AQ32^3))^(1/4) -> 0.01218482 | BH32: =0.0019+0.0322*BG32-0.6642*BG32^2+4.9951*BG32^3 -> 0.0022027741 | BI32: =1-10.0147*BG32+33.8696*BG32^2+277.2817*BG32^3 -> 0.88350292 | BJ32: =BH32/BI32 -> 0.0024932278 | BK32: =BD32*($M$18^0.1)*BJ32 -> 0.0037361432 | BL32: =(BE32^0.575)*(14.7^0.1)*BF32 -> 17.594737 | BM32: =BK32/BL32 -> 0.00021234436 | BN32: =(0.0047+1123.32*BM32+729489.64*BM32^2) -> 0.27612344 | BO32: =(1+1097.1566*BM32+722153.97*BM32^2) -> 1.265537 | BP32: =SQRT(BN32/BO32) -> 0.46710467 | BQ32: =(BE32*BG32^0.38)/BF32^2.14 -> 5.7259487e-05 | BR32: =1.0886-69.9473*BQ32+2334.3497*BQ32^2-12896.683*BQ32^3 -> 1.0846025 | BS32: =1-53.4401*BQ32+1517.9369*BQ32^2-8419.8115*BQ32^3 -> 0.99694502 | BT32: =BR32/BS32 -> 1.0879261 | BU32: =IF(W32<=0,1,(BP32*BT32)) -> 0.50817536 | BV32: =IF(W32>1,BP32*BT32,1) -> 0.50817536 | BW32: =IF($R$5=0,1,BV32) -> 0.50817536 | BX32: =AD32*AW32 -> 17.983293 | BY32: =EW32*AX32 -> 0.34679113 | BZ32: =$V$10*(BX32+BY32)*86400 -> 34551.476 | CA32: =(AN32^BU32)*EZ32^(1-BU32) -> 0.19657833 | CB32: =2.2*10^-2*BZ32/CA32/$V$9 -> 23200.903 | CC32: =$CD$15/3.7065 -> 0.00016187778 | CD32: =5.0452/CB32 -> 0.00021745706 | CE32: =LOG(($CD$15^1.1098/2.8257)+(7.149/CB32)^0.8981) -> -3.0988936 | CF32: =-4*LOG(CC32-(CD32*CE32)) -> 12.311686 | CG32: =1/CF32^2 -> 0.0065972803 | CH32: =BU32*AD32+(1-BU32)*EW32 -> 26.222152 | CI32: =CG32*BZ32^2/($V$9)^5/CH32 -> 2.3355333e+09 | CJ32: =(1/144)*(CH32+(CI32/74130000000)) -> 0.18231707 | CK32: =CJ32*$CK$14 -> 36.463413 | CL32: =CL31+200 -> 3000 | CM32: =C32+CK32 -> 1022.9731 | CU32: =M32/$CS$18 -> 1.158553 | CV32: 0.8 | CW32: =0.27*CU32/CV32/$CT$18 -> 0.23586831 | CX32: =($CW$12+$CY$12/$CT$18+$DA$12/$CT$18^3+$DC$12/$CT$18^4+$DE$12/$CT$18^5)*CW32 -> -0.1033556 | CY32: =($DG$12+$DI$12/$CT$18+$CW$13/$CT$18^2)*CW32^2 -> 0.0094892006 | CZ32: =$CY$13*($DI$12/$CT$18+$CW$13/$CT$18^2)*CW32^5 -> -2.9058827e-05 | DA32: =$DA$13*(1+$DC$13*CW32^2)*(CW32^2/$CT$18^3) -> 0.0077911721 | DB32: =EXP(-$DC$13*CW32^2) -> 0.96068183 | DC32: =1+CX32+CY32-CZ32+DA32*DB32 -> 0.91364749 | DD32: =DC32-CV32 -> 0.11364749 | DE32: 0.85 | DF32: =0.27*CU32/DE32/$CT$18 -> 0.2219937 | DG32: =($CW$12+$CY$12/$CT$18+$DA$12/$CT$18^3+$DC$12/$CT$18^4+$DE$12/$CT$18^5)*DF32 -> -0.097275863 | DH32: =($DG$12+$DI$12/$CT$18+$CW$13/$CT$18^2)*DF32^2 -> 0.0084056586 | DI32: =$CY$13*($DI$12/$CT$18+$CW$13/$CT$18^2)*DF32^5 -> -2.1460181e-05 | DJ32: =$DA$13*(1+$DC$13*DF32^2)*DF32^2/$CT$18^3 -> 0.0068711309 | DK32: =EXP(-$DC$13*DF32^2) -> 0.96509209 | DL32: =1+DG32+DH32-DI32+DJ32*DK32 -> 0.91778253 | DM32: =DL32-DE32 -> 0.06778253 | DN32: =(DM32-DD32)/(DE32-CV32) -> -0.91729925 | DO32: =CV32-DD32/DN32 -> 0.92389359 | DP32: =DE32 -> 0.85 | DQ32: =0.27*CU32/DP32/$CT$18 -> 0.2219937 | DR32: =($CW$12+$CY$12/$CT$18+$DA$12/$CT$18^3+$DC$12/$CT$18^4+$DE$12/$CT$18^5)*DQ32 -> -0.097275863 | DS32: =($DG$12+$DI$12/$CT$18+$CW$13/$CT$18^2)*DQ32^2 -> 0.0084056586 | DT32: =$CY$13*($DI$12/$CT$18+$CW$13/$CT$18^2)*DQ32^5 -> -2.1460181e-05 | DU32: =$DA$13*(1+$DC$13*DQ32^2)*(DQ32^2/$CT$18^3) -> 0.0068711309 | DV32: =EXP(-$DC$13*DQ32^2) -> 0.96509209 | DW32: =1+DR32+DS32-DT32+DU32*DV32 -> 0.91778253 | DX32: =DW32-DP32 -> 0.06778253 | DY32: =DO32 -> 0.92389359 | DZ32: =0.27*CU32/DY32/$CT$18 -> 0.2042385 | EA32: =($CW$12+$CY$12/$CT$18+$DA$12/$CT$18^3+$DC$12/$CT$18^4+$DE$12/$CT$18^5)*DZ32 -> -0.089495679 | EB32: =($DG$12+$DI$12/$CT$18+$CW$13/$CT$18^2)*DZ32^2 -> 0.0071148491 | EC32: =$CY$13*($DI$12/$CT$18+$CW$13/$CT$18^2)*DZ32^5 -> -1.4145498e-05 | ED32: =$DA$13*(1+$DC$13*DZ32^2)*DZ32^2/$CT$18^3 -> 0.0057853248 | EE32: =EXP(-$DC$13*DZ32^2) -> 0.97037243 | EF32: =1+EA32+EB32-EC32+ED32*EE32 -> 0.92324724 | EG32: =EF32-DY32 -> -0.00064634955 | EH32: =(EG32-DX32)/(DY32-DP32) -> -0.92604628 | EI32: =DP32-DX32/EH32 -> 0.92319562 | EM32: =M32 -> 772.75484 | EW32: =(EM32*$EQ$18)/(DO32*10.73*$EL$18) -> 2.3675013 | EX32: =EW32/67.0176 -> 0.03532656 | EY32: =EXP($EU$18*EX32^$EV$18) -> 1.0740756 | EZ32: =$ET$18*10^-4*EY32 -> 0.013469111 | FB32: 1818.7 | FC32: 8851.3
C33: =E32 -> 1022.9731 | D33: 560 | E33: =CM33 -> 1059.8335 | F33: =D33-E33 -> -499.83348 | G33: =Sheet1!D34 -> 516.3 | H33: =Sheet1!F34 -> -536.23604 | I33: =ABS((F33-H33)/(D33-G33)) -> 0.83301059 | J33: =D33-F33*(1/I33) -> 1160.0326 | K33: =AVERAGE(C33,D33) -> 791.48654 | M33: =K33 -> 791.48654 | Q33: =(($R$8*K33^1.0937)/27.64)*10^(11.172*$P$18) -> 121.41992 | S33: =$Z$6*EXP($Z$9*(1697-M33)) -> 1.223817 | T33: =0.0283*AU33*($O$18)/M33 -> 0.020428965 | U33: =$R$3*($R$4+S33) -> 122.3817 | V33: =U33*5.615 -> 687.17322 | W33: =IF($R$5>0,T33*($R$10-Q33)*$R$3,0) -> 262.67579 | X33: =$Z$14+$AA$13*(Q33-$Y$14) -> 0.79785801 | Y33: =$Z$7 -> 48.33 | Z33: =S33/$Z$6 -> 1.0198475 | AA33: =Y33*Z33 -> 49.289228 | AB33: =($R$4*$V$6)+(S33*AA33) -> 60.320993 | AC33: =$R$4+S33 -> 1.223817 | AD33: =AB33/AC33 -> 49.289228 | AI33: =10.715*(Q33+100)^-0.515 -> 0.66405734 | AJ33: =5.44*(Q33+150)^-0.338 -> 0.81851756 | AK33: =AI33*$AH$18^AJ33 -> 2.5986366 | AL33: =(($R$4*$V$6)/($R$4*$V$6+S33*AA33))*$V$7 -> 0 | AM33: =((S33*AA33)/($R$4*$V$6+S33*AA33))*AK33 -> 2.5986366 | AN33: =AL33+AM33 -> 2.5986366 | AO33: =(($R$4*$V$6)/($R$4*$V$6+S33*AA33))*$V$8 -> 0 | AP33: =((S33*AA33)/($R$4*$V$6+S33*AA33))*$V$4 -> 30 | AQ33: =AO33+AP33 -> 30 | AS33: =CU33 -> 1.1866365 | AU33: =EI33 -> 0.92153485 | AW33: =(V33)*(1/86400)/$V$10 -> 0.36455586 | AX33: =(W33)*(1/86400)/$V$10 -> 0.13935351 | AY33: =AW33+AX33 -> 0.50390937 | AZ33: =AW33/AY33 -> 0.72345521 | BA33: =1-AZ33 -> 0.27654479 | BB33: =1.071-(0.2218*((AY33^2)/($V$9))) -> 0.73307707 | BC33: =IF(BB33<0.13,0.13,BB33) -> 0.73307707 | BD33: =1.938*AW33*(AD33/AQ33)^(1/4) -> 0.79988131 | BE33: =1.938*AX33*(AD33/AQ33)^(1/4) -> 0.30575909 | BF33: =120.872*$V$9*SQRT(AD33/AQ33) -> 25.821998 | BG33: =0.15726*AN33*(1/(AD33*AQ33^3))^(1/4) -> 0.012031918 | BH33: =0.0019+0.0322*BG33-0.6642*BG33^2+4.9951*BG33^3 -> 0.0021999741 | BI33: =1-10.0147*BG33+33.8696*BG33^2+277.2817*BG33^3 -> 0.88489013 | BJ33: =BH33/BI33 -> 0.0024861551 | BK33: =BD33*($M$18^0.1)*BJ33 -> 0.0037236518 | BL33: =(BE33^0.575)*(14.7^0.1)*BF33 -> 17.092859 | BM33: =BK33/BL33 -> 0.00021784839 | BN33: =(0.0047+1123.32*BM33+729489.64*BM33^2) -> 0.28403351 | BO33: =(1+1097.1566*BM33+722153.97*BM33^2) -> 1.2732857 | BP33: =SQRT(BN33/BO33) -> 0.47230425 | BQ33: =(BE33*BG33^0.38)/BF33^2.14 -> 5.4231095e-05 | BR33: =1.0886-69.9473*BQ33+2334.3497*BQ33^2-12896.683*BQ33^3 -> 1.0848135 | BS33: =1-53.4401*BQ33+1517.9369*BQ33^2-8419.8115*BQ33^3 -> 0.99710635 | BT33: =BR33/BS33 -> 1.0879617 | BU33: =IF(W33<=0,1,(BP33*BT33)) -> 0.51384895 | BV33: =IF(W33>1,BP33*BT33,1) -> 0.51384895 | BW33: =IF($R$5=0,1,BV33) -> 0.51384895 | BX33: =AD33*AW33 -> 17.968677 | BY33: =EW33*AX33 -> 0.33853344 | BZ33: =$V$10*(BX33+BY33)*86400 -> 34508.359 | CA33: =(AN33^BU33)*EZ33^(1-BU33) -> 0.20146537 | CB33: =2.2*10^-2*BZ33/CA33/$V$9 -> 22609.858 | CC33: =$CD$15/3.7065 -> 0.00016187778 | CD33: =5.0452/CB33 -> 0.00022314161 | CE33: =LOG(($CD$15^1.1098/2.8257)+(7.149/CB33)^0.8981) -> -3.0900049 | CF33: =-4*LOG(CC33-(CD33*CE33)) -> 12.279493 | CG33: =1/CF33^2 -> 0.0066319176 | CH33: =BU33*AD33+(1-BU33)*EW33 -> 26.508232 | CI33: =CG33*BZ33^2/($V$9)^5/CH33 -> 2.316665e+09 | CJ33: =(1/144)*(CH33+(CI33/74130000000)) -> 0.18430197 | CK33: =CJ33*$CK$14 -> 36.860393 | CL33: =CL32+200 -> 3200 | CM33: =C33+CK33 -> 1059.8335 | CU33: =M33/$CS$18 -> 1.1866365 | CV33: 0.8 | CW33: =0.27*CU33/CV33/$CT$18 -> 0.24158579 | CX33: =($CW$12+$CY$12/$CT$18+$DA$12/$CT$18^3+$DC$12/$CT$18^4+$DE$12/$CT$18^5)*CW33 -> -0.10586096 | CY33: =($DG$12+$DI$12/$CT$18+$CW$13/$CT$18^2)*CW33^2 -> 0.0099548159 | CZ33: =$CY$13*($DI$12/$CT$18+$CW$13/$CT$18^2)*CW33^5 -> -3.2755716e-05 | DA33: =$DA$13*(1+$DC$13*CW33^2)*(CW33^2/$CT$18^3) -> 0.0081889354 | DB33: =EXP(-$DC$13*CW33^2) -> 0.95879286 | DC33: =1+CX33+CY33-CZ33+DA33*DB33 -> 0.9119781 | DD33: =DC33-CV33 -> 0.1119781 | DE33: 0.85 | DF33: =0.27*CU33/DE33/$CT$18 -> 0.22737486 | DG33: =($CW$12+$CY$12/$CT$18+$DA$12/$CT$18^3+$DC$12/$CT$18^4+$DE$12/$CT$18^5)*DF33 -> -0.099633846 | DH33: =($DG$12+$DI$12/$CT$18+$CW$13/$CT$18^2)*DF33^2 -> 0.0088181068 | DI33: =$CY$13*($DI$12/$CT$18+$CW$13/$CT$18^2)*DF33^5 -> -2.4190364e-05 | DJ33: =$DA$13*(1+$DC$13*DF33^2)*DF33^2/$CT$18^3 -> 0.0072204192 | DK33: =EXP(-$DC$13*DF33^2) -> 0.96341095 | DL33: =1+DG33+DH33-DI33+DJ33*DK33 -> 0.91616468 | DM33: =DL33-DE33 -> 0.066164682 | DN33: =(DM33-DD33)/(DE33-CV33) -> -0.91626842 | DO33: =CV33-DD33/DN33 -> 0.92221103 | DP33: =DE33 -> 0.85 | DQ33: =0.27*CU33/DP33/$CT$18 -> 0.22737486 | DR33: =($CW$12+$CY$12/$CT$18+$DA$12/$CT$18^3+$DC$12/$CT$18^4+$DE$12/$CT$18^5)*DQ33 -> -0.099633846 | DS33: =($DG$12+$DI$12/$CT$18+$CW$13/$CT$18^2)*DQ33^2 -> 0.0088181068 | DT33: =$CY$13*($DI$12/$CT$18+$CW$13/$CT$18^2)*DQ33^5 -> -2.4190364e-05 | DU33: =$DA$13*(1+$DC$13*DQ33^2)*(DQ33^2/$CT$18^3) -> 0.0072204192 | DV33: =EXP(-$DC$13*DQ33^2) -> 0.96341095 | DW33: =1+DR33+DS33-DT33+DU33*DV33 -> 0.91616468 | DX33: =DW33-DP33 -> 0.066164682 | DY33: =DO33 -> 0.92221103 | DZ33: =0.27*CU33/DY33/$CT$18 -> 0.20957094 | EA33: =($CW$12+$CY$12/$CT$18+$DA$12/$CT$18^3+$DC$12/$CT$18^4+$DE$12/$CT$18^5)*DZ33 -> -0.09183231 | EB33: =($DG$12+$DI$12/$CT$18+$CW$13/$CT$18^2)*DZ33^2 -> 0.0074912206 | EC33: =$CY$13*($DI$12/$CT$18+$CW$13/$CT$18^2)*DZ33^5 -> -1.6091091e-05 | ED33: =$DA$13*(1+$DC$13*DZ33^2)*DZ33^2/$CT$18^3 -> 0.0061007734 | EE33: =EXP(-$DC$13*DZ33^2) -> 0.96882982 | EF33: =1+EA33+EB33-EC33+ED33*EE33 -> 0.92158561 | EG33: =EF33-DY33 -> -0.0006254131 | EH33: =(EG33-DX33)/(DY33-DP33) -> -0.92492933 | EI33: =DP33-DX33/EH33 -> 0.92153485 | EM33: =M33 -> 791.48654 | EW33: =(EM33*$EQ$18)/(DO33*10.73*$EL$18) -> 2.4293141 | EX33: =EW33/67.0176 -> 0.036248897 | EY33: =EXP($EU$18*EX33^$EV$18) -> 1.0766614 | EZ33: =$ET$18*10^-4*EY33 -> 0.013501538 | FB33: 1938.3 | FC33: 9234
C34: =E33 -> 1059.8335 | D34: 561 | E34: =CM34 -> 1097.0983 | F34: =D34-E34 -> -536.09835 | G34: =Sheet1!D35 -> 516.4 | H34: =Sheet1!F35 -> -572.80571 | I34: =ABS((F34-H34)/(D34-G34)) -> 0.82303496 | J34: =D34-F34*(1/I34) -> 1212.3677 | K34: =AVERAGE(C34,D34) -> 810.41674 | M34: =K34 -> 810.41674 | Q34: =(($R$8*K34^1.0937)/27.64)*10^(11.172*$P$18) -> 124.59959 | S34: =$Z$6*EXP($Z$9*(1697-M34)) -> 1.2233142 | T34: =0.0283*AU34*($O$18)/M34 -> 0.01991571 | U34: =$R$3*($R$4+S34) -> 122.33142 | V34: =U34*5.615 -> 686.89095 | W34: =IF($R$5>0,T34*($R$10-Q34)*$R$3,0) -> 249.74381 | X34: =$Z$14+$AA$13*(Q34-$Y$14) -> 0.79754004 | Y34: =$Z$7 -> 48.33 | Z34: =S34/$Z$6 -> 1.0194285 | AA34: =Y34*Z34 -> 49.268981 | AB34: =($R$4*$V$6)+(S34*AA34) -> 60.271447 | AC34: =$R$4+S34 -> 1.2233142 | AD34: =AB34/AC34 -> 49.268981 | AI34: =10.715*(Q34+100)^-0.515 -> 0.65919903 | AJ34: =5.44*(Q34+150)^-0.338 -> 0.81530168 | AK34: =AI34*$AH$18^AJ34 -> 2.5658336 | AL34: =(($R$4*$V$6)/($R$4*$V$6+S34*AA34))*$V$7 -> 0 | AM34: =((S34*AA34)/($R$4*$V$6+S34*AA34))*AK34 -> 2.5658336 | AN34: =AL34+AM34 -> 2.5658336 | AO34: =(($R$4*$V$6)/($R$4*$V$6+S34*AA34))*$V$8 -> 0 | AP34: =((S34*AA34)/($R$4*$V$6+S34*AA34))*$V$4 -> 30 | AQ34: =AO34+AP34 -> 30 | AS34: =CU34 -> 1.2150176 | AU34: =EI34 -> 0.91986919 | AW34: =(V34)*(1/86400)/$V$10 -> 0.36440611 | AX34: =(W34)*(1/86400)/$V$10 -> 0.1324929 | AY34: =AW34+AX34 -> 0.49689901 | AZ34: =AW34/AY34 -> 0.73336051 | BA34: =1-AZ34 -> 0.26663949 | BB34: =1.071-(0.2218*((AY34^2)/($V$9))) -> 0.742414 | BC34: =IF(BB34<0.13,0.13,BB34) -> 0.742414 | BD34: =1.938*AW34*(AD34/AQ34)^(1/4) -> 0.79947062 | BE34: =1.938*AX34*(AD34/AQ34)^(1/4) -> 0.29067619 | BF34: =120.872*$V$9*SQRT(AD34/AQ34) -> 25.816694 | BG34: =0.15726*AN34*(1/(AD34*AQ34^3))^(1/4) -> 0.011881258 | BH34: =0.0019+0.0322*BG34-0.6642*BG34^2+4.9951*BG34^3 -> 0.002197193 | BI34: =1-10.0147*BG34+33.8696*BG34^2+277.2817*BG34^3 -> 0.886259 | BJ34: =BH34/BI34 -> 0.0024791771 | BK34: =BD34*($M$18^0.1)*BJ34 -> 0.0037112939 | BL34: =(BE34^0.575)*(14.7^0.1)*BF34 -> 16.599415 | BM34: =BK34/BL34 -> 0.0002235798 | BN34: =(0.0047+1123.32*BM34+729489.64*BM34^2) -> 0.29231733 | BO34: =(1+1097.1566*BM34+722153.97*BM34^2) -> 1.281401 | BP34: =SQRT(BN34/BO34) -> 0.47762247 | BQ34: =(BE34*BG34^0.38)/BF34^2.14 -> 5.1332196e-05 | BR34: =1.0886-69.9473*BQ34+2334.3497*BQ34^2-12896.683*BQ34^3 -> 1.0850156 | BS34: =1-53.4401*BQ34+1517.9369*BQ34^2-8419.8115*BQ34^3 -> 0.9972608 | BT34: =BR34/BS34 -> 1.0879958 | BU34: =IF(W34<=0,1,(BP34*BT34)) -> 0.51965126 | BV34: =IF(W34>1,BP34*BT34,1) -> 0.51965126 | BW34: =IF($R$5=0,1,BV34) -> 0.51965126 | BX34: =AD34*AW34 -> 17.953918 | BY34: =EW34*AX34 -> 0.3301694 | BZ34: =$V$10*(BX34+BY34)*86400 -> 34464.773 | CA34: =(AN34^BU34)*EZ34^(1-BU34) -> 0.20658572 | CB34: =2.2*10^-2*BZ34/CA34/$V$9 -> 22021.61 | CC34: =$CD$15/3.7065 -> 0.00016187778 | CD34: =5.0452/CB34 -> 0.00022910223 | CE34: =LOG(($CD$15^1.1098/2.8257)+(7.149/CB34)^0.8981) -> -3.0808999 | CF34: =-4*LOG(CC34-(CD34*CE34)) -> 12.246484 | CG34: =1/CF34^2 -> 0.0066677171 | CH34: =BU34*AD34+(1-BU34)*EW34 -> 26.799707 | CI34: =CG34*BZ34^2/($V$9)^5/CH34 -> 2.2980223e+09 | CJ34: =(1/144)*(CH34+(CI34/74130000000)) -> 0.18632435 | CK34: =CJ34*$CK$14 -> 37.26487 | CL34: =CL33+200 -> 3400 | CM34: =C34+CK34 -> 1097.0983 | CU34: =M34/$CS$18 -> 1.2150176 | CV34: 0.8 | CW34: =0.27*CU34/CV34/$CT$18 -> 0.24736387 | CX34: =($CW$12+$CY$12/$CT$18+$DA$12/$CT$18^3+$DC$12/$CT$18^4+$DE$12/$CT$18^5)*CW34 -> -0.10839287 | CY34: =($DG$12+$DI$12/$CT$18+$CW$13/$CT$18^2)*CW34^2 -> 0.010436694 | CZ34: =$CY$13*($DI$12/$CT$18+$CW$13/$CT$18^2)*CW34^5 -> -3.6864762e-05 | DA34: =$DA$13*(1+$DC$13*CW34^2)*(CW34^2/$CT$18^3) -> 0.0086021155 | DB34: =EXP(-$DC$13*CW34^2) -> 0.95684182 | DC34: =1+CX34+CY34-CZ34+DA34*DB34 -> 0.91031156 | DD34: =DC34-CV34 -> 0.11031156 | DE34: 0.85 | DF34: =0.27*CU34/DE34/$CT$18 -> 0.23281305 | DG34: =($CW$12+$CY$12/$CT$18+$DA$12/$CT$18^3+$DC$12/$CT$18^4+$DE$12/$CT$18^5)*DF34 -> -0.10201682 | DH34: =($DG$12+$DI$12/$CT$18+$CW$13/$CT$18^2)*DF34^2 -> 0.0092449612 | DI34: =$CY$13*($DI$12/$CT$18+$CW$13/$CT$18^2)*DF34^5 -> -2.7224928e-05 | DJ34: =$DA$13*(1+$DC$13*DF34^2)*DF34^2/$CT$18^3 -> 0.0075831031 | DK34: =EXP(-$DC$13*DF34^2) -> 0.96167417 | DL34: =1+DG34+DH34-DI34+DJ34*DK34 -> 0.91454784 | DM34: =DL34-DE34 -> 0.064547845 | DN34: =(DM34-DD34)/(DE34-CV34) -> -0.91527423 | DO34: =CV34-DD34/DN34 -> 0.92052296 | DP34: =DE34 -> 0.85 | DQ34: =0.27*CU34/DP34/$CT$18 -> 0.23281305 | DR34: =($CW$12+$CY$12/$CT$18+$DA$12/$CT$18^3+$DC$12/$CT$18^4+$DE$12/$CT$18^5)*DQ34 -> -0.10201682 | DS34: =($DG$12+$DI$12/$CT$18+$CW$13/$CT$18^2)*DQ34^2 -> 0.0092449612 | DT34: =$CY$13*($DI$12/$CT$18+$CW$13/$CT$18^2)*DQ34^5 -> -2.7224928e-05 | DU34: =$DA$13*(1+$DC$13*DQ34^2)*(DQ34^2/$CT$18^3) -> 0.0075831031 | DV34: =EXP(-$DC$13*DQ34^2) -> 0.96167417 | DW34: =1+DR34+DS34-DT34+DU34*DV34 -> 0.91454784 | DX34: =DW34-DP34 -> 0.064547845 | DY34: =DO34 -> 0.92052296 | DZ34: =0.27*CU34/DY34/$CT$18 -> 0.21497681 | EA34: =($CW$12+$CY$12/$CT$18+$DA$12/$CT$18^3+$DC$12/$CT$18^4+$DE$12/$CT$18^5)*DZ34 -> -0.09420112 | EB34: =($DG$12+$DI$12/$CT$18+$CW$13/$CT$18^2)*DZ34^2 -> 0.0078826763 | EC34: =$CY$13*($DI$12/$CT$18+$CW$13/$CT$18^2)*DZ34^5 -> -1.8276299e-05 | ED34: =$DA$13*(1+$DC$13*DZ34^2)*DZ34^2/$CT$18^3 -> 0.0064298675 | EE34: =EXP(-$DC$13*DZ34^2) -> 0.96722799 | EF34: =1+EA34+EB34-EC34+ED34*EE34 -> 0.91991898 | EG34: =EF34-DY34 -> -0.00060397576 | EH34: =(EG34-DX34)/(DY34-DP34) -> -0.92383848 | EI34: =DP34-DX34/EH34 -> 0.91986919 | EM34: =M34 -> 810.41674 | EW34: =(EM34*$EQ$18)/(DO34*10.73*$EL$18) -> 2.4919781 | EX34: =EW34/67.0176 -> 0.037183935 | EY34: =EXP($EU$18*EX34^$EV$18) -> 1.0793084 | EZ34: =$ET$18*10^-4*EY34 -> 0.013534732 | FB34: 2093.8 | FC34: 9712.4
C35: =E34 -> 1097.0983 | D35: 562 | E35: =CM35 -> 1134.7758 | F35: =D35-E35 -> -572.77584 | G35: =Sheet1!D36 -> 516.5 | H35: =Sheet1!F36 -> -609.76666 | I35: =ABS((F35-H35)/(D35-G35)) -> 0.8129851 | J35: =D35-F35*(1/I35) -> 1266.5342 | K35: =AVERAGE(C35,D35) -> 829.54917 | M35: =K35 -> 829.54917 | Q35: =(($R$8*K35^1.0937)/27.64)*10^(11.172*$P$18) -> 127.82032 | S35: =$Z$6*EXP($Z$9*(1697-M35)) -> 1.2228064 | T35: =0.0283*AU35*($O$18)/M35 -> 0.019421053 | U35: =$R$3*($R$4+S35) -> 122.28064 | V35: =U35*5.615 -> 686.60578 | W35: =IF($R$5>0,T35*($R$10-Q35)*$R$3,0) -> 237.28581 | X35: =$Z$14+$AA$13*(Q35-$Y$14) -> 0.79721797 | Y35: =$Z$7 -> 48.33 | Z35: =S35/$Z$6 -> 1.0190053 | AA35: =Y35*Z35 -> 49.248527 | AB35: =($R$4*$V$6)+(S35*AA35) -> 60.221412 | AC35: =$R$4+S35 -> 1.2228064 | AD35: =AB35/AC35 -> 49.248527 | AI35: =10.715*(Q35+100)^-0.515 -> 0.65438308 | AJ35: =5.44*(Q35+150)^-0.338 -> 0.81209468 | AK35: =AI35*$AH$18^AJ35 -> 2.5335087 | AL35: =(($R$4*$V$6)/($R$4*$V$6+S35*AA35))*$V$7 -> 0 | AM35: =((S35*AA35)/($R$4*$V$6+S35*AA35))*AK35 -> 2.5335087 | AN35: =AL35+AM35 -> 2.5335087 | AO35: =(($R$4*$V$6)/($R$4*$V$6+S35*AA35))*$V$8 -> 0 | AP35: =((S35*AA35)/($R$4*$V$6+S35*AA35))*$V$4 -> 30 | AQ35: =AO35+AP35 -> 30 | AS35: =CU35 -> 1.2437019 | AU35: =EI35 -> 0.91819894 | AW35: =(V35)*(1/86400)/$V$10 -> 0.36425483 | AX35: =(W35)*(1/86400)/$V$10 -> 0.12588374 | AY35: =AW35+AX35 -> 0.49013857 | AZ35: =AW35/AY35 -> 0.74316704 | BA35: =1-AZ35 -> 0.25683296 | BB35: =1.071-(0.2218*((AY35^2)/($V$9))) -> 0.75129418 | BC35: =IF(BB35<0.13,0.13,BB35) -> 0.75129418 | BD35: =1.938*AW35*(AD35/AQ35)^(1/4) -> 0.79905576 | BE35: =1.938*AX35*(AD35/AQ35)^(1/4) -> 0.27614768 | BF35: =120.872*$V$9*SQRT(AD35/AQ35) -> 25.811334 | BG35: =0.15726*AN35*(1/(AD35*AQ35^3))^(1/4) -> 0.011732793 | BH35: =0.0019+0.0322*BG35-0.6642*BG35^2+4.9951*BG35^3 -> 0.0021944309 | BI35: =1-10.0147*BG35+33.8696*BG35^2+277.2817*BG35^3 -> 0.88760988 | BJ35: =BH35/BI35 -> 0.0024722921 | BK35: =BD35*($M$18^0.1)*BJ35 -> 0.0036990667 | BL35: =(BE35^0.575)*(14.7^0.1)*BF35 -> 16.113819 | BM35: =BK35/BL35 -> 0.00022955865 | BN35: =(0.0047+1123.32*BM35+729489.64*BM35^2) -> 0.30100987 | BO35: =(1+1097.1566*BM35+722153.97*BM35^2) -> 1.2899173 | BP35: =SQRT(BN35/BO35) -> 0.4830693 | BQ35: =(BE35*BG35^0.38)/BF35^2.14 -> 4.8555628e-05 | BR35: =1.0886-69.9473*BQ35+2334.3497*BQ35^2-12896.683*BQ35^3 -> 1.0852092 | BS35: =1-53.4401*BQ35+1517.9369*BQ35^2-8419.8115*BQ35^3 -> 0.99740876 | BT35: =BR35/BS35 -> 1.0880285 | BU35: =IF(W35<=0,1,(BP35*BT35)) -> 0.52559317 | BV35: =IF(W35>1,BP35*BT35,1) -> 0.52559317 | BW35: =IF($R$5=0,1,BV35) -> 0.52559317 | BX35: =AD35*AW35 -> 17.939014 | BY35: =EW35*AX35 -> 0.32169711 | BZ35: =$V$10*(BX35+BY35)*86400 -> 34420.709 | CA35: =(AN35^BU35)*EZ35^(1-BU35) -> 0.21196166 | CB35: =2.2*10^-2*BZ35/CA35/$V$9 -> 21435.639 | CC35: =$CD$15/3.7065 -> 0.00016187778 | CD35: =5.0452/CB35 -> 0.00023536504 | CE35: =LOG(($CD$15^1.1098/2.8257)+(7.149/CB35)^0.8981) -> -3.0715597 | CF35: =-4*LOG(CC35-(CD35*CE35)) -> 12.212589 | CG35: =1/CF35^2 -> 0.0067047798 | CH35: =BU35*AD35+(1-BU35)*EW35 -> 27.097041 | CI35: =CG35*BZ35^2/($V$9)^5/CH35 -> 2.2795994e+09 | CJ35: =(1/144)*(CH35+(CI35/74130000000)) -> 0.18838744 | CK35: =CJ35*$CK$14 -> 37.677489 | CL35: =CL34+200 -> 3600 | CM35: =C35+CK35 -> 1134.7758 | CU35: =M35/$CS$18 -> 1.2437019 | CV35: 0.8 | CW35: =0.27*CU35/CV35/$CT$18 -> 0.25320367 | CX35: =($CW$12+$CY$12/$CT$18+$DA$12/$CT$18^3+$DC$12/$CT$18^4+$DE$12/$CT$18^5)*CW35 -> -0.11095182 | CY35: =($DG$12+$DI$12/$CT$18+$CW$13/$CT$18^2)*CW35^2 -> 0.010935293 | CZ35: =$CY$13*($DI$12/$CT$18+$CW$13/$CT$18^2)*CW35^5 -> -4.1426677e-05 | DA35: =$DA$13*(1+$DC$13*CW35^2)*(CW35^2/$CT$18^3) -> 0.0090312635 | DB35: =EXP(-$DC$13*CW35^2) -> 0.95482727 | DC35: =1+CX35+CY35-CZ35+DA35*DB35 -> 0.9086482 | DD35: =DC35-CV35 -> 0.1086482 | DE35: 0.85 | DF35: =0.27*CU35/DE35/$CT$18 -> 0.23830933 | DG35: =($CW$12+$CY$12/$CT$18+$DA$12/$CT$18^3+$DC$12/$CT$18^4+$DE$12/$CT$18^5)*DF35 -> -0.10442524 | DH35: =($DG$12+$DI$12/$CT$18+$CW$13/$CT$18^2)*DF35^2 -> 0.0096866265 | DI35: =$CY$13*($DI$12/$CT$18+$CW$13/$CT$18^2)*DF35^5 -> -3.059394e-05 | DJ35: =$DA$13*(1+$DC$13*DF35^2)*DF35^2/$CT$18^3 -> 0.0079596514 | DK35: =EXP(-$DC$13*DF35^2) -> 0.95988043 | DL35: =1+DG35+DH35-DI35+DJ35*DK35 -> 0.91293229 | DM35: =DL35-DE35 -> 0.062932291 | DN35: =(DM35-DD35)/(DE35-CV35) -> -0.9143181 | DO35: =CV35-DD35/DN35 -> 0.91882976 | DP35: =DE35 -> 0.85 | DQ35: =0.27*CU35/DP35/$CT$18 -> 0.23830933 | DR35: =($CW$12+$CY$12/$CT$18+$DA$12/$CT$18^3+$DC$12/$CT$18^4+$DE$12/$CT$18^5)*DQ35 -> -0.10442524 | DS35: =($DG$12+$DI$12/$CT$18+$CW$13/$CT$18^2)*DQ35^2 -> 0.0096866265 | DT35: =$CY$13*($DI$12/$CT$18+$CW$13/$CT$18^2)*DQ35^5 -> -3.059394e-05 | DU35: =$DA$13*(1+$DC$13*DQ35^2)*(DQ35^2/$CT$18^3) -> 0.0079596514 | DV35: =EXP(-$DC$13*DQ35^2) -> 0.95988043 | DW35: =1+DR35+DS35-DT35+DU35*DV35 -> 0.91293229 | DX35: =DW35-DP35 -> 0.062932291 | DY35: =DO35 -> 0.91882976 | DZ35: =0.27*CU35/DY35/$CT$18 -> 0.22045752 | EA35: =($CW$12+$CY$12/$CT$18+$DA$12/$CT$18^3+$DC$12/$CT$18^4+$DE$12/$CT$18^5)*DZ35 -> -0.096602723 | EB35: =($DG$12+$DI$12/$CT$18+$CW$13/$CT$18^2)*DZ35^2 -> 0.0082897285 | EC35: =$CY$13*($DI$12/$CT$18+$CW$13/$CT$18^2)*DZ35^5 -> -2.0727875e-05 | ED35: =$DA$13*(1+$DC$13*DZ35^2)*DZ35^2/$CT$18^3 -> 0.006773158 | EE35: =EXP(-$DC$13*DZ35^2) -> 0.96556516 | EF35: =1+EA35+EB35-EC35+ED35*EE35 -> 0.91824766 | EG35: =EF35-DY35 -> -0.00058209701 | EH35: =(EG35-DX35)/(DY35-DP35) -> -0.92277515 | EI35: =DP35-DX35/EH35 -> 0.91819894 | EM35: =M35 -> 829.54917 | EW35: =(EM35*$EQ$18)/(DO35*10.73*$EL$18) -> 2.5555096 | EX35: =EW35/67.0176 -> 0.038131918 | EY35: =EXP($EU$18*EX35^$EV$18) -> 1.0820182 | EZ35: =$ET$18*10^-4*EY35 -> 0.013568712 | FB35: 2189.7 | FC35: 9961.3
C36: =E35 -> 1134.7758 | D36: 563 | E36: =CM36 -> 1172.8748 | F36: =D36-E36 -> -609.87479 | G36: =Sheet1!D37 -> 516.6 | H36: =Sheet1!F37 -> -647.12649 | I36: =ABS((F36-H36)/(D36-G36)) -> 0.80283844 | J36: =D36-F36*(1/I36) -> 1322.6482 | K36: =AVERAGE(C36,D36) -> 848.88792 | M36: =K36 -> 848.88792 | Q36: =(($R$8*K36^1.0937)/27.64)*10^(11.172*$P$18) -> 131.08285 | S36: =$Z$6*EXP($Z$9*(1697-M36)) -> 1.2222932 | T36: =0.0283*AU36*($O$18)/M36 -> 0.018944006 | U36: =$R$3*($R$4+S36) -> 122.22932 | V36: =U36*5.615 -> 686.31765 | W36: =IF($R$5>0,T36*($R$10-Q36)*$R$3,0) -> 225.27672 | X36: =$Z$14+$AA$13*(Q36-$Y$14) -> 0.79689171 | Y36: =$Z$7 -> 48.33 | Z36: =S36/$Z$6 -> 1.0185777 | AA36: =Y36*Z36 -> 49.22786 | AB36: =($R$4*$V$6)+(S36*AA36) -> 60.170881 | AC36: =$R$4+S36 -> 1.2222932 | AD36: =AB36/AC36 -> 49.22786 | AI36: =10.715*(Q36+100)^-0.515 -> 0.64960865 | AJ36: =5.44*(Q36+150)^-0.338 -> 0.80889638 | AK36: =AI36*$AH$18^AJ36 -> 2.5016516 | AL36: =(($R$4*$V$6)/($R$4*$V$6+S36*AA36))*$V$7 -> 0 | AM36: =((S36*AA36)/($R$4*$V$6+S36*AA36))*AK36 -> 2.5016516 | AN36: =AL36+AM36 -> 2.5016516 | AO36: =(($R$4*$V$6)/($R$4*$V$6+S36*AA36))*$V$8 -> 0 | AP36: =((S36*AA36)/($R$4*$V$6+S36*AA36))*$V$4 -> 30 | AQ36: =AO36+AP36 -> 30 | AS36: =CU36 -> 1.2726955 | AU36: =EI36 -> 0.91652443 | AW36: =(V36)*(1/86400)/$V$10 -> 0.36410197 | AX36: =(W36)*(1/86400)/$V$10 -> 0.11951273 | AY36: =AW36+AX36 -> 0.4836147 | AZ36: =AW36/AY36 -> 0.75287614 | BA36: =1-AZ36 -> 0.24712386 | BB36: =1.071-(0.2218*((AY36^2)/($V$9))) -> 0.75974826 | BC36: =IF(BB36<0.13,0.13,BB36) -> 0.75974826 | BD36: =1.938*AW36*(AD36/AQ36)^(1/4) -> 0.79863664 | BE36: =1.938*AX36*(AD36/AQ36)^(1/4) -> 0.26214427 | BF36: =120.872*$V$9*SQRT(AD36/AQ36) -> 25.805918 | BG36: =0.15726*AN36*(1/(AD36*AQ36^3))^(1/4) -> 0.011586477 | BH36: =0.0019+0.0322*BG36-0.6642*BG36^2+4.9951*BG36^3 -> 0.0021916877 | BI36: =1-10.0147*BG36+33.8696*BG36^2+277.2817*BG36^3 -> 0.88894308 | BJ36: =BH36/BI36 -> 0.0024654983 | BK36: =BD36*($M$18^0.1)*BJ36 -> 0.0036869669 | BL36: =(BE36^0.575)*(14.7^0.1)*BF36 -> 15.635499 | BM36: =BK36/BL36 -> 0.00023580743 | BN36: =(0.0047+1123.32*BM36+729489.64*BM36^2) -> 0.31015057 | BO36: =(1+1097.1566*BM36+722153.97*BM36^2) -> 1.2988731 | BP36: =SQRT(BN36/BO36) -> 0.48865565 | BQ36: =(BE36*BG36^0.38)/BF36^2.14 -> 4.5894705e-05 | BR36: =1.0886-69.9473*BQ36+2334.3497*BQ36^2-12896.683*BQ36^3 -> 1.0853947 | BS36: =1-53.4401*BQ36+1517.9369*BQ36^2-8419.8115*BQ36^3 -> 0.99755058 | BT36: =BR36/BS36 -> 1.0880598 | BU36: =IF(W36<=0,1,(BP36*BT36)) -> 0.53168658 | BV36: =IF(W36>1,BP36*BT36,1) -> 0.53168658 | BW36: =IF($R$5=0,1,BV36) -> 0.53168658 | BX36: =AD36*AW36 -> 17.923961 | BY36: =EW36*AX36 -> 0.31311452 | BZ36: =$V$10*(BX36+BY36)*86400 -> 34376.158 | CA36: =(AN36^BU36)*EZ36^(1-BU36) -> 0.2176183 | CB36: =2.2*10^-2*BZ36/CA36/$V$9 -> 20851.43 | CC36: =$CD$15/3.7065 -> 0.00016187778 | CD36: =5.0452/CB36 -> 0.00024195942 | CE36: =LOG(($CD$15^1.1098/2.8257)+(7.149/CB36)^0.8981) -> -3.0619638 | CF36: =-4*LOG(CC36-(CD36*CE36)) -> 12.177732 | CG36: =1/CF36^2 -> 0.0067432172 | CH36: =BU36*AD36+(1-BU36)*EW36 -> 27.400739 | CI36: =CG36*BZ36^2/($V$9)^5/CH36 -> 2.2613917e+09 | CJ36: =(1/144)*(CH36+(CI36/74130000000)) -> 0.19049476 | CK36: =CJ36*$CK$14 -> 38.098951 | CL36: =CL35+200 -> 3800 | CM36: =C36+CK36 -> 1172.8748 | CU36: =M36/$CS$18 -> 1.2726955 | CV36: 0.8 | CW36: =0.27*CU36/CV36/$CT$18 -> 0.25910644 | CX36: =($CW$12+$CY$12/$CT$18+$DA$12/$CT$18^3+$DC$12/$CT$18^4+$DE$12/$CT$18^5)*CW36 -> -0.11353837 | CY36: =($DG$12+$DI$12/$CT$18+$CW$13/$CT$18^2)*CW36^2 -> 0.011451091 | CZ36: =$CY$13*($DI$12/$CT$18+$CW$13/$CT$18^2)*CW36^5 -> -4.6485894e-05 | DA36: =$DA$13*(1+$DC$13*CW36^2)*(CW36^2/$CT$18^3) -> 0.0094769607 | DB36: =EXP(-$DC$13*CW36^2) -> 0.95274769 | DC36: =1+CX36+CY36-CZ36+DA36*DB36 -> 0.90698836 | DD36: =DC36-CV36 -> 0.10698836 | DE36: 0.85 | DF36: =0.27*CU36/DE36/$CT$18 -> 0.24386489 | DG36: =($CW$12+$CY$12/$CT$18+$DA$12/$CT$18^3+$DC$12/$CT$18^4+$DE$12/$CT$18^5)*DF36 -> -0.10685964 | DH36: =($DG$12+$DI$12/$CT$18+$CW$13/$CT$18^2)*DF36^2 -> 0.010143527 | DI36: =$CY$13*($DI$12/$CT$18+$CW$13/$CT$18^2)*DF36^5 -> -3.4330212e-05 | DJ36: =$DA$13*(1+$DC$13*DF36^2)*DF36^2/$CT$18^3 -> 0.0083505586 | DK36: =EXP(-$DC$13*DF36^2) -> 0.95802833 | DL36: =1+DG36+DH36-DI36+DJ36*DK36 -> 0.91131829 | DM36: =DL36-DE36 -> 0.061318287 | DN36: =(DM36-DD36)/(DE36-CV36) -> -0.91340146 | DO36: =CV36-DD36/DN36 -> 0.9171318 | DP36: =DE36 -> 0.85 | DQ36: =0.27*CU36/DP36/$CT$18 -> 0.24386489 | DR36: =($CW$12+$CY$12/$CT$18+$DA$12/$CT$18^3+$DC$12/$CT$18^4+$DE$12/$CT$18^5)*DQ36 -> -0.10685964 | DS36: =($DG$12+$DI$12/$CT$18+$CW$13/$CT$18^2)*DQ36^2 -> 0.010143527 | DT36: =$CY$13*($DI$12/$CT$18+$CW$13/$CT$18^2)*DQ36^5 -> -3.4330212e-05 | DU36: =$DA$13*(1+$DC$13*DQ36^2)*(DQ36^2/$CT$18^3) -> 0.0083505586 | DV36: =EXP(-$DC$13*DQ36^2) -> 0.95802833 | DW36: =1+DR36+DS36-DT36+DU36*DV36 -> 0.91131829 | DX36: =DW36-DP36 -> 0.061318287 | DY36: =DO36 -> 0.9171318 | DZ36: =0.27*CU36/DY36/$CT$18 -> 0.22601457 | EA36: =($CW$12+$CY$12/$CT$18+$DA$12/$CT$18^3+$DC$12/$CT$18^4+$DE$12/$CT$18^5)*DZ36 -> -0.099037777 | EB36: =($DG$12+$DI$12/$CT$18+$CW$13/$CT$18^2)*DZ36^2 -> 0.0087129121 | EC36: =$CY$13*($DI$12/$CT$18+$CW$13/$CT$18^2)*DZ36^5 -> -2.3475365e-05 | ED36: =$DA$13*(1+$DC$13*DZ36^2)*DZ36^2/$CT$18^3 -> 0.0071312256 | EE36: =EXP(-$DC$13*DZ36^2) -> 0.96383945 | EF36: =1+EA36+EB36-EC36+ED36*EE36 -> 0.91657197 | EG36: =EF36-DY36 -> -0.00055983701 | EH36: =(EG36-DX36)/(DY36-DP36) -> -0.92174083 | EI36: =DP36-DX36/EH36 -> 0.91652443 | EM36: =M36 -> 848.88792 | EW36: =(EM36*$EQ$18)/(DO36*10.73*$EL$18) -> 2.6199261 | EX36: =EW36/67.0176 -> 0.039093105 | EY36: =EXP($EU$18*EX36^$EV$18) -> 1.0847923 | EZ36: =$ET$18*10^-4*EY36 -> 0.0136035
